2026-03-11 00:02:27.091 +07:00 [INF] Crawling YouTube trends for region Global
2026-03-11 00:02:27.142 +07:00 [WRN] YouTube API key not configured, skipping collection
2026-03-11 00:02:27.142 +07:00 [INF] Saved 0 trends from YouTube (Global)
2026-03-11 00:02:27.142 +07:00 [INF] Crawling YouTube trends for region VN
2026-03-11 00:02:27.142 +07:00 [WRN] YouTube API key not configured, skipping collection
2026-03-11 00:02:27.142 +07:00 [INF] Saved 0 trends from YouTube (VN)
2026-03-11 00:02:27.142 +07:00 [INF] Crawling YouTube trends for region US
2026-03-11 00:02:27.142 +07:00 [WRN] YouTube API key not configured, skipping collection
2026-03-11 00:02:27.142 +07:00 [INF] Saved 0 trends from YouTube (US)
2026-03-11 00:02:27.143 +07:00 [INF] Crawling TikTok trends for region Global
2026-03-11 00:02:27.143 +07:00 [WRN] TikTok access token not configured, skipping collection
2026-03-11 00:02:27.143 +07:00 [INF] Saved 0 trends from TikTok (Global)
2026-03-11 00:02:27.143 +07:00 [INF] Crawling TikTok trends for region VN
2026-03-11 00:02:27.143 +07:00 [WRN] TikTok access token not configured, skipping collection
2026-03-11 00:02:27.143 +07:00 [INF] Saved 0 trends from TikTok (VN)
2026-03-11 00:02:27.143 +07:00 [INF] Crawling TikTok trends for region US
2026-03-11 00:02:27.143 +07:00 [WRN] TikTok access token not configured, skipping collection
2026-03-11 00:02:27.143 +07:00 [INF] Saved 0 trends from TikTok (US)
2026-03-11 00:02:27.143 +07:00 [INF] Crawling Google Trends trends for region Global
2026-03-11 00:02:27.728 +07:00 [ERR] Failed to collect Google Trends for region Global
System.Net.Http.HttpRequestException: Response status code does not indicate success: 404 (Not Found).
   at System.Net.Http.HttpResponseMessage.EnsureSuccessStatusCode()
   at System.Net.Http.HttpClient.GetStringAsyncCore(HttpRequestMessage request, CancellationToken cancellationToken)
   at AutoVeo.Infrastructure.External.GoogleTrendsCollector.CollectAsync(String region, CancellationToken ct) in /Users/macbook/Documents/Coding/AutoVeo/backend/src/AutoVeo.Infrastructure/External/TrendCollectors.cs:line 175
2026-03-11 00:02:27.732 +07:00 [INF] Saved 0 trends from Google Trends (Global)
2026-03-11 00:02:27.732 +07:00 [INF] Crawling Google Trends trends for region VN
2026-03-11 00:02:28.252 +07:00 [ERR] Failed to collect Google Trends for region VN
System.Net.Http.HttpRequestException: Response status code does not indicate success: 404 (Not Found).
   at System.Net.Http.HttpResponseMessage.EnsureSuccessStatusCode()
   at System.Net.Http.HttpClient.GetStringAsyncCore(HttpRequestMessage request, CancellationToken cancellationToken)
   at AutoVeo.Infrastructure.External.GoogleTrendsCollector.CollectAsync(String region, CancellationToken ct) in /Users/macbook/Documents/Coding/AutoVeo/backend/src/AutoVeo.Infrastructure/External/TrendCollectors.cs:line 175
2026-03-11 00:02:28.252 +07:00 [INF] Saved 0 trends from Google Trends (VN)
2026-03-11 00:02:28.252 +07:00 [INF] Crawling Google Trends trends for region US
2026-03-11 00:02:28.944 +07:00 [ERR] Failed to collect Google Trends for region US
System.Net.Http.HttpRequestException: Response status code does not indicate success: 404 (Not Found).
   at System.Net.Http.HttpResponseMessage.EnsureSuccessStatusCode()
   at System.Net.Http.HttpClient.GetStringAsyncCore(HttpRequestMessage request, CancellationToken cancellationToken)
   at AutoVeo.Infrastructure.External.GoogleTrendsCollector.CollectAsync(String region, CancellationToken ct) in /Users/macbook/Documents/Coding/AutoVeo/backend/src/AutoVeo.Infrastructure/External/TrendCollectors.cs:line 175
2026-03-11 00:02:28.945 +07:00 [INF] Saved 0 trends from Google Trends (US)
2026-03-11 01:02:28.838 +07:00 [INF] Crawling YouTube trends for region Global
2026-03-11 01:02:28.844 +07:00 [WRN] YouTube API key not configured, skipping collection
2026-03-11 01:02:28.852 +07:00 [INF] Saved 0 trends from YouTube (Global)
2026-03-11 01:02:28.852 +07:00 [INF] Crawling YouTube trends for region VN
2026-03-11 16:00:53.501 +07:00 [INF] TrendCrawlerWorker started
2026-03-11 16:00:53.538 +07:00 [INF] RenderPollerWorker started
2026-03-11 16:01:03.656 +07:00 [INF] Crawling YouTube trends for region Global
2026-03-11 16:01:04.070 +07:00 [ERR] Failed to collect YouTube trends for region Global
System.Net.Http.HttpRequestException: Response status code does not indicate success: 400 (Bad Request).
   at System.Net.Http.HttpResponseMessage.EnsureSuccessStatusCode()
   at AutoVeo.Infrastructure.External.YouTubeTrendCollector.CollectAsync(String region, CancellationToken ct) in /Users/macbook/Documents/Coding/AutoVeo/backend/src/AutoVeo.Infrastructure/External/TrendCollectors.cs:line 40
2026-03-11 16:01:04.093 +07:00 [INF] Saved 0 trends from YouTube (Global)
2026-03-11 16:01:04.095 +07:00 [INF] Crawling YouTube trends for region VN
2026-03-11 16:01:04.206 +07:00 [ERR] Failed to collect YouTube trends for region VN
System.Net.Http.HttpRequestException: Response status code does not indicate success: 400 (Bad Request).
   at System.Net.Http.HttpResponseMessage.EnsureSuccessStatusCode()
   at AutoVeo.Infrastructure.External.YouTubeTrendCollector.CollectAsync(String region, CancellationToken ct) in /Users/macbook/Documents/Coding/AutoVeo/backend/src/AutoVeo.Infrastructure/External/TrendCollectors.cs:line 40
2026-03-11 16:01:04.207 +07:00 [INF] Saved 0 trends from YouTube (VN)
2026-03-11 16:01:04.207 +07:00 [INF] Crawling YouTube trends for region US
2026-03-11 16:01:04.306 +07:00 [ERR] Failed to collect YouTube trends for region US
System.Net.Http.HttpRequestException: Response status code does not indicate success: 400 (Bad Request).
   at System.Net.Http.HttpResponseMessage.EnsureSuccessStatusCode()
   at AutoVeo.Infrastructure.External.YouTubeTrendCollector.CollectAsync(String region, CancellationToken ct) in /Users/macbook/Documents/Coding/AutoVeo/backend/src/AutoVeo.Infrastructure/External/TrendCollectors.cs:line 40
2026-03-11 16:01:04.306 +07:00 [INF] Saved 0 trends from YouTube (US)
2026-03-11 16:01:04.308 +07:00 [INF] Crawling TikTok trends for region Global
2026-03-11 16:01:05.584 +07:00 [ERR] Failed to collect TikTok trends for region Global
System.Net.Http.HttpRequestException: Response status code does not indicate success: 404 (Not Found).
   at System.Net.Http.HttpResponseMessage.EnsureSuccessStatusCode()
   at AutoVeo.Infrastructure.External.TikTokTrendCollector.CollectAsync(String region, CancellationToken ct) in /Users/macbook/Documents/Coding/AutoVeo/backend/src/AutoVeo.Infrastructure/External/TrendCollectors.cs:line 118
2026-03-11 16:01:05.586 +07:00 [INF] Saved 0 trends from TikTok (Global)
2026-03-11 16:01:05.586 +07:00 [INF] Crawling TikTok trends for region VN
2026-03-11 16:01:06.503 +07:00 [ERR] Failed to collect TikTok trends for region VN
System.Net.Http.HttpRequestException: Response status code does not indicate success: 404 (Not Found).
   at System.Net.Http.HttpResponseMessage.EnsureSuccessStatusCode()
   at AutoVeo.Infrastructure.External.TikTokTrendCollector.CollectAsync(String region, CancellationToken ct) in /Users/macbook/Documents/Coding/AutoVeo/backend/src/AutoVeo.Infrastructure/External/TrendCollectors.cs:line 118
2026-03-11 16:01:06.504 +07:00 [INF] Saved 0 trends from TikTok (VN)
2026-03-11 16:01:06.505 +07:00 [INF] Crawling TikTok trends for region US
2026-03-11 16:01:07.327 +07:00 [ERR] Failed to collect TikTok trends for region US
System.Net.Http.HttpRequestException: Response status code does not indicate success: 404 (Not Found).
   at System.Net.Http.HttpResponseMessage.EnsureSuccessStatusCode()
   at AutoVeo.Infrastructure.External.TikTokTrendCollector.CollectAsync(String region, CancellationToken ct) in /Users/macbook/Documents/Coding/AutoVeo/backend/src/AutoVeo.Infrastructure/External/TrendCollectors.cs:line 118
2026-03-11 16:01:07.328 +07:00 [INF] Saved 0 trends from TikTok (US)
2026-03-11 16:01:07.329 +07:00 [INF] Crawling Google Trends trends for region Global
2026-03-11 16:01:08.158 +07:00 [ERR] Failed to collect Google Trends for region Global
System.Net.Http.HttpRequestException: Response status code does not indicate success: 404 (Not Found).
   at System.Net.Http.HttpResponseMessage.EnsureSuccessStatusCode()
   at System.Net.Http.HttpClient.GetStringAsyncCore(HttpRequestMessage request, CancellationToken cancellationToken)
   at AutoVeo.Infrastructure.External.GoogleTrendsCollector.CollectAsync(String region, CancellationToken ct) in /Users/macbook/Documents/Coding/AutoVeo/backend/src/AutoVeo.Infrastructure/External/TrendCollectors.cs:line 175
2026-03-11 16:01:08.160 +07:00 [INF] Saved 0 trends from Google Trends (Global)
2026-03-11 16:01:08.160 +07:00 [INF] Crawling Google Trends trends for region VN
2026-03-11 16:01:08.492 +07:00 [ERR] Failed to collect Google Trends for region VN
System.Net.Http.HttpRequestException: Response status code does not indicate success: 404 (Not Found).
   at System.Net.Http.HttpResponseMessage.EnsureSuccessStatusCode()
   at System.Net.Http.HttpClient.GetStringAsyncCore(HttpRequestMessage request, CancellationToken cancellationToken)
   at AutoVeo.Infrastructure.External.GoogleTrendsCollector.CollectAsync(String region, CancellationToken ct) in /Users/macbook/Documents/Coding/AutoVeo/backend/src/AutoVeo.Infrastructure/External/TrendCollectors.cs:line 175
2026-03-11 16:01:08.493 +07:00 [INF] Saved 0 trends from Google Trends (VN)
2026-03-11 16:01:08.493 +07:00 [INF] Crawling Google Trends trends for region US
2026-03-11 16:01:09.067 +07:00 [ERR] Failed to collect Google Trends for region US
System.Net.Http.HttpRequestException: Response status code does not indicate success: 404 (Not Found).
   at System.Net.Http.HttpResponseMessage.EnsureSuccessStatusCode()
   at System.Net.Http.HttpClient.GetStringAsyncCore(HttpRequestMessage request, CancellationToken cancellationToken)
   at AutoVeo.Infrastructure.External.GoogleTrendsCollector.CollectAsync(String region, CancellationToken ct) in /Users/macbook/Documents/Coding/AutoVeo/backend/src/AutoVeo.Infrastructure/External/TrendCollectors.cs:line 175
2026-03-11 16:01:09.068 +07:00 [INF] Saved 0 trends from Google Trends (US)
2026-03-11 16:11:24.453 +07:00 [ERR] HTTP POST /api/auth/login responded 500 in 394.3675 ms
AutoVeo.Shared.Exceptions.UnauthorizedException: Invalid email or password.
   at AutoVeo.Infrastructure.Services.AuthService.LoginAsync(LoginRequest request, String ipAddress) in /Users/macbook/Documents/Coding/AutoVeo/backend/src/AutoVeo.Infrastructure/Services/AuthService.cs:line 47
   at AutoVeo.Api.Controllers.AuthController.Login(LoginRequest request) in /Users/macbook/Documents/Coding/AutoVeo/backend/src/AutoVeo.Api/Controllers/AuthController.cs:line 28
   at lambda_method91(Closure, Object)
   at Microsoft.AspNetCore.Mvc.Infrastructure.ActionMethodExecutor.AwaitableObjectResultExecutor.Execute(ActionContext actionContext, IActionResultTypeMapper mapper, ObjectMethodExecutor executor, Object controller, Object[] arguments)
   at Microsoft.AspNetCore.Mvc.Infrastructure.ControllerActionInvoker.<InvokeActionMethodAsync>g__Awaited|12_0(ControllerActionInvoker invoker, ValueTask`1 actionResultValueTask)
   at Microsoft.AspNetCore.Mvc.Infrastructure.ControllerActionInvoker.<InvokeNextActionFilterAsync>g__Awaited|10_0(ControllerActionInvoker invoker, Task lastTask, State next, Scope scope, Object state, Boolean isCompleted)
   at Microsoft.AspNetCore.Mvc.Infrastructure.ControllerActionInvoker.Rethrow(ActionExecutedContextSealed context)
   at Microsoft.AspNetCore.Mvc.Infrastructure.ControllerActionInvoker.Next(State& next, Scope& scope, Object& state, Boolean& isCompleted)
   at Microsoft.AspNetCore.Mvc.Infrastructure.ControllerActionInvoker.InvokeInnerFilterAsync()
--- End of stack trace from previous location ---
   at Microsoft.AspNetCore.Mvc.Infrastructure.ResourceInvoker.<InvokeFilterPipelineAsync>g__Awaited|20_0(ResourceInvoker invoker, Task lastTask, State next, Scope scope, Object state, Boolean isCompleted)
   at Microsoft.AspNetCore.Mvc.Infrastructure.ResourceInvoker.<InvokeAsync>g__Awaited|17_0(ResourceInvoker invoker, Task task, IDisposable scope)
   at Microsoft.AspNetCore.Mvc.Infrastructure.ResourceInvoker.<InvokeAsync>g__Awaited|17_0(ResourceInvoker invoker, Task task, IDisposable scope)
   at Microsoft.AspNetCore.Authorization.AuthorizationMiddleware.Invoke(HttpContext context)
   at Microsoft.AspNetCore.Authentication.AuthenticationMiddleware.Invoke(HttpContext context)
   at Microsoft.AspNetCore.RateLimiting.RateLimitingMiddleware.InvokeInternal(HttpContext context, EnableRateLimitingAttribute enableRateLimitingAttribute)
   at Serilog.AspNetCore.RequestLoggingMiddleware.Invoke(HttpContext httpContext)
2026-03-11 16:11:24.459 +07:00 [WRN] Application error: Invalid email or password.
AutoVeo.Shared.Exceptions.UnauthorizedException: Invalid email or password.
   at AutoVeo.Infrastructure.Services.AuthService.LoginAsync(LoginRequest request, String ipAddress) in /Users/macbook/Documents/Coding/AutoVeo/backend/src/AutoVeo.Infrastructure/Services/AuthService.cs:line 47
   at AutoVeo.Api.Controllers.AuthController.Login(LoginRequest request) in /Users/macbook/Documents/Coding/AutoVeo/backend/src/AutoVeo.Api/Controllers/AuthController.cs:line 28
   at lambda_method91(Closure, Object)
   at Microsoft.AspNetCore.Mvc.Infrastructure.ActionMethodExecutor.AwaitableObjectResultExecutor.Execute(ActionContext actionContext, IActionResultTypeMapper mapper, ObjectMethodExecutor executor, Object controller, Object[] arguments)
   at Microsoft.AspNetCore.Mvc.Infrastructure.ControllerActionInvoker.<InvokeActionMethodAsync>g__Awaited|12_0(ControllerActionInvoker invoker, ValueTask`1 actionResultValueTask)
   at Microsoft.AspNetCore.Mvc.Infrastructure.ControllerActionInvoker.<InvokeNextActionFilterAsync>g__Awaited|10_0(ControllerActionInvoker invoker, Task lastTask, State next, Scope scope, Object state, Boolean isCompleted)
   at Microsoft.AspNetCore.Mvc.Infrastructure.ControllerActionInvoker.Rethrow(ActionExecutedContextSealed context)
   at Microsoft.AspNetCore.Mvc.Infrastructure.ControllerActionInvoker.Next(State& next, Scope& scope, Object& state, Boolean& isCompleted)
   at Microsoft.AspNetCore.Mvc.Infrastructure.ControllerActionInvoker.InvokeInnerFilterAsync()
--- End of stack trace from previous location ---
   at Microsoft.AspNetCore.Mvc.Infrastructure.ResourceInvoker.<InvokeFilterPipelineAsync>g__Awaited|20_0(ResourceInvoker invoker, Task lastTask, State next, Scope scope, Object state, Boolean isCompleted)
   at Microsoft.AspNetCore.Mvc.Infrastructure.ResourceInvoker.<InvokeAsync>g__Awaited|17_0(ResourceInvoker invoker, Task task, IDisposable scope)
   at Microsoft.AspNetCore.Mvc.Infrastructure.ResourceInvoker.<InvokeAsync>g__Awaited|17_0(ResourceInvoker invoker, Task task, IDisposable scope)
   at Microsoft.AspNetCore.Authorization.AuthorizationMiddleware.Invoke(HttpContext context)
   at Microsoft.AspNetCore.Authentication.AuthenticationMiddleware.Invoke(HttpContext context)
   at Microsoft.AspNetCore.RateLimiting.RateLimitingMiddleware.InvokeInternal(HttpContext context, EnableRateLimitingAttribute enableRateLimitingAttribute)
   at Serilog.AspNetCore.RequestLoggingMiddleware.Invoke(HttpContext httpContext)
   at AutoVeo.Shared.Middleware.ErrorHandlingMiddleware.InvokeAsync(HttpContext context) in /Users/macbook/Documents/Coding/AutoVeo/backend/src/AutoVeo.Shared/Middleware/ErrorHandlingMiddleware.cs:line 25
2026-03-11 16:11:24.738 +07:00 [ERR] HTTP POST /api/auth/login responded 500 in 257.9059 ms
AutoVeo.Shared.Exceptions.UnauthorizedException: Invalid email or password.
   at AutoVeo.Infrastructure.Services.AuthService.LoginAsync(LoginRequest request, String ipAddress) in /Users/macbook/Documents/Coding/AutoVeo/backend/src/AutoVeo.Infrastructure/Services/AuthService.cs:line 47
   at AutoVeo.Api.Controllers.AuthController.Login(LoginRequest request) in /Users/macbook/Documents/Coding/AutoVeo/backend/src/AutoVeo.Api/Controllers/AuthController.cs:line 28
   at lambda_method91(Closure, Object)
   at Microsoft.AspNetCore.Mvc.Infrastructure.ActionMethodExecutor.AwaitableObjectResultExecutor.Execute(ActionContext actionContext, IActionResultTypeMapper mapper, ObjectMethodExecutor executor, Object controller, Object[] arguments)
   at Microsoft.AspNetCore.Mvc.Infrastructure.ControllerActionInvoker.<InvokeActionMethodAsync>g__Awaited|12_0(ControllerActionInvoker invoker, ValueTask`1 actionResultValueTask)
   at Microsoft.AspNetCore.Mvc.Infrastructure.ControllerActionInvoker.<InvokeNextActionFilterAsync>g__Awaited|10_0(ControllerActionInvoker invoker, Task lastTask, State next, Scope scope, Object state, Boolean isCompleted)
   at Microsoft.AspNetCore.Mvc.Infrastructure.ControllerActionInvoker.Rethrow(ActionExecutedContextSealed context)
   at Microsoft.AspNetCore.Mvc.Infrastructure.ControllerActionInvoker.Next(State& next, Scope& scope, Object& state, Boolean& isCompleted)
   at Microsoft.AspNetCore.Mvc.Infrastructure.ControllerActionInvoker.InvokeInnerFilterAsync()
--- End of stack trace from previous location ---
   at Microsoft.AspNetCore.Mvc.Infrastructure.ResourceInvoker.<InvokeFilterPipelineAsync>g__Awaited|20_0(ResourceInvoker invoker, Task lastTask, State next, Scope scope, Object state, Boolean isCompleted)
   at Microsoft.AspNetCore.Mvc.Infrastructure.ResourceInvoker.<InvokeAsync>g__Awaited|17_0(ResourceInvoker invoker, Task task, IDisposable scope)
   at Microsoft.AspNetCore.Mvc.Infrastructure.ResourceInvoker.<InvokeAsync>g__Awaited|17_0(ResourceInvoker invoker, Task task, IDisposable scope)
   at Microsoft.AspNetCore.Authorization.AuthorizationMiddleware.Invoke(HttpContext context)
   at Microsoft.AspNetCore.Authentication.AuthenticationMiddleware.Invoke(HttpContext context)
   at Microsoft.AspNetCore.RateLimiting.RateLimitingMiddleware.InvokeInternal(HttpContext context, EnableRateLimitingAttribute enableRateLimitingAttribute)
   at Serilog.AspNetCore.RequestLoggingMiddleware.Invoke(HttpContext httpContext)
2026-03-11 16:11:24.738 +07:00 [WRN] Application error: Invalid email or password.
AutoVeo.Shared.Exceptions.UnauthorizedException: Invalid email or password.
   at AutoVeo.Infrastructure.Services.AuthService.LoginAsync(LoginRequest request, String ipAddress) in /Users/macbook/Documents/Coding/AutoVeo/backend/src/AutoVeo.Infrastructure/Services/AuthService.cs:line 47
   at AutoVeo.Api.Controllers.AuthController.Login(LoginRequest request) in /Users/macbook/Documents/Coding/AutoVeo/backend/src/AutoVeo.Api/Controllers/AuthController.cs:line 28
   at lambda_method91(Closure, Object)
   at Microsoft.AspNetCore.Mvc.Infrastructure.ActionMethodExecutor.AwaitableObjectResultExecutor.Execute(ActionContext actionContext, IActionResultTypeMapper mapper, ObjectMethodExecutor executor, Object controller, Object[] arguments)
   at Microsoft.AspNetCore.Mvc.Infrastructure.ControllerActionInvoker.<InvokeActionMethodAsync>g__Awaited|12_0(ControllerActionInvoker invoker, ValueTask`1 actionResultValueTask)
   at Microsoft.AspNetCore.Mvc.Infrastructure.ControllerActionInvoker.<InvokeNextActionFilterAsync>g__Awaited|10_0(ControllerActionInvoker invoker, Task lastTask, State next, Scope scope, Object state, Boolean isCompleted)
   at Microsoft.AspNetCore.Mvc.Infrastructure.ControllerActionInvoker.Rethrow(ActionExecutedContextSealed context)
   at Microsoft.AspNetCore.Mvc.Infrastructure.ControllerActionInvoker.Next(State& next, Scope& scope, Object& state, Boolean& isCompleted)
   at Microsoft.AspNetCore.Mvc.Infrastructure.ControllerActionInvoker.InvokeInnerFilterAsync()
--- End of stack trace from previous location ---
   at Microsoft.AspNetCore.Mvc.Infrastructure.ResourceInvoker.<InvokeFilterPipelineAsync>g__Awaited|20_0(ResourceInvoker invoker, Task lastTask, State next, Scope scope, Object state, Boolean isCompleted)
   at Microsoft.AspNetCore.Mvc.Infrastructure.ResourceInvoker.<InvokeAsync>g__Awaited|17_0(ResourceInvoker invoker, Task task, IDisposable scope)
   at Microsoft.AspNetCore.Mvc.Infrastructure.ResourceInvoker.<InvokeAsync>g__Awaited|17_0(ResourceInvoker invoker, Task task, IDisposable scope)
   at Microsoft.AspNetCore.Authorization.AuthorizationMiddleware.Invoke(HttpContext context)
   at Microsoft.AspNetCore.Authentication.AuthenticationMiddleware.Invoke(HttpContext context)
   at Microsoft.AspNetCore.RateLimiting.RateLimitingMiddleware.InvokeInternal(HttpContext context, EnableRateLimitingAttribute enableRateLimitingAttribute)
   at Serilog.AspNetCore.RequestLoggingMiddleware.Invoke(HttpContext httpContext)
   at AutoVeo.Shared.Middleware.ErrorHandlingMiddleware.InvokeAsync(HttpContext context) in /Users/macbook/Documents/Coding/AutoVeo/backend/src/AutoVeo.Shared/Middleware/ErrorHandlingMiddleware.cs:line 25
2026-03-11 16:20:28.924 +07:00 [INF] TrendCrawlerWorker started
2026-03-11 16:20:28.957 +07:00 [INF] RenderPollerWorker started
2026-03-11 16:20:39.051 +07:00 [INF] Crawling YouTube trends for region Global
2026-03-11 16:20:39.939 +07:00 [ERR] Failed to collect YouTube trends for region Global
System.Net.Http.HttpRequestException: Response status code does not indicate success: 400 (Bad Request).
   at System.Net.Http.HttpResponseMessage.EnsureSuccessStatusCode()
   at AutoVeo.Infrastructure.External.YouTubeTrendCollector.CollectAsync(String region, CancellationToken ct) in /Users/macbook/Documents/Coding/AutoVeo/backend/src/AutoVeo.Infrastructure/External/TrendCollectors.cs:line 40
2026-03-11 16:20:39.956 +07:00 [INF] Saved 0 trends from YouTube (Global)
2026-03-11 16:20:39.957 +07:00 [INF] Crawling YouTube trends for region VN
2026-03-11 16:20:40.184 +07:00 [ERR] Failed to collect YouTube trends for region VN
System.Net.Http.HttpRequestException: Response status code does not indicate success: 400 (Bad Request).
   at System.Net.Http.HttpResponseMessage.EnsureSuccessStatusCode()
   at AutoVeo.Infrastructure.External.YouTubeTrendCollector.CollectAsync(String region, CancellationToken ct) in /Users/macbook/Documents/Coding/AutoVeo/backend/src/AutoVeo.Infrastructure/External/TrendCollectors.cs:line 40
2026-03-11 16:20:40.184 +07:00 [INF] Saved 0 trends from YouTube (VN)
2026-03-11 16:20:40.184 +07:00 [INF] Crawling YouTube trends for region US
2026-03-11 16:20:40.352 +07:00 [ERR] Failed to collect YouTube trends for region US
System.Net.Http.HttpRequestException: Response status code does not indicate success: 400 (Bad Request).
   at System.Net.Http.HttpResponseMessage.EnsureSuccessStatusCode()
   at AutoVeo.Infrastructure.External.YouTubeTrendCollector.CollectAsync(String region, CancellationToken ct) in /Users/macbook/Documents/Coding/AutoVeo/backend/src/AutoVeo.Infrastructure/External/TrendCollectors.cs:line 40
2026-03-11 16:20:40.352 +07:00 [INF] Saved 0 trends from YouTube (US)
2026-03-11 16:20:40.355 +07:00 [INF] Crawling TikTok trends for region Global
2026-03-11 16:20:41.853 +07:00 [ERR] Failed to collect TikTok trends for region Global
System.Net.Http.HttpRequestException: Response status code does not indicate success: 404 (Not Found).
   at System.Net.Http.HttpResponseMessage.EnsureSuccessStatusCode()
   at AutoVeo.Infrastructure.External.TikTokTrendCollector.CollectAsync(String region, CancellationToken ct) in /Users/macbook/Documents/Coding/AutoVeo/backend/src/AutoVeo.Infrastructure/External/TrendCollectors.cs:line 118
2026-03-11 16:20:41.855 +07:00 [INF] Saved 0 trends from TikTok (Global)
2026-03-11 16:20:41.855 +07:00 [INF] Crawling TikTok trends for region VN
2026-03-11 16:20:42.655 +07:00 [ERR] Failed to collect TikTok trends for region VN
System.Net.Http.HttpRequestException: Response status code does not indicate success: 404 (Not Found).
   at System.Net.Http.HttpResponseMessage.EnsureSuccessStatusCode()
   at AutoVeo.Infrastructure.External.TikTokTrendCollector.CollectAsync(String region, CancellationToken ct) in /Users/macbook/Documents/Coding/AutoVeo/backend/src/AutoVeo.Infrastructure/External/TrendCollectors.cs:line 118
2026-03-11 16:20:42.656 +07:00 [INF] Saved 0 trends from TikTok (VN)
2026-03-11 16:20:42.656 +07:00 [INF] Crawling TikTok trends for region US
2026-03-11 16:20:43.271 +07:00 [ERR] Failed to collect TikTok trends for region US
System.Net.Http.HttpRequestException: Response status code does not indicate success: 404 (Not Found).
   at System.Net.Http.HttpResponseMessage.EnsureSuccessStatusCode()
   at AutoVeo.Infrastructure.External.TikTokTrendCollector.CollectAsync(String region, CancellationToken ct) in /Users/macbook/Documents/Coding/AutoVeo/backend/src/AutoVeo.Infrastructure/External/TrendCollectors.cs:line 118
2026-03-11 16:20:43.272 +07:00 [INF] Saved 0 trends from TikTok (US)
2026-03-11 16:20:43.273 +07:00 [INF] Crawling Google Trends trends for region Global
2026-03-11 16:20:44.500 +07:00 [ERR] Failed to collect Google Trends for region Global
System.Net.Http.HttpRequestException: Response status code does not indicate success: 404 (Not Found).
   at System.Net.Http.HttpResponseMessage.EnsureSuccessStatusCode()
   at System.Net.Http.HttpClient.GetStringAsyncCore(HttpRequestMessage request, CancellationToken cancellationToken)
   at AutoVeo.Infrastructure.External.GoogleTrendsCollector.CollectAsync(String region, CancellationToken ct) in /Users/macbook/Documents/Coding/AutoVeo/backend/src/AutoVeo.Infrastructure/External/TrendCollectors.cs:line 175
2026-03-11 16:20:44.501 +07:00 [INF] Saved 0 trends from Google Trends (Global)
2026-03-11 16:20:44.501 +07:00 [INF] Crawling Google Trends trends for region VN
2026-03-11 16:20:45.150 +07:00 [ERR] Failed to collect Google Trends for region VN
System.Net.Http.HttpRequestException: Response status code does not indicate success: 404 (Not Found).
   at System.Net.Http.HttpResponseMessage.EnsureSuccessStatusCode()
   at System.Net.Http.HttpClient.GetStringAsyncCore(HttpRequestMessage request, CancellationToken cancellationToken)
   at AutoVeo.Infrastructure.External.GoogleTrendsCollector.CollectAsync(String region, CancellationToken ct) in /Users/macbook/Documents/Coding/AutoVeo/backend/src/AutoVeo.Infrastructure/External/TrendCollectors.cs:line 175
2026-03-11 16:20:45.151 +07:00 [INF] Saved 0 trends from Google Trends (VN)
2026-03-11 16:20:45.151 +07:00 [INF] Crawling Google Trends trends for region US
2026-03-11 16:20:45.838 +07:00 [ERR] Failed to collect Google Trends for region US
System.Net.Http.HttpRequestException: Response status code does not indicate success: 404 (Not Found).
   at System.Net.Http.HttpResponseMessage.EnsureSuccessStatusCode()
   at System.Net.Http.HttpClient.GetStringAsyncCore(HttpRequestMessage request, CancellationToken cancellationToken)
   at AutoVeo.Infrastructure.External.GoogleTrendsCollector.CollectAsync(String region, CancellationToken ct) in /Users/macbook/Documents/Coding/AutoVeo/backend/src/AutoVeo.Infrastructure/External/TrendCollectors.cs:line 175
2026-03-11 16:20:45.840 +07:00 [INF] Saved 0 trends from Google Trends (US)
2026-03-11 16:24:55.280 +07:00 [INF] TrendCrawlerWorker started
2026-03-11 16:24:55.311 +07:00 [INF] RenderPollerWorker started
2026-03-11 16:25:05.405 +07:00 [INF] Crawling YouTube trends for region Global
2026-03-11 16:25:06.009 +07:00 [ERR] Failed to collect YouTube trends for region Global
System.Net.Http.HttpRequestException: Response status code does not indicate success: 400 (Bad Request).
   at System.Net.Http.HttpResponseMessage.EnsureSuccessStatusCode()
   at AutoVeo.Infrastructure.External.YouTubeTrendCollector.CollectAsync(String region, CancellationToken ct) in /Users/macbook/Documents/Coding/AutoVeo/backend/src/AutoVeo.Infrastructure/External/TrendCollectors.cs:line 40
2026-03-11 16:25:06.021 +07:00 [INF] Saved 0 trends from YouTube (Global)
2026-03-11 16:25:06.022 +07:00 [INF] Crawling YouTube trends for region VN
2026-03-11 16:25:06.123 +07:00 [ERR] Failed to collect YouTube trends for region VN
System.Net.Http.HttpRequestException: Response status code does not indicate success: 400 (Bad Request).
   at System.Net.Http.HttpResponseMessage.EnsureSuccessStatusCode()
   at AutoVeo.Infrastructure.External.YouTubeTrendCollector.CollectAsync(String region, CancellationToken ct) in /Users/macbook/Documents/Coding/AutoVeo/backend/src/AutoVeo.Infrastructure/External/TrendCollectors.cs:line 40
2026-03-11 16:25:06.124 +07:00 [INF] Saved 0 trends from YouTube (VN)
2026-03-11 16:25:06.124 +07:00 [INF] Crawling YouTube trends for region US
2026-03-11 16:25:06.270 +07:00 [ERR] Failed to collect YouTube trends for region US
System.Net.Http.HttpRequestException: Response status code does not indicate success: 400 (Bad Request).
   at System.Net.Http.HttpResponseMessage.EnsureSuccessStatusCode()
   at AutoVeo.Infrastructure.External.YouTubeTrendCollector.CollectAsync(String region, CancellationToken ct) in /Users/macbook/Documents/Coding/AutoVeo/backend/src/AutoVeo.Infrastructure/External/TrendCollectors.cs:line 40
2026-03-11 16:25:06.270 +07:00 [INF] Saved 0 trends from YouTube (US)
2026-03-11 16:25:06.272 +07:00 [INF] Crawling TikTok trends for region Global
2026-03-11 16:25:07.300 +07:00 [ERR] Failed to collect TikTok trends for region Global
System.Net.Http.HttpRequestException: Response status code does not indicate success: 404 (Not Found).
   at System.Net.Http.HttpResponseMessage.EnsureSuccessStatusCode()
   at AutoVeo.Infrastructure.External.TikTokTrendCollector.CollectAsync(String region, CancellationToken ct) in /Users/macbook/Documents/Coding/AutoVeo/backend/src/AutoVeo.Infrastructure/External/TrendCollectors.cs:line 118
2026-03-11 16:25:07.301 +07:00 [INF] Saved 0 trends from TikTok (Global)
2026-03-11 16:25:07.301 +07:00 [INF] Crawling TikTok trends for region VN
2026-03-11 16:25:08.326 +07:00 [ERR] Failed to collect TikTok trends for region VN
System.Net.Http.HttpRequestException: Response status code does not indicate success: 404 (Not Found).
   at System.Net.Http.HttpResponseMessage.EnsureSuccessStatusCode()
   at AutoVeo.Infrastructure.External.TikTokTrendCollector.CollectAsync(String region, CancellationToken ct) in /Users/macbook/Documents/Coding/AutoVeo/backend/src/AutoVeo.Infrastructure/External/TrendCollectors.cs:line 118
2026-03-11 16:25:08.327 +07:00 [INF] Saved 0 trends from TikTok (VN)
2026-03-11 16:25:08.327 +07:00 [INF] Crawling TikTok trends for region US
2026-03-11 16:25:09.010 +07:00 [ERR] Failed to collect TikTok trends for region US
System.Net.Http.HttpRequestException: Response status code does not indicate success: 404 (Not Found).
   at System.Net.Http.HttpResponseMessage.EnsureSuccessStatusCode()
   at AutoVeo.Infrastructure.External.TikTokTrendCollector.CollectAsync(String region, CancellationToken ct) in /Users/macbook/Documents/Coding/AutoVeo/backend/src/AutoVeo.Infrastructure/External/TrendCollectors.cs:line 118
2026-03-11 16:25:09.011 +07:00 [INF] Saved 0 trends from TikTok (US)
2026-03-11 16:25:09.012 +07:00 [INF] Crawling Google Trends trends for region Global
2026-03-11 16:25:09.837 +07:00 [ERR] Failed to collect Google Trends for region Global
System.Net.Http.HttpRequestException: Response status code does not indicate success: 404 (Not Found).
   at System.Net.Http.HttpResponseMessage.EnsureSuccessStatusCode()
   at System.Net.Http.HttpClient.GetStringAsyncCore(HttpRequestMessage request, CancellationToken cancellationToken)
   at AutoVeo.Infrastructure.External.GoogleTrendsCollector.CollectAsync(String region, CancellationToken ct) in /Users/macbook/Documents/Coding/AutoVeo/backend/src/AutoVeo.Infrastructure/External/TrendCollectors.cs:line 175
2026-03-11 16:25:09.840 +07:00 [INF] Saved 0 trends from Google Trends (Global)
2026-03-11 16:25:09.840 +07:00 [INF] Crawling Google Trends trends for region VN
2026-03-11 16:25:10.628 +07:00 [ERR] Failed to collect Google Trends for region VN
System.Net.Http.HttpRequestException: Response status code does not indicate success: 404 (Not Found).
   at System.Net.Http.HttpResponseMessage.EnsureSuccessStatusCode()
   at System.Net.Http.HttpClient.GetStringAsyncCore(HttpRequestMessage request, CancellationToken cancellationToken)
   at AutoVeo.Infrastructure.External.GoogleTrendsCollector.CollectAsync(String region, CancellationToken ct) in /Users/macbook/Documents/Coding/AutoVeo/backend/src/AutoVeo.Infrastructure/External/TrendCollectors.cs:line 175
2026-03-11 16:25:10.629 +07:00 [INF] Saved 0 trends from Google Trends (VN)
2026-03-11 16:25:10.629 +07:00 [INF] Crawling Google Trends trends for region US
2026-03-11 16:25:11.232 +07:00 [ERR] Failed to collect Google Trends for region US
System.Net.Http.HttpRequestException: Response status code does not indicate success: 404 (Not Found).
   at System.Net.Http.HttpResponseMessage.EnsureSuccessStatusCode()
   at System.Net.Http.HttpClient.GetStringAsyncCore(HttpRequestMessage request, CancellationToken cancellationToken)
   at AutoVeo.Infrastructure.External.GoogleTrendsCollector.CollectAsync(String region, CancellationToken ct) in /Users/macbook/Documents/Coding/AutoVeo/backend/src/AutoVeo.Infrastructure/External/TrendCollectors.cs:line 175
2026-03-11 16:25:11.233 +07:00 [INF] Saved 0 trends from Google Trends (US)
2026-03-11 16:30:39.545 +07:00 [INF] TrendCrawlerWorker started
2026-03-11 16:30:39.576 +07:00 [INF] RenderPollerWorker started
2026-03-11 16:30:49.680 +07:00 [INF] Crawling YouTube trends for region Global
2026-03-11 16:30:50.153 +07:00 [ERR] Failed to collect YouTube trends for region Global
System.Net.Http.HttpRequestException: Response status code does not indicate success: 400 (Bad Request).
   at System.Net.Http.HttpResponseMessage.EnsureSuccessStatusCode()
   at AutoVeo.Infrastructure.External.YouTubeTrendCollector.CollectAsync(String region, CancellationToken ct) in /Users/macbook/Documents/Coding/AutoVeo/backend/src/AutoVeo.Infrastructure/External/TrendCollectors.cs:line 40
2026-03-11 16:30:50.175 +07:00 [INF] Saved 0 trends from YouTube (Global)
2026-03-11 16:30:50.177 +07:00 [INF] Crawling YouTube trends for region VN
2026-03-11 16:30:50.308 +07:00 [ERR] Failed to collect YouTube trends for region VN
System.Net.Http.HttpRequestException: Response status code does not indicate success: 400 (Bad Request).
   at System.Net.Http.HttpResponseMessage.EnsureSuccessStatusCode()
   at AutoVeo.Infrastructure.External.YouTubeTrendCollector.CollectAsync(String region, CancellationToken ct) in /Users/macbook/Documents/Coding/AutoVeo/backend/src/AutoVeo.Infrastructure/External/TrendCollectors.cs:line 40
2026-03-11 16:30:50.308 +07:00 [INF] Saved 0 trends from YouTube (VN)
2026-03-11 16:30:50.308 +07:00 [INF] Crawling YouTube trends for region US
2026-03-11 16:30:50.390 +07:00 [ERR] Failed to collect YouTube trends for region US
System.Net.Http.HttpRequestException: Response status code does not indicate success: 400 (Bad Request).
   at System.Net.Http.HttpResponseMessage.EnsureSuccessStatusCode()
   at AutoVeo.Infrastructure.External.YouTubeTrendCollector.CollectAsync(String region, CancellationToken ct) in /Users/macbook/Documents/Coding/AutoVeo/backend/src/AutoVeo.Infrastructure/External/TrendCollectors.cs:line 40
2026-03-11 16:30:50.391 +07:00 [INF] Saved 0 trends from YouTube (US)
2026-03-11 16:30:50.394 +07:00 [INF] Crawling TikTok trends for region Global
2026-03-11 16:30:51.542 +07:00 [ERR] Failed to collect TikTok trends for region Global
System.Net.Http.HttpRequestException: Response status code does not indicate success: 404 (Not Found).
   at System.Net.Http.HttpResponseMessage.EnsureSuccessStatusCode()
   at AutoVeo.Infrastructure.External.TikTokTrendCollector.CollectAsync(String region, CancellationToken ct) in /Users/macbook/Documents/Coding/AutoVeo/backend/src/AutoVeo.Infrastructure/External/TrendCollectors.cs:line 118
2026-03-11 16:30:51.543 +07:00 [INF] Saved 0 trends from TikTok (Global)
2026-03-11 16:30:51.543 +07:00 [INF] Crawling TikTok trends for region VN
2026-03-11 16:30:52.466 +07:00 [ERR] Failed to collect TikTok trends for region VN
System.Net.Http.HttpRequestException: Response status code does not indicate success: 404 (Not Found).
   at System.Net.Http.HttpResponseMessage.EnsureSuccessStatusCode()
   at AutoVeo.Infrastructure.External.TikTokTrendCollector.CollectAsync(String region, CancellationToken ct) in /Users/macbook/Documents/Coding/AutoVeo/backend/src/AutoVeo.Infrastructure/External/TrendCollectors.cs:line 118
2026-03-11 16:30:52.468 +07:00 [INF] Saved 0 trends from TikTok (VN)
2026-03-11 16:30:52.468 +07:00 [INF] Crawling TikTok trends for region US
2026-03-11 16:30:53.420 +07:00 [ERR] Failed to collect TikTok trends for region US
System.Net.Http.HttpRequestException: Response status code does not indicate success: 404 (Not Found).
   at System.Net.Http.HttpResponseMessage.EnsureSuccessStatusCode()
   at AutoVeo.Infrastructure.External.TikTokTrendCollector.CollectAsync(String region, CancellationToken ct) in /Users/macbook/Documents/Coding/AutoVeo/backend/src/AutoVeo.Infrastructure/External/TrendCollectors.cs:line 118
2026-03-11 16:30:53.421 +07:00 [INF] Saved 0 trends from TikTok (US)
2026-03-11 16:30:53.423 +07:00 [INF] Crawling Google Trends trends for region Global
2026-03-11 16:30:54.370 +07:00 [ERR] Failed to collect Google Trends for region Global
System.Net.Http.HttpRequestException: Response status code does not indicate success: 404 (Not Found).
   at System.Net.Http.HttpResponseMessage.EnsureSuccessStatusCode()
   at System.Net.Http.HttpClient.GetStringAsyncCore(HttpRequestMessage request, CancellationToken cancellationToken)
   at AutoVeo.Infrastructure.External.GoogleTrendsCollector.CollectAsync(String region, CancellationToken ct) in /Users/macbook/Documents/Coding/AutoVeo/backend/src/AutoVeo.Infrastructure/External/TrendCollectors.cs:line 175
2026-03-11 16:30:54.372 +07:00 [INF] Saved 0 trends from Google Trends (Global)
2026-03-11 16:30:54.372 +07:00 [INF] Crawling Google Trends trends for region VN
2026-03-11 16:30:54.948 +07:00 [ERR] Failed to collect Google Trends for region VN
System.Net.Http.HttpRequestException: Response status code does not indicate success: 404 (Not Found).
   at System.Net.Http.HttpResponseMessage.EnsureSuccessStatusCode()
   at System.Net.Http.HttpClient.GetStringAsyncCore(HttpRequestMessage request, CancellationToken cancellationToken)
   at AutoVeo.Infrastructure.External.GoogleTrendsCollector.CollectAsync(String region, CancellationToken ct) in /Users/macbook/Documents/Coding/AutoVeo/backend/src/AutoVeo.Infrastructure/External/TrendCollectors.cs:line 175
2026-03-11 16:30:54.948 +07:00 [INF] Saved 0 trends from Google Trends (VN)
2026-03-11 16:30:54.948 +07:00 [INF] Crawling Google Trends trends for region US
2026-03-11 16:30:55.429 +07:00 [ERR] Failed to collect Google Trends for region US
System.Net.Http.HttpRequestException: Response status code does not indicate success: 404 (Not Found).
   at System.Net.Http.HttpResponseMessage.EnsureSuccessStatusCode()
   at System.Net.Http.HttpClient.GetStringAsyncCore(HttpRequestMessage request, CancellationToken cancellationToken)
   at AutoVeo.Infrastructure.External.GoogleTrendsCollector.CollectAsync(String region, CancellationToken ct) in /Users/macbook/Documents/Coding/AutoVeo/backend/src/AutoVeo.Infrastructure/External/TrendCollectors.cs:line 175
2026-03-11 16:30:55.430 +07:00 [INF] Saved 0 trends from Google Trends (US)
2026-03-11 16:41:16.866 +07:00 [INF] TrendCrawlerWorker started
2026-03-11 16:41:16.895 +07:00 [INF] RenderPollerWorker started
2026-03-11 16:41:26.987 +07:00 [INF] Crawling YouTube trends for region Global
2026-03-11 16:41:27.619 +07:00 [ERR] Failed to collect YouTube trends for region Global
System.Net.Http.HttpRequestException: Response status code does not indicate success: 400 (Bad Request).
   at System.Net.Http.HttpResponseMessage.EnsureSuccessStatusCode()
   at AutoVeo.Infrastructure.External.YouTubeTrendCollector.CollectAsync(String region, CancellationToken ct) in /Users/macbook/Documents/Coding/AutoVeo/backend/src/AutoVeo.Infrastructure/External/TrendCollectors.cs:line 40
2026-03-11 16:41:27.639 +07:00 [INF] Saved 0 trends from YouTube (Global)
2026-03-11 16:41:27.641 +07:00 [INF] Crawling YouTube trends for region VN
2026-03-11 16:41:27.778 +07:00 [ERR] Failed to collect YouTube trends for region VN
System.Net.Http.HttpRequestException: Response status code does not indicate success: 400 (Bad Request).
   at System.Net.Http.HttpResponseMessage.EnsureSuccessStatusCode()
   at AutoVeo.Infrastructure.External.YouTubeTrendCollector.CollectAsync(String region, CancellationToken ct) in /Users/macbook/Documents/Coding/AutoVeo/backend/src/AutoVeo.Infrastructure/External/TrendCollectors.cs:line 40
2026-03-11 16:41:27.778 +07:00 [INF] Saved 0 trends from YouTube (VN)
2026-03-11 16:41:27.779 +07:00 [INF] Crawling YouTube trends for region US
2026-03-11 16:41:27.880 +07:00 [ERR] Failed to collect YouTube trends for region US
System.Net.Http.HttpRequestException: Response status code does not indicate success: 400 (Bad Request).
   at System.Net.Http.HttpResponseMessage.EnsureSuccessStatusCode()
   at AutoVeo.Infrastructure.External.YouTubeTrendCollector.CollectAsync(String region, CancellationToken ct) in /Users/macbook/Documents/Coding/AutoVeo/backend/src/AutoVeo.Infrastructure/External/TrendCollectors.cs:line 40
2026-03-11 16:41:27.880 +07:00 [INF] Saved 0 trends from YouTube (US)
2026-03-11 16:41:27.882 +07:00 [INF] Crawling TikTok trends for region Global
2026-03-11 16:41:28.886 +07:00 [ERR] Failed to collect TikTok trends for region Global
System.Net.Http.HttpRequestException: Response status code does not indicate success: 404 (Not Found).
   at System.Net.Http.HttpResponseMessage.EnsureSuccessStatusCode()
   at AutoVeo.Infrastructure.External.TikTokTrendCollector.CollectAsync(String region, CancellationToken ct) in /Users/macbook/Documents/Coding/AutoVeo/backend/src/AutoVeo.Infrastructure/External/TrendCollectors.cs:line 118
2026-03-11 16:41:28.887 +07:00 [INF] Saved 0 trends from TikTok (Global)
2026-03-11 16:41:28.887 +07:00 [INF] Crawling TikTok trends for region VN
2026-03-11 16:41:29.575 +07:00 [ERR] Failed to collect TikTok trends for region VN
System.Net.Http.HttpRequestException: Response status code does not indicate success: 404 (Not Found).
   at System.Net.Http.HttpResponseMessage.EnsureSuccessStatusCode()
   at AutoVeo.Infrastructure.External.TikTokTrendCollector.CollectAsync(String region, CancellationToken ct) in /Users/macbook/Documents/Coding/AutoVeo/backend/src/AutoVeo.Infrastructure/External/TrendCollectors.cs:line 118
2026-03-11 16:41:29.577 +07:00 [INF] Saved 0 trends from TikTok (VN)
2026-03-11 16:41:29.577 +07:00 [INF] Crawling TikTok trends for region US
2026-03-11 16:41:30.220 +07:00 [ERR] Failed to collect TikTok trends for region US
System.Net.Http.HttpRequestException: Response status code does not indicate success: 404 (Not Found).
   at System.Net.Http.HttpResponseMessage.EnsureSuccessStatusCode()
   at AutoVeo.Infrastructure.External.TikTokTrendCollector.CollectAsync(String region, CancellationToken ct) in /Users/macbook/Documents/Coding/AutoVeo/backend/src/AutoVeo.Infrastructure/External/TrendCollectors.cs:line 118
2026-03-11 16:41:30.222 +07:00 [INF] Saved 0 trends from TikTok (US)
2026-03-11 16:41:30.225 +07:00 [INF] Crawling Google Trends trends for region Global
2026-03-11 16:41:33.421 +07:00 [ERR] Failed to collect Google Trends for region Global
System.Net.Http.HttpRequestException: Response status code does not indicate success: 404 (Not Found).
   at System.Net.Http.HttpResponseMessage.EnsureSuccessStatusCode()
   at System.Net.Http.HttpClient.GetStringAsyncCore(HttpRequestMessage request, CancellationToken cancellationToken)
   at AutoVeo.Infrastructure.External.GoogleTrendsCollector.CollectAsync(String region, CancellationToken ct) in /Users/macbook/Documents/Coding/AutoVeo/backend/src/AutoVeo.Infrastructure/External/TrendCollectors.cs:line 175
2026-03-11 16:41:33.424 +07:00 [INF] Saved 0 trends from Google Trends (Global)
2026-03-11 16:41:33.424 +07:00 [INF] Crawling Google Trends trends for region VN
2026-03-11 16:41:34.006 +07:00 [ERR] Failed to collect Google Trends for region VN
System.Net.Http.HttpRequestException: Response status code does not indicate success: 404 (Not Found).
   at System.Net.Http.HttpResponseMessage.EnsureSuccessStatusCode()
   at System.Net.Http.HttpClient.GetStringAsyncCore(HttpRequestMessage request, CancellationToken cancellationToken)
   at AutoVeo.Infrastructure.External.GoogleTrendsCollector.CollectAsync(String region, CancellationToken ct) in /Users/macbook/Documents/Coding/AutoVeo/backend/src/AutoVeo.Infrastructure/External/TrendCollectors.cs:line 175
2026-03-11 16:41:34.008 +07:00 [INF] Saved 0 trends from Google Trends (VN)
2026-03-11 16:41:34.008 +07:00 [INF] Crawling Google Trends trends for region US
2026-03-11 16:41:34.407 +07:00 [ERR] Failed to collect Google Trends for region US
System.Net.Http.HttpRequestException: Response status code does not indicate success: 404 (Not Found).
   at System.Net.Http.HttpResponseMessage.EnsureSuccessStatusCode()
   at System.Net.Http.HttpClient.GetStringAsyncCore(HttpRequestMessage request, CancellationToken cancellationToken)
   at AutoVeo.Infrastructure.External.GoogleTrendsCollector.CollectAsync(String region, CancellationToken ct) in /Users/macbook/Documents/Coding/AutoVeo/backend/src/AutoVeo.Infrastructure/External/TrendCollectors.cs:line 175
2026-03-11 16:41:34.408 +07:00 [INF] Saved 0 trends from Google Trends (US)
2026-03-11 16:46:10.083 +07:00 [ERR] HTTP POST /api/auth/login responded 500 in 13.3727 ms
AutoVeo.Shared.Exceptions.UnauthorizedException: Invalid email or password.
   at AutoVeo.Infrastructure.Services.AuthService.LoginAsync(LoginRequest request, String ipAddress) in /Users/macbook/Documents/Coding/AutoVeo/backend/src/AutoVeo.Infrastructure/Services/AuthService.cs:line 31
   at AutoVeo.Api.Controllers.AuthController.Login(LoginRequest request) in /Users/macbook/Documents/Coding/AutoVeo/backend/src/AutoVeo.Api/Controllers/AuthController.cs:line 28
   at lambda_method103(Closure, Object)
   at Microsoft.AspNetCore.Mvc.Infrastructure.ActionMethodExecutor.AwaitableObjectResultExecutor.Execute(ActionContext actionContext, IActionResultTypeMapper mapper, ObjectMethodExecutor executor, Object controller, Object[] arguments)
   at Microsoft.AspNetCore.Mvc.Infrastructure.ControllerActionInvoker.<InvokeActionMethodAsync>g__Awaited|12_0(ControllerActionInvoker invoker, ValueTask`1 actionResultValueTask)
   at Microsoft.AspNetCore.Mvc.Infrastructure.ControllerActionInvoker.<InvokeNextActionFilterAsync>g__Awaited|10_0(ControllerActionInvoker invoker, Task lastTask, State next, Scope scope, Object state, Boolean isCompleted)
   at Microsoft.AspNetCore.Mvc.Infrastructure.ControllerActionInvoker.Rethrow(ActionExecutedContextSealed context)
   at Microsoft.AspNetCore.Mvc.Infrastructure.ControllerActionInvoker.Next(State& next, Scope& scope, Object& state, Boolean& isCompleted)
   at Microsoft.AspNetCore.Mvc.Infrastructure.ControllerActionInvoker.InvokeInnerFilterAsync()
--- End of stack trace from previous location ---
   at Microsoft.AspNetCore.Mvc.Infrastructure.ResourceInvoker.<InvokeFilterPipelineAsync>g__Awaited|20_0(ResourceInvoker invoker, Task lastTask, State next, Scope scope, Object state, Boolean isCompleted)
   at Microsoft.AspNetCore.Mvc.Infrastructure.ResourceInvoker.<InvokeAsync>g__Awaited|17_0(ResourceInvoker invoker, Task task, IDisposable scope)
   at Microsoft.AspNetCore.Mvc.Infrastructure.ResourceInvoker.<InvokeAsync>g__Awaited|17_0(ResourceInvoker invoker, Task task, IDisposable scope)
   at Microsoft.AspNetCore.Authorization.AuthorizationMiddleware.Invoke(HttpContext context)
   at Microsoft.AspNetCore.Authentication.AuthenticationMiddleware.Invoke(HttpContext context)
   at Microsoft.AspNetCore.RateLimiting.RateLimitingMiddleware.InvokeInternal(HttpContext context, EnableRateLimitingAttribute enableRateLimitingAttribute)
   at Serilog.AspNetCore.RequestLoggingMiddleware.Invoke(HttpContext httpContext)
2026-03-11 16:46:10.087 +07:00 [WRN] Application error: Invalid email or password.
AutoVeo.Shared.Exceptions.UnauthorizedException: Invalid email or password.
   at AutoVeo.Infrastructure.Services.AuthService.LoginAsync(LoginRequest request, String ipAddress) in /Users/macbook/Documents/Coding/AutoVeo/backend/src/AutoVeo.Infrastructure/Services/AuthService.cs:line 31
   at AutoVeo.Api.Controllers.AuthController.Login(LoginRequest request) in /Users/macbook/Documents/Coding/AutoVeo/backend/src/AutoVeo.Api/Controllers/AuthController.cs:line 28
   at lambda_method103(Closure, Object)
   at Microsoft.AspNetCore.Mvc.Infrastructure.ActionMethodExecutor.AwaitableObjectResultExecutor.Execute(ActionContext actionContext, IActionResultTypeMapper mapper, ObjectMethodExecutor executor, Object controller, Object[] arguments)
   at Microsoft.AspNetCore.Mvc.Infrastructure.ControllerActionInvoker.<InvokeActionMethodAsync>g__Awaited|12_0(ControllerActionInvoker invoker, ValueTask`1 actionResultValueTask)
   at Microsoft.AspNetCore.Mvc.Infrastructure.ControllerActionInvoker.<InvokeNextActionFilterAsync>g__Awaited|10_0(ControllerActionInvoker invoker, Task lastTask, State next, Scope scope, Object state, Boolean isCompleted)
   at Microsoft.AspNetCore.Mvc.Infrastructure.ControllerActionInvoker.Rethrow(ActionExecutedContextSealed context)
   at Microsoft.AspNetCore.Mvc.Infrastructure.ControllerActionInvoker.Next(State& next, Scope& scope, Object& state, Boolean& isCompleted)
   at Microsoft.AspNetCore.Mvc.Infrastructure.ControllerActionInvoker.InvokeInnerFilterAsync()
--- End of stack trace from previous location ---
   at Microsoft.AspNetCore.Mvc.Infrastructure.ResourceInvoker.<InvokeFilterPipelineAsync>g__Awaited|20_0(ResourceInvoker invoker, Task lastTask, State next, Scope scope, Object state, Boolean isCompleted)
   at Microsoft.AspNetCore.Mvc.Infrastructure.ResourceInvoker.<InvokeAsync>g__Awaited|17_0(ResourceInvoker invoker, Task task, IDisposable scope)
   at Microsoft.AspNetCore.Mvc.Infrastructure.ResourceInvoker.<InvokeAsync>g__Awaited|17_0(ResourceInvoker invoker, Task task, IDisposable scope)
   at Microsoft.AspNetCore.Authorization.AuthorizationMiddleware.Invoke(HttpContext context)
   at Microsoft.AspNetCore.Authentication.AuthenticationMiddleware.Invoke(HttpContext context)
   at Microsoft.AspNetCore.RateLimiting.RateLimitingMiddleware.InvokeInternal(HttpContext context, EnableRateLimitingAttribute enableRateLimitingAttribute)
   at Serilog.AspNetCore.RequestLoggingMiddleware.Invoke(HttpContext httpContext)
   at AutoVeo.Shared.Middleware.ErrorHandlingMiddleware.InvokeAsync(HttpContext context) in /Users/macbook/Documents/Coding/AutoVeo/backend/src/AutoVeo.Shared/Middleware/ErrorHandlingMiddleware.cs:line 25
2026-03-11 16:50:02.920 +07:00 [INF] TrendCrawlerWorker started
2026-03-11 16:50:02.950 +07:00 [INF] RenderPollerWorker started
2026-03-11 16:50:13.044 +07:00 [INF] Crawling YouTube trends for region Global
2026-03-11 16:50:13.564 +07:00 [ERR] Failed to collect YouTube trends for region Global
System.Net.Http.HttpRequestException: Response status code does not indicate success: 400 (Bad Request).
   at System.Net.Http.HttpResponseMessage.EnsureSuccessStatusCode()
   at AutoVeo.Infrastructure.External.YouTubeTrendCollector.CollectAsync(String region, CancellationToken ct) in /Users/macbook/Documents/Coding/AutoVeo/backend/src/AutoVeo.Infrastructure/External/TrendCollectors.cs:line 40
2026-03-11 16:50:13.584 +07:00 [INF] Saved 0 trends from YouTube (Global)
2026-03-11 16:50:13.586 +07:00 [INF] Crawling YouTube trends for region VN
2026-03-11 16:50:13.692 +07:00 [ERR] Failed to collect YouTube trends for region VN
System.Net.Http.HttpRequestException: Response status code does not indicate success: 400 (Bad Request).
   at System.Net.Http.HttpResponseMessage.EnsureSuccessStatusCode()
   at AutoVeo.Infrastructure.External.YouTubeTrendCollector.CollectAsync(String region, CancellationToken ct) in /Users/macbook/Documents/Coding/AutoVeo/backend/src/AutoVeo.Infrastructure/External/TrendCollectors.cs:line 40
2026-03-11 16:50:13.692 +07:00 [INF] Saved 0 trends from YouTube (VN)
2026-03-11 16:50:13.692 +07:00 [INF] Crawling YouTube trends for region US
2026-03-11 16:50:13.901 +07:00 [ERR] Failed to collect YouTube trends for region US
System.Net.Http.HttpRequestException: Response status code does not indicate success: 400 (Bad Request).
   at System.Net.Http.HttpResponseMessage.EnsureSuccessStatusCode()
   at AutoVeo.Infrastructure.External.YouTubeTrendCollector.CollectAsync(String region, CancellationToken ct) in /Users/macbook/Documents/Coding/AutoVeo/backend/src/AutoVeo.Infrastructure/External/TrendCollectors.cs:line 40
2026-03-11 16:50:13.901 +07:00 [INF] Saved 0 trends from YouTube (US)
2026-03-11 16:50:13.903 +07:00 [INF] Crawling TikTok trends for region Global
2026-03-11 16:50:14.976 +07:00 [ERR] Failed to collect TikTok trends for region Global
System.Net.Http.HttpRequestException: Response status code does not indicate success: 404 (Not Found).
   at System.Net.Http.HttpResponseMessage.EnsureSuccessStatusCode()
   at AutoVeo.Infrastructure.External.TikTokTrendCollector.CollectAsync(String region, CancellationToken ct) in /Users/macbook/Documents/Coding/AutoVeo/backend/src/AutoVeo.Infrastructure/External/TrendCollectors.cs:line 118
2026-03-11 16:50:14.977 +07:00 [INF] Saved 0 trends from TikTok (Global)
2026-03-11 16:50:14.977 +07:00 [INF] Crawling TikTok trends for region VN
2026-03-11 16:50:16.355 +07:00 [ERR] Failed to collect TikTok trends for region VN
System.Net.Http.HttpRequestException: Response status code does not indicate success: 404 (Not Found).
   at System.Net.Http.HttpResponseMessage.EnsureSuccessStatusCode()
   at AutoVeo.Infrastructure.External.TikTokTrendCollector.CollectAsync(String region, CancellationToken ct) in /Users/macbook/Documents/Coding/AutoVeo/backend/src/AutoVeo.Infrastructure/External/TrendCollectors.cs:line 118
2026-03-11 16:50:16.356 +07:00 [INF] Saved 0 trends from TikTok (VN)
2026-03-11 16:50:16.356 +07:00 [INF] Crawling TikTok trends for region US
2026-03-11 16:50:16.959 +07:00 [ERR] Failed to collect TikTok trends for region US
System.Net.Http.HttpRequestException: Response status code does not indicate success: 404 (Not Found).
   at System.Net.Http.HttpResponseMessage.EnsureSuccessStatusCode()
   at AutoVeo.Infrastructure.External.TikTokTrendCollector.CollectAsync(String region, CancellationToken ct) in /Users/macbook/Documents/Coding/AutoVeo/backend/src/AutoVeo.Infrastructure/External/TrendCollectors.cs:line 118
2026-03-11 16:50:16.960 +07:00 [INF] Saved 0 trends from TikTok (US)
2026-03-11 16:50:16.962 +07:00 [INF] Crawling Google Trends trends for region Global
2026-03-11 16:50:18.289 +07:00 [ERR] Failed to collect Google Trends for region Global
System.Net.Http.HttpRequestException: Response status code does not indicate success: 404 (Not Found).
   at System.Net.Http.HttpResponseMessage.EnsureSuccessStatusCode()
   at System.Net.Http.HttpClient.GetStringAsyncCore(HttpRequestMessage request, CancellationToken cancellationToken)
   at AutoVeo.Infrastructure.External.GoogleTrendsCollector.CollectAsync(String region, CancellationToken ct) in /Users/macbook/Documents/Coding/AutoVeo/backend/src/AutoVeo.Infrastructure/External/TrendCollectors.cs:line 175
2026-03-11 16:50:18.291 +07:00 [INF] Saved 0 trends from Google Trends (Global)
2026-03-11 16:50:18.291 +07:00 [INF] Crawling Google Trends trends for region VN
2026-03-11 16:50:18.718 +07:00 [ERR] Failed to collect Google Trends for region VN
System.Net.Http.HttpRequestException: Response status code does not indicate success: 404 (Not Found).
   at System.Net.Http.HttpResponseMessage.EnsureSuccessStatusCode()
   at System.Net.Http.HttpClient.GetStringAsyncCore(HttpRequestMessage request, CancellationToken cancellationToken)
   at AutoVeo.Infrastructure.External.GoogleTrendsCollector.CollectAsync(String region, CancellationToken ct) in /Users/macbook/Documents/Coding/AutoVeo/backend/src/AutoVeo.Infrastructure/External/TrendCollectors.cs:line 175
2026-03-11 16:50:18.719 +07:00 [INF] Saved 0 trends from Google Trends (VN)
2026-03-11 16:50:18.719 +07:00 [INF] Crawling Google Trends trends for region US
2026-03-11 16:50:19.303 +07:00 [ERR] Failed to collect Google Trends for region US
System.Net.Http.HttpRequestException: Response status code does not indicate success: 404 (Not Found).
   at System.Net.Http.HttpResponseMessage.EnsureSuccessStatusCode()
   at System.Net.Http.HttpClient.GetStringAsyncCore(HttpRequestMessage request, CancellationToken cancellationToken)
   at AutoVeo.Infrastructure.External.GoogleTrendsCollector.CollectAsync(String region, CancellationToken ct) in /Users/macbook/Documents/Coding/AutoVeo/backend/src/AutoVeo.Infrastructure/External/TrendCollectors.cs:line 175
2026-03-11 16:50:19.304 +07:00 [INF] Saved 0 trends from Google Trends (US)
2026-03-11 16:50:59.970 +07:00 [INF] TrendCrawlerWorker started
2026-03-11 16:51:00.001 +07:00 [INF] RenderPollerWorker started
2026-03-11 16:51:10.100 +07:00 [INF] Crawling YouTube trends for region Global
2026-03-11 16:51:11.096 +07:00 [ERR] Failed to collect YouTube trends for region Global
System.Net.Http.HttpRequestException: Response status code does not indicate success: 400 (Bad Request).
   at System.Net.Http.HttpResponseMessage.EnsureSuccessStatusCode()
   at AutoVeo.Infrastructure.External.YouTubeTrendCollector.CollectAsync(String region, CancellationToken ct) in /Users/macbook/Documents/Coding/AutoVeo/backend/src/AutoVeo.Infrastructure/External/TrendCollectors.cs:line 40
2026-03-11 16:51:11.118 +07:00 [INF] Saved 0 trends from YouTube (Global)
2026-03-11 16:51:11.119 +07:00 [INF] Crawling YouTube trends for region VN
2026-03-11 16:51:11.523 +07:00 [ERR] Failed to collect YouTube trends for region VN
System.Net.Http.HttpRequestException: Response status code does not indicate success: 400 (Bad Request).
   at System.Net.Http.HttpResponseMessage.EnsureSuccessStatusCode()
   at AutoVeo.Infrastructure.External.YouTubeTrendCollector.CollectAsync(String region, CancellationToken ct) in /Users/macbook/Documents/Coding/AutoVeo/backend/src/AutoVeo.Infrastructure/External/TrendCollectors.cs:line 40
2026-03-11 16:51:11.523 +07:00 [INF] Saved 0 trends from YouTube (VN)
2026-03-11 16:51:11.524 +07:00 [INF] Crawling YouTube trends for region US
2026-03-11 16:51:11.647 +07:00 [ERR] Failed to collect YouTube trends for region US
System.Net.Http.HttpRequestException: Response status code does not indicate success: 400 (Bad Request).
   at System.Net.Http.HttpResponseMessage.EnsureSuccessStatusCode()
   at AutoVeo.Infrastructure.External.YouTubeTrendCollector.CollectAsync(String region, CancellationToken ct) in /Users/macbook/Documents/Coding/AutoVeo/backend/src/AutoVeo.Infrastructure/External/TrendCollectors.cs:line 40
2026-03-11 16:51:11.648 +07:00 [INF] Saved 0 trends from YouTube (US)
2026-03-11 16:51:11.650 +07:00 [INF] Crawling TikTok trends for region Global
2026-03-11 16:51:12.555 +07:00 [ERR] Failed to collect TikTok trends for region Global
System.Net.Http.HttpRequestException: Response status code does not indicate success: 404 (Not Found).
   at System.Net.Http.HttpResponseMessage.EnsureSuccessStatusCode()
   at AutoVeo.Infrastructure.External.TikTokTrendCollector.CollectAsync(String region, CancellationToken ct) in /Users/macbook/Documents/Coding/AutoVeo/backend/src/AutoVeo.Infrastructure/External/TrendCollectors.cs:line 118
2026-03-11 16:51:12.555 +07:00 [INF] Saved 0 trends from TikTok (Global)
2026-03-11 16:51:12.555 +07:00 [INF] Crawling TikTok trends for region VN
2026-03-11 16:51:13.993 +07:00 [ERR] Failed to collect TikTok trends for region VN
System.Net.Http.HttpRequestException: Response status code does not indicate success: 404 (Not Found).
   at System.Net.Http.HttpResponseMessage.EnsureSuccessStatusCode()
   at AutoVeo.Infrastructure.External.TikTokTrendCollector.CollectAsync(String region, CancellationToken ct) in /Users/macbook/Documents/Coding/AutoVeo/backend/src/AutoVeo.Infrastructure/External/TrendCollectors.cs:line 118
2026-03-11 16:51:13.993 +07:00 [INF] Saved 0 trends from TikTok (VN)
2026-03-11 16:51:13.993 +07:00 [INF] Crawling TikTok trends for region US
2026-03-11 16:51:14.563 +07:00 [ERR] Failed to collect TikTok trends for region US
System.Net.Http.HttpRequestException: Response status code does not indicate success: 404 (Not Found).
   at System.Net.Http.HttpResponseMessage.EnsureSuccessStatusCode()
   at AutoVeo.Infrastructure.External.TikTokTrendCollector.CollectAsync(String region, CancellationToken ct) in /Users/macbook/Documents/Coding/AutoVeo/backend/src/AutoVeo.Infrastructure/External/TrendCollectors.cs:line 118
2026-03-11 16:51:14.564 +07:00 [INF] Saved 0 trends from TikTok (US)
2026-03-11 16:51:14.566 +07:00 [INF] Crawling Google Trends trends for region Global
2026-03-11 16:51:15.739 +07:00 [ERR] Failed to collect Google Trends for region Global
System.Net.Http.HttpRequestException: Response status code does not indicate success: 404 (Not Found).
   at System.Net.Http.HttpResponseMessage.EnsureSuccessStatusCode()
   at System.Net.Http.HttpClient.GetStringAsyncCore(HttpRequestMessage request, CancellationToken cancellationToken)
   at AutoVeo.Infrastructure.External.GoogleTrendsCollector.CollectAsync(String region, CancellationToken ct) in /Users/macbook/Documents/Coding/AutoVeo/backend/src/AutoVeo.Infrastructure/External/TrendCollectors.cs:line 175
2026-03-11 16:51:15.741 +07:00 [INF] Saved 0 trends from Google Trends (Global)
2026-03-11 16:51:15.741 +07:00 [INF] Crawling Google Trends trends for region VN
2026-03-11 16:51:16.598 +07:00 [ERR] Failed to collect Google Trends for region VN
System.Net.Http.HttpRequestException: Response status code does not indicate success: 404 (Not Found).
   at System.Net.Http.HttpResponseMessage.EnsureSuccessStatusCode()
   at System.Net.Http.HttpClient.GetStringAsyncCore(HttpRequestMessage request, CancellationToken cancellationToken)
   at AutoVeo.Infrastructure.External.GoogleTrendsCollector.CollectAsync(String region, CancellationToken ct) in /Users/macbook/Documents/Coding/AutoVeo/backend/src/AutoVeo.Infrastructure/External/TrendCollectors.cs:line 175
2026-03-11 16:51:16.599 +07:00 [INF] Saved 0 trends from Google Trends (VN)
2026-03-11 16:51:16.600 +07:00 [INF] Crawling Google Trends trends for region US
2026-03-11 16:51:17.047 +07:00 [ERR] Failed to collect Google Trends for region US
System.Net.Http.HttpRequestException: Response status code does not indicate success: 404 (Not Found).
   at System.Net.Http.HttpResponseMessage.EnsureSuccessStatusCode()
   at System.Net.Http.HttpClient.GetStringAsyncCore(HttpRequestMessage request, CancellationToken cancellationToken)
   at AutoVeo.Infrastructure.External.GoogleTrendsCollector.CollectAsync(String region, CancellationToken ct) in /Users/macbook/Documents/Coding/AutoVeo/backend/src/AutoVeo.Infrastructure/External/TrendCollectors.cs:line 175
2026-03-11 16:51:17.049 +07:00 [INF] Saved 0 trends from Google Trends (US)
2026-03-11 16:56:00.124 +07:00 [INF] TrendCrawlerWorker started
2026-03-11 16:56:00.153 +07:00 [INF] RenderPollerWorker started
2026-03-11 16:56:10.251 +07:00 [INF] Crawling YouTube trends for region Global
2026-03-11 16:56:11.301 +07:00 [ERR] Failed to collect YouTube trends for region Global
System.Net.Http.HttpRequestException: Response status code does not indicate success: 400 (Bad Request).
   at System.Net.Http.HttpResponseMessage.EnsureSuccessStatusCode()
   at AutoVeo.Infrastructure.External.YouTubeTrendCollector.CollectAsync(String region, CancellationToken ct) in /Users/macbook/Documents/Coding/AutoVeo/backend/src/AutoVeo.Infrastructure/External/TrendCollectors.cs:line 40
2026-03-11 16:56:11.318 +07:00 [INF] Saved 0 trends from YouTube (Global)
2026-03-11 16:56:11.319 +07:00 [INF] Crawling YouTube trends for region VN
2026-03-11 16:56:11.426 +07:00 [ERR] Failed to collect YouTube trends for region VN
System.Net.Http.HttpRequestException: Response status code does not indicate success: 400 (Bad Request).
   at System.Net.Http.HttpResponseMessage.EnsureSuccessStatusCode()
   at AutoVeo.Infrastructure.External.YouTubeTrendCollector.CollectAsync(String region, CancellationToken ct) in /Users/macbook/Documents/Coding/AutoVeo/backend/src/AutoVeo.Infrastructure/External/TrendCollectors.cs:line 40
2026-03-11 16:56:11.426 +07:00 [INF] Saved 0 trends from YouTube (VN)
2026-03-11 16:56:11.426 +07:00 [INF] Crawling YouTube trends for region US
2026-03-11 16:56:11.555 +07:00 [ERR] Failed to collect YouTube trends for region US
System.Net.Http.HttpRequestException: Response status code does not indicate success: 400 (Bad Request).
   at System.Net.Http.HttpResponseMessage.EnsureSuccessStatusCode()
   at AutoVeo.Infrastructure.External.YouTubeTrendCollector.CollectAsync(String region, CancellationToken ct) in /Users/macbook/Documents/Coding/AutoVeo/backend/src/AutoVeo.Infrastructure/External/TrendCollectors.cs:line 40
2026-03-11 16:56:11.555 +07:00 [INF] Saved 0 trends from YouTube (US)
2026-03-11 16:56:11.557 +07:00 [INF] Crawling TikTok trends for region Global
2026-03-11 16:56:12.497 +07:00 [ERR] Failed to collect TikTok trends for region Global
System.Net.Http.HttpRequestException: Response status code does not indicate success: 404 (Not Found).
   at System.Net.Http.HttpResponseMessage.EnsureSuccessStatusCode()
   at AutoVeo.Infrastructure.External.TikTokTrendCollector.CollectAsync(String region, CancellationToken ct) in /Users/macbook/Documents/Coding/AutoVeo/backend/src/AutoVeo.Infrastructure/External/TrendCollectors.cs:line 118
2026-03-11 16:56:12.498 +07:00 [INF] Saved 0 trends from TikTok (Global)
2026-03-11 16:56:12.498 +07:00 [INF] Crawling TikTok trends for region VN
2026-03-11 16:56:13.107 +07:00 [ERR] Failed to collect TikTok trends for region VN
System.Net.Http.HttpRequestException: Response status code does not indicate success: 404 (Not Found).
   at System.Net.Http.HttpResponseMessage.EnsureSuccessStatusCode()
   at AutoVeo.Infrastructure.External.TikTokTrendCollector.CollectAsync(String region, CancellationToken ct) in /Users/macbook/Documents/Coding/AutoVeo/backend/src/AutoVeo.Infrastructure/External/TrendCollectors.cs:line 118
2026-03-11 16:56:13.107 +07:00 [INF] Saved 0 trends from TikTok (VN)
2026-03-11 16:56:13.108 +07:00 [INF] Crawling TikTok trends for region US
2026-03-11 16:56:13.974 +07:00 [ERR] Failed to collect TikTok trends for region US
System.Net.Http.HttpRequestException: Response status code does not indicate success: 404 (Not Found).
   at System.Net.Http.HttpResponseMessage.EnsureSuccessStatusCode()
   at AutoVeo.Infrastructure.External.TikTokTrendCollector.CollectAsync(String region, CancellationToken ct) in /Users/macbook/Documents/Coding/AutoVeo/backend/src/AutoVeo.Infrastructure/External/TrendCollectors.cs:line 118
2026-03-11 16:56:13.975 +07:00 [INF] Saved 0 trends from TikTok (US)
2026-03-11 16:56:13.976 +07:00 [INF] Crawling Google Trends trends for region Global
2026-03-11 16:56:15.751 +07:00 [ERR] Failed to collect Google Trends for region Global
System.Net.Http.HttpRequestException: Response status code does not indicate success: 404 (Not Found).
   at System.Net.Http.HttpResponseMessage.EnsureSuccessStatusCode()
   at System.Net.Http.HttpClient.GetStringAsyncCore(HttpRequestMessage request, CancellationToken cancellationToken)
   at AutoVeo.Infrastructure.External.GoogleTrendsCollector.CollectAsync(String region, CancellationToken ct) in /Users/macbook/Documents/Coding/AutoVeo/backend/src/AutoVeo.Infrastructure/External/TrendCollectors.cs:line 175
2026-03-11 16:56:15.755 +07:00 [INF] Saved 0 trends from Google Trends (Global)
2026-03-11 16:56:15.755 +07:00 [INF] Crawling Google Trends trends for region VN
2026-03-11 16:56:16.259 +07:00 [ERR] Failed to collect Google Trends for region VN
System.Net.Http.HttpRequestException: Response status code does not indicate success: 404 (Not Found).
   at System.Net.Http.HttpResponseMessage.EnsureSuccessStatusCode()
   at System.Net.Http.HttpClient.GetStringAsyncCore(HttpRequestMessage request, CancellationToken cancellationToken)
   at AutoVeo.Infrastructure.External.GoogleTrendsCollector.CollectAsync(String region, CancellationToken ct) in /Users/macbook/Documents/Coding/AutoVeo/backend/src/AutoVeo.Infrastructure/External/TrendCollectors.cs:line 175
2026-03-11 16:56:16.259 +07:00 [INF] Saved 0 trends from Google Trends (VN)
2026-03-11 16:56:16.260 +07:00 [INF] Crawling Google Trends trends for region US
2026-03-11 16:56:16.797 +07:00 [ERR] Failed to collect Google Trends for region US
System.Net.Http.HttpRequestException: Response status code does not indicate success: 404 (Not Found).
   at System.Net.Http.HttpResponseMessage.EnsureSuccessStatusCode()
   at System.Net.Http.HttpClient.GetStringAsyncCore(HttpRequestMessage request, CancellationToken cancellationToken)
   at AutoVeo.Infrastructure.External.GoogleTrendsCollector.CollectAsync(String region, CancellationToken ct) in /Users/macbook/Documents/Coding/AutoVeo/backend/src/AutoVeo.Infrastructure/External/TrendCollectors.cs:line 175
2026-03-11 16:56:16.798 +07:00 [INF] Saved 0 trends from Google Trends (US)
2026-03-11 16:57:34.784 +07:00 [INF] TrendCrawlerWorker started
2026-03-11 16:57:34.814 +07:00 [INF] RenderPollerWorker started
2026-03-11 16:57:44.910 +07:00 [INF] Crawling YouTube trends for region Global
2026-03-11 16:57:45.684 +07:00 [ERR] Failed to collect YouTube trends for region Global
System.Net.Http.HttpRequestException: Response status code does not indicate success: 400 (Bad Request).
   at System.Net.Http.HttpResponseMessage.EnsureSuccessStatusCode()
   at AutoVeo.Infrastructure.External.YouTubeTrendCollector.CollectAsync(String region, CancellationToken ct) in /Users/macbook/Documents/Coding/AutoVeo/backend/src/AutoVeo.Infrastructure/External/TrendCollectors.cs:line 40
2026-03-11 16:57:45.707 +07:00 [INF] Saved 0 trends from YouTube (Global)
2026-03-11 16:57:45.708 +07:00 [INF] Crawling YouTube trends for region VN
2026-03-11 16:57:45.846 +07:00 [ERR] Failed to collect YouTube trends for region VN
System.Net.Http.HttpRequestException: Response status code does not indicate success: 400 (Bad Request).
   at System.Net.Http.HttpResponseMessage.EnsureSuccessStatusCode()
   at AutoVeo.Infrastructure.External.YouTubeTrendCollector.CollectAsync(String region, CancellationToken ct) in /Users/macbook/Documents/Coding/AutoVeo/backend/src/AutoVeo.Infrastructure/External/TrendCollectors.cs:line 40
2026-03-11 16:57:45.847 +07:00 [INF] Saved 0 trends from YouTube (VN)
2026-03-11 16:57:45.847 +07:00 [INF] Crawling YouTube trends for region US
2026-03-11 16:57:45.950 +07:00 [ERR] Failed to collect YouTube trends for region US
System.Net.Http.HttpRequestException: Response status code does not indicate success: 400 (Bad Request).
   at System.Net.Http.HttpResponseMessage.EnsureSuccessStatusCode()
   at AutoVeo.Infrastructure.External.YouTubeTrendCollector.CollectAsync(String region, CancellationToken ct) in /Users/macbook/Documents/Coding/AutoVeo/backend/src/AutoVeo.Infrastructure/External/TrendCollectors.cs:line 40
2026-03-11 16:57:45.951 +07:00 [INF] Saved 0 trends from YouTube (US)
2026-03-11 16:57:45.952 +07:00 [INF] Crawling TikTok trends for region Global
2026-03-11 16:57:47.430 +07:00 [ERR] Failed to collect TikTok trends for region Global
System.Net.Http.HttpRequestException: Response status code does not indicate success: 404 (Not Found).
   at System.Net.Http.HttpResponseMessage.EnsureSuccessStatusCode()
   at AutoVeo.Infrastructure.External.TikTokTrendCollector.CollectAsync(String region, CancellationToken ct) in /Users/macbook/Documents/Coding/AutoVeo/backend/src/AutoVeo.Infrastructure/External/TrendCollectors.cs:line 118
2026-03-11 16:57:47.431 +07:00 [INF] Saved 0 trends from TikTok (Global)
2026-03-11 16:57:47.431 +07:00 [INF] Crawling TikTok trends for region VN
2026-03-11 16:57:48.379 +07:00 [ERR] Failed to collect TikTok trends for region VN
System.Net.Http.HttpRequestException: Response status code does not indicate success: 404 (Not Found).
   at System.Net.Http.HttpResponseMessage.EnsureSuccessStatusCode()
   at AutoVeo.Infrastructure.External.TikTokTrendCollector.CollectAsync(String region, CancellationToken ct) in /Users/macbook/Documents/Coding/AutoVeo/backend/src/AutoVeo.Infrastructure/External/TrendCollectors.cs:line 118
2026-03-11 16:57:48.380 +07:00 [INF] Saved 0 trends from TikTok (VN)
2026-03-11 16:57:48.381 +07:00 [INF] Crawling TikTok trends for region US
2026-03-11 16:57:48.955 +07:00 [ERR] Failed to collect TikTok trends for region US
System.Net.Http.HttpRequestException: Response status code does not indicate success: 404 (Not Found).
   at System.Net.Http.HttpResponseMessage.EnsureSuccessStatusCode()
   at AutoVeo.Infrastructure.External.TikTokTrendCollector.CollectAsync(String region, CancellationToken ct) in /Users/macbook/Documents/Coding/AutoVeo/backend/src/AutoVeo.Infrastructure/External/TrendCollectors.cs:line 118
2026-03-11 16:57:48.957 +07:00 [INF] Saved 0 trends from TikTok (US)
2026-03-11 16:57:48.959 +07:00 [INF] Crawling Google Trends trends for region Global
2026-03-11 16:57:49.774 +07:00 [ERR] Failed to collect Google Trends for region Global
System.Net.Http.HttpRequestException: Response status code does not indicate success: 404 (Not Found).
   at System.Net.Http.HttpResponseMessage.EnsureSuccessStatusCode()
   at System.Net.Http.HttpClient.GetStringAsyncCore(HttpRequestMessage request, CancellationToken cancellationToken)
   at AutoVeo.Infrastructure.External.GoogleTrendsCollector.CollectAsync(String region, CancellationToken ct) in /Users/macbook/Documents/Coding/AutoVeo/backend/src/AutoVeo.Infrastructure/External/TrendCollectors.cs:line 175
2026-03-11 16:57:49.775 +07:00 [INF] Saved 0 trends from Google Trends (Global)
2026-03-11 16:57:49.775 +07:00 [INF] Crawling Google Trends trends for region VN
2026-03-11 16:57:50.493 +07:00 [ERR] Failed to collect Google Trends for region VN
System.Net.Http.HttpRequestException: Response status code does not indicate success: 404 (Not Found).
   at System.Net.Http.HttpResponseMessage.EnsureSuccessStatusCode()
   at System.Net.Http.HttpClient.GetStringAsyncCore(HttpRequestMessage request, CancellationToken cancellationToken)
   at AutoVeo.Infrastructure.External.GoogleTrendsCollector.CollectAsync(String region, CancellationToken ct) in /Users/macbook/Documents/Coding/AutoVeo/backend/src/AutoVeo.Infrastructure/External/TrendCollectors.cs:line 175
2026-03-11 16:57:50.494 +07:00 [INF] Saved 0 trends from Google Trends (VN)
2026-03-11 16:57:50.494 +07:00 [INF] Crawling Google Trends trends for region US
2026-03-11 16:57:51.307 +07:00 [ERR] Failed to collect Google Trends for region US
System.Net.Http.HttpRequestException: Response status code does not indicate success: 404 (Not Found).
   at System.Net.Http.HttpResponseMessage.EnsureSuccessStatusCode()
   at System.Net.Http.HttpClient.GetStringAsyncCore(HttpRequestMessage request, CancellationToken cancellationToken)
   at AutoVeo.Infrastructure.External.GoogleTrendsCollector.CollectAsync(String region, CancellationToken ct) in /Users/macbook/Documents/Coding/AutoVeo/backend/src/AutoVeo.Infrastructure/External/TrendCollectors.cs:line 175
2026-03-11 16:57:51.308 +07:00 [INF] Saved 0 trends from Google Trends (US)
2026-03-11 16:59:34.537 +07:00 [ERR] HTTP POST /api/auth/login responded 500 in 385.4878 ms
AutoVeo.Shared.Exceptions.UnauthorizedException: Invalid email or password.
   at AutoVeo.Infrastructure.Services.AuthService.LoginAsync(LoginRequest request, String ipAddress) in /Users/macbook/Documents/Coding/AutoVeo/backend/src/AutoVeo.Infrastructure/Services/AuthService.cs:line 47
   at AutoVeo.Api.Controllers.AuthController.Login(LoginRequest request) in /Users/macbook/Documents/Coding/AutoVeo/backend/src/AutoVeo.Api/Controllers/AuthController.cs:line 28
   at lambda_method92(Closure, Object)
   at Microsoft.AspNetCore.Mvc.Infrastructure.ActionMethodExecutor.AwaitableObjectResultExecutor.Execute(ActionContext actionContext, IActionResultTypeMapper mapper, ObjectMethodExecutor executor, Object controller, Object[] arguments)
   at Microsoft.AspNetCore.Mvc.Infrastructure.ControllerActionInvoker.<InvokeActionMethodAsync>g__Awaited|12_0(ControllerActionInvoker invoker, ValueTask`1 actionResultValueTask)
   at Microsoft.AspNetCore.Mvc.Infrastructure.ControllerActionInvoker.<InvokeNextActionFilterAsync>g__Awaited|10_0(ControllerActionInvoker invoker, Task lastTask, State next, Scope scope, Object state, Boolean isCompleted)
   at Microsoft.AspNetCore.Mvc.Infrastructure.ControllerActionInvoker.Rethrow(ActionExecutedContextSealed context)
   at Microsoft.AspNetCore.Mvc.Infrastructure.ControllerActionInvoker.Next(State& next, Scope& scope, Object& state, Boolean& isCompleted)
   at Microsoft.AspNetCore.Mvc.Infrastructure.ControllerActionInvoker.InvokeInnerFilterAsync()
--- End of stack trace from previous location ---
   at Microsoft.AspNetCore.Mvc.Infrastructure.ResourceInvoker.<InvokeFilterPipelineAsync>g__Awaited|20_0(ResourceInvoker invoker, Task lastTask, State next, Scope scope, Object state, Boolean isCompleted)
   at Microsoft.AspNetCore.Mvc.Infrastructure.ResourceInvoker.<InvokeAsync>g__Awaited|17_0(ResourceInvoker invoker, Task task, IDisposable scope)
   at Microsoft.AspNetCore.Mvc.Infrastructure.ResourceInvoker.<InvokeAsync>g__Awaited|17_0(ResourceInvoker invoker, Task task, IDisposable scope)
   at Microsoft.AspNetCore.Authorization.AuthorizationMiddleware.Invoke(HttpContext context)
   at Microsoft.AspNetCore.Authentication.AuthenticationMiddleware.Invoke(HttpContext context)
   at Microsoft.AspNetCore.RateLimiting.RateLimitingMiddleware.InvokeInternal(HttpContext context, EnableRateLimitingAttribute enableRateLimitingAttribute)
   at Swashbuckle.AspNetCore.SwaggerUI.SwaggerUIMiddleware.Invoke(HttpContext httpContext)
   at Swashbuckle.AspNetCore.Swagger.SwaggerMiddleware.Invoke(HttpContext httpContext, ISwaggerProvider swaggerProvider)
   at Serilog.AspNetCore.RequestLoggingMiddleware.Invoke(HttpContext httpContext)
2026-03-11 16:59:34.543 +07:00 [WRN] Application error: Invalid email or password.
AutoVeo.Shared.Exceptions.UnauthorizedException: Invalid email or password.
   at AutoVeo.Infrastructure.Services.AuthService.LoginAsync(LoginRequest request, String ipAddress) in /Users/macbook/Documents/Coding/AutoVeo/backend/src/AutoVeo.Infrastructure/Services/AuthService.cs:line 47
   at AutoVeo.Api.Controllers.AuthController.Login(LoginRequest request) in /Users/macbook/Documents/Coding/AutoVeo/backend/src/AutoVeo.Api/Controllers/AuthController.cs:line 28
   at lambda_method92(Closure, Object)
   at Microsoft.AspNetCore.Mvc.Infrastructure.ActionMethodExecutor.AwaitableObjectResultExecutor.Execute(ActionContext actionContext, IActionResultTypeMapper mapper, ObjectMethodExecutor executor, Object controller, Object[] arguments)
   at Microsoft.AspNetCore.Mvc.Infrastructure.ControllerActionInvoker.<InvokeActionMethodAsync>g__Awaited|12_0(ControllerActionInvoker invoker, ValueTask`1 actionResultValueTask)
   at Microsoft.AspNetCore.Mvc.Infrastructure.ControllerActionInvoker.<InvokeNextActionFilterAsync>g__Awaited|10_0(ControllerActionInvoker invoker, Task lastTask, State next, Scope scope, Object state, Boolean isCompleted)
   at Microsoft.AspNetCore.Mvc.Infrastructure.ControllerActionInvoker.Rethrow(ActionExecutedContextSealed context)
   at Microsoft.AspNetCore.Mvc.Infrastructure.ControllerActionInvoker.Next(State& next, Scope& scope, Object& state, Boolean& isCompleted)
   at Microsoft.AspNetCore.Mvc.Infrastructure.ControllerActionInvoker.InvokeInnerFilterAsync()
--- End of stack trace from previous location ---
   at Microsoft.AspNetCore.Mvc.Infrastructure.ResourceInvoker.<InvokeFilterPipelineAsync>g__Awaited|20_0(ResourceInvoker invoker, Task lastTask, State next, Scope scope, Object state, Boolean isCompleted)
   at Microsoft.AspNetCore.Mvc.Infrastructure.ResourceInvoker.<InvokeAsync>g__Awaited|17_0(ResourceInvoker invoker, Task task, IDisposable scope)
   at Microsoft.AspNetCore.Mvc.Infrastructure.ResourceInvoker.<InvokeAsync>g__Awaited|17_0(ResourceInvoker invoker, Task task, IDisposable scope)
   at Microsoft.AspNetCore.Authorization.AuthorizationMiddleware.Invoke(HttpContext context)
   at Microsoft.AspNetCore.Authentication.AuthenticationMiddleware.Invoke(HttpContext context)
   at Microsoft.AspNetCore.RateLimiting.RateLimitingMiddleware.InvokeInternal(HttpContext context, EnableRateLimitingAttribute enableRateLimitingAttribute)
   at Swashbuckle.AspNetCore.SwaggerUI.SwaggerUIMiddleware.Invoke(HttpContext httpContext)
   at Swashbuckle.AspNetCore.Swagger.SwaggerMiddleware.Invoke(HttpContext httpContext, ISwaggerProvider swaggerProvider)
   at Serilog.AspNetCore.RequestLoggingMiddleware.Invoke(HttpContext httpContext)
   at AutoVeo.Shared.Middleware.ErrorHandlingMiddleware.InvokeAsync(HttpContext context) in /Users/macbook/Documents/Coding/AutoVeo/backend/src/AutoVeo.Shared/Middleware/ErrorHandlingMiddleware.cs:line 25
2026-03-11 17:08:38.240 +07:00 [INF] TrendCrawlerWorker started
2026-03-11 17:08:38.270 +07:00 [INF] RenderPollerWorker started
2026-03-11 17:08:48.365 +07:00 [INF] Crawling YouTube trends for region Global
2026-03-11 17:08:49.001 +07:00 [ERR] Failed to collect YouTube trends for region Global
System.Net.Http.HttpRequestException: Response status code does not indicate success: 400 (Bad Request).
   at System.Net.Http.HttpResponseMessage.EnsureSuccessStatusCode()
   at AutoVeo.Infrastructure.External.YouTubeTrendCollector.CollectAsync(String region, CancellationToken ct) in /Users/macbook/Documents/Coding/AutoVeo/backend/src/AutoVeo.Infrastructure/External/TrendCollectors.cs:line 40
2026-03-11 17:08:49.025 +07:00 [INF] Saved 0 trends from YouTube (Global)
2026-03-11 17:08:49.027 +07:00 [INF] Crawling YouTube trends for region VN
2026-03-11 17:08:49.150 +07:00 [ERR] Failed to collect YouTube trends for region VN
System.Net.Http.HttpRequestException: Response status code does not indicate success: 400 (Bad Request).
   at System.Net.Http.HttpResponseMessage.EnsureSuccessStatusCode()
   at AutoVeo.Infrastructure.External.YouTubeTrendCollector.CollectAsync(String region, CancellationToken ct) in /Users/macbook/Documents/Coding/AutoVeo/backend/src/AutoVeo.Infrastructure/External/TrendCollectors.cs:line 40
2026-03-11 17:08:49.150 +07:00 [INF] Saved 0 trends from YouTube (VN)
2026-03-11 17:08:49.150 +07:00 [INF] Crawling YouTube trends for region US
2026-03-11 17:08:49.278 +07:00 [ERR] Failed to collect YouTube trends for region US
System.Net.Http.HttpRequestException: Response status code does not indicate success: 400 (Bad Request).
   at System.Net.Http.HttpResponseMessage.EnsureSuccessStatusCode()
   at AutoVeo.Infrastructure.External.YouTubeTrendCollector.CollectAsync(String region, CancellationToken ct) in /Users/macbook/Documents/Coding/AutoVeo/backend/src/AutoVeo.Infrastructure/External/TrendCollectors.cs:line 40
2026-03-11 17:08:49.278 +07:00 [INF] Saved 0 trends from YouTube (US)
2026-03-11 17:08:49.280 +07:00 [INF] Crawling TikTok trends for region Global
2026-03-11 17:08:50.646 +07:00 [ERR] Failed to collect TikTok trends for region Global
System.Net.Http.HttpRequestException: Response status code does not indicate success: 404 (Not Found).
   at System.Net.Http.HttpResponseMessage.EnsureSuccessStatusCode()
   at AutoVeo.Infrastructure.External.TikTokTrendCollector.CollectAsync(String region, CancellationToken ct) in /Users/macbook/Documents/Coding/AutoVeo/backend/src/AutoVeo.Infrastructure/External/TrendCollectors.cs:line 118
2026-03-11 17:08:50.647 +07:00 [INF] Saved 0 trends from TikTok (Global)
2026-03-11 17:08:50.647 +07:00 [INF] Crawling TikTok trends for region VN
2026-03-11 17:08:51.803 +07:00 [ERR] Failed to collect TikTok trends for region VN
System.Net.Http.HttpRequestException: Response status code does not indicate success: 404 (Not Found).
   at System.Net.Http.HttpResponseMessage.EnsureSuccessStatusCode()
   at AutoVeo.Infrastructure.External.TikTokTrendCollector.CollectAsync(String region, CancellationToken ct) in /Users/macbook/Documents/Coding/AutoVeo/backend/src/AutoVeo.Infrastructure/External/TrendCollectors.cs:line 118
2026-03-11 17:08:51.805 +07:00 [INF] Saved 0 trends from TikTok (VN)
2026-03-11 17:08:51.805 +07:00 [INF] Crawling TikTok trends for region US
2026-03-11 17:08:52.778 +07:00 [ERR] Failed to collect TikTok trends for region US
System.Net.Http.HttpRequestException: Response status code does not indicate success: 404 (Not Found).
   at System.Net.Http.HttpResponseMessage.EnsureSuccessStatusCode()
   at AutoVeo.Infrastructure.External.TikTokTrendCollector.CollectAsync(String region, CancellationToken ct) in /Users/macbook/Documents/Coding/AutoVeo/backend/src/AutoVeo.Infrastructure/External/TrendCollectors.cs:line 118
2026-03-11 17:08:52.779 +07:00 [INF] Saved 0 trends from TikTok (US)
2026-03-11 17:08:52.780 +07:00 [INF] Crawling Google Trends trends for region Global
2026-03-11 17:08:54.086 +07:00 [ERR] Failed to collect Google Trends for region Global
System.Net.Http.HttpRequestException: Response status code does not indicate success: 404 (Not Found).
   at System.Net.Http.HttpResponseMessage.EnsureSuccessStatusCode()
   at System.Net.Http.HttpClient.GetStringAsyncCore(HttpRequestMessage request, CancellationToken cancellationToken)
   at AutoVeo.Infrastructure.External.GoogleTrendsCollector.CollectAsync(String region, CancellationToken ct) in /Users/macbook/Documents/Coding/AutoVeo/backend/src/AutoVeo.Infrastructure/External/TrendCollectors.cs:line 175
2026-03-11 17:08:54.088 +07:00 [INF] Saved 0 trends from Google Trends (Global)
2026-03-11 17:08:54.088 +07:00 [INF] Crawling Google Trends trends for region VN
2026-03-11 17:08:54.600 +07:00 [ERR] Failed to collect Google Trends for region VN
System.Net.Http.HttpRequestException: Response status code does not indicate success: 404 (Not Found).
   at System.Net.Http.HttpResponseMessage.EnsureSuccessStatusCode()
   at System.Net.Http.HttpClient.GetStringAsyncCore(HttpRequestMessage request, CancellationToken cancellationToken)
   at AutoVeo.Infrastructure.External.GoogleTrendsCollector.CollectAsync(String region, CancellationToken ct) in /Users/macbook/Documents/Coding/AutoVeo/backend/src/AutoVeo.Infrastructure/External/TrendCollectors.cs:line 175
2026-03-11 17:08:54.601 +07:00 [INF] Saved 0 trends from Google Trends (VN)
2026-03-11 17:08:54.602 +07:00 [INF] Crawling Google Trends trends for region US
2026-03-11 17:08:55.007 +07:00 [ERR] Failed to collect Google Trends for region US
System.Net.Http.HttpRequestException: Response status code does not indicate success: 404 (Not Found).
   at System.Net.Http.HttpResponseMessage.EnsureSuccessStatusCode()
   at System.Net.Http.HttpClient.GetStringAsyncCore(HttpRequestMessage request, CancellationToken cancellationToken)
   at AutoVeo.Infrastructure.External.GoogleTrendsCollector.CollectAsync(String region, CancellationToken ct) in /Users/macbook/Documents/Coding/AutoVeo/backend/src/AutoVeo.Infrastructure/External/TrendCollectors.cs:line 175
2026-03-11 17:08:55.008 +07:00 [INF] Saved 0 trends from Google Trends (US)
2026-03-11 17:11:04.517 +07:00 [INF] TrendCrawlerWorker started
2026-03-11 17:11:04.548 +07:00 [INF] RenderPollerWorker started
2026-03-11 17:11:14.691 +07:00 [INF] Crawling YouTube trends for region Global
2026-03-11 17:11:15.227 +07:00 [ERR] YouTube API error: "BadRequest" - {
  "error": {
    "code": 400,
    "message": "API key not valid. Please pass a valid API key.",
    "errors": [
      {
        "message": "API key not valid. Please pass a valid API key.",
        "domain": "global",
        "reason": "badRequest"
      }
    ],
    "status": "INVALID_ARGUMENT",
    "details": [
      {
        "@type": "type.googleapis.com/google.rpc.ErrorInfo",
        "reason": "API_KEY_INVALID",
        "domain": "googleapis.com",
        "metadata": {
          "service": "youtube.googleapis.com"
        }
      },
      {
        "@type": "type.googleapis.com/google.rpc.LocalizedMessage",
        "locale": "en-US",
        "message": "API key not valid. Please pass a valid API key."
      }
    ]
  }
}

2026-03-11 17:11:15.231 +07:00 [ERR] Failed to collect YouTube trends for region Global
System.Net.Http.HttpRequestException: Response status code does not indicate success: 400 (Bad Request).
   at System.Net.Http.HttpResponseMessage.EnsureSuccessStatusCode()
   at AutoVeo.Infrastructure.External.YouTubeTrendCollector.CollectAsync(String region, CancellationToken ct) in /Users/macbook/Documents/Coding/AutoVeo/backend/src/AutoVeo.Infrastructure/External/TrendCollectors.cs:line 44
2026-03-11 17:11:15.255 +07:00 [INF] Saved 0 trends from YouTube (Global)
2026-03-11 17:11:15.255 +07:00 [INF] Crawling YouTube trends for region VN
2026-03-11 17:11:15.376 +07:00 [ERR] YouTube API error: "BadRequest" - {
  "error": {
    "code": 400,
    "message": "API key not valid. Please pass a valid API key.",
    "errors": [
      {
        "message": "API key not valid. Please pass a valid API key.",
        "domain": "global",
        "reason": "badRequest"
      }
    ],
    "status": "INVALID_ARGUMENT",
    "details": [
      {
        "@type": "type.googleapis.com/google.rpc.ErrorInfo",
        "reason": "API_KEY_INVALID",
        "domain": "googleapis.com",
        "metadata": {
          "service": "youtube.googleapis.com"
        }
      },
      {
        "@type": "type.googleapis.com/google.rpc.LocalizedMessage",
        "locale": "en-US",
        "message": "API key not valid. Please pass a valid API key."
      }
    ]
  }
}

2026-03-11 17:11:15.376 +07:00 [ERR] Failed to collect YouTube trends for region VN
System.Net.Http.HttpRequestException: Response status code does not indicate success: 400 (Bad Request).
   at System.Net.Http.HttpResponseMessage.EnsureSuccessStatusCode()
   at AutoVeo.Infrastructure.External.YouTubeTrendCollector.CollectAsync(String region, CancellationToken ct) in /Users/macbook/Documents/Coding/AutoVeo/backend/src/AutoVeo.Infrastructure/External/TrendCollectors.cs:line 44
2026-03-11 17:11:15.377 +07:00 [INF] Saved 0 trends from YouTube (VN)
2026-03-11 17:11:15.377 +07:00 [INF] Crawling YouTube trends for region US
2026-03-11 17:11:15.490 +07:00 [ERR] YouTube API error: "BadRequest" - {
  "error": {
    "code": 400,
    "message": "API key not valid. Please pass a valid API key.",
    "errors": [
      {
        "message": "API key not valid. Please pass a valid API key.",
        "domain": "global",
        "reason": "badRequest"
      }
    ],
    "status": "INVALID_ARGUMENT",
    "details": [
      {
        "@type": "type.googleapis.com/google.rpc.ErrorInfo",
        "reason": "API_KEY_INVALID",
        "domain": "googleapis.com",
        "metadata": {
          "service": "youtube.googleapis.com"
        }
      },
      {
        "@type": "type.googleapis.com/google.rpc.LocalizedMessage",
        "locale": "en-US",
        "message": "API key not valid. Please pass a valid API key."
      }
    ]
  }
}

2026-03-11 17:11:15.491 +07:00 [ERR] Failed to collect YouTube trends for region US
System.Net.Http.HttpRequestException: Response status code does not indicate success: 400 (Bad Request).
   at System.Net.Http.HttpResponseMessage.EnsureSuccessStatusCode()
   at AutoVeo.Infrastructure.External.YouTubeTrendCollector.CollectAsync(String region, CancellationToken ct) in /Users/macbook/Documents/Coding/AutoVeo/backend/src/AutoVeo.Infrastructure/External/TrendCollectors.cs:line 44
2026-03-11 17:11:15.491 +07:00 [INF] Saved 0 trends from YouTube (US)
2026-03-11 17:11:15.495 +07:00 [INF] Crawling TikTok trends for region Global
2026-03-11 17:11:16.189 +07:00 [ERR] Failed to collect TikTok trends for region Global
System.Net.Http.HttpRequestException: Response status code does not indicate success: 404 (Not Found).
   at System.Net.Http.HttpResponseMessage.EnsureSuccessStatusCode()
   at AutoVeo.Infrastructure.External.TikTokTrendCollector.CollectAsync(String region, CancellationToken ct) in /Users/macbook/Documents/Coding/AutoVeo/backend/src/AutoVeo.Infrastructure/External/TrendCollectors.cs:line 123
2026-03-11 17:11:16.190 +07:00 [INF] Saved 0 trends from TikTok (Global)
2026-03-11 17:11:16.190 +07:00 [INF] Crawling TikTok trends for region VN
2026-03-11 17:11:16.650 +07:00 [ERR] Failed to collect TikTok trends for region VN
System.Net.Http.HttpRequestException: Response status code does not indicate success: 404 (Not Found).
   at System.Net.Http.HttpResponseMessage.EnsureSuccessStatusCode()
   at AutoVeo.Infrastructure.External.TikTokTrendCollector.CollectAsync(String region, CancellationToken ct) in /Users/macbook/Documents/Coding/AutoVeo/backend/src/AutoVeo.Infrastructure/External/TrendCollectors.cs:line 123
2026-03-11 17:11:16.651 +07:00 [INF] Saved 0 trends from TikTok (VN)
2026-03-11 17:11:16.651 +07:00 [INF] Crawling TikTok trends for region US
2026-03-11 17:11:17.621 +07:00 [ERR] Failed to collect TikTok trends for region US
System.Net.Http.HttpRequestException: Response status code does not indicate success: 404 (Not Found).
   at System.Net.Http.HttpResponseMessage.EnsureSuccessStatusCode()
   at AutoVeo.Infrastructure.External.TikTokTrendCollector.CollectAsync(String region, CancellationToken ct) in /Users/macbook/Documents/Coding/AutoVeo/backend/src/AutoVeo.Infrastructure/External/TrendCollectors.cs:line 123
2026-03-11 17:11:17.622 +07:00 [INF] Saved 0 trends from TikTok (US)
2026-03-11 17:11:17.625 +07:00 [INF] Crawling Google Trends trends for region Global
2026-03-11 17:11:19.174 +07:00 [INF] Collected 10 Google Trends for region Global
2026-03-11 17:11:19.320 +07:00 [INF] Saved 10 trends from Google Trends (Global)
2026-03-11 17:11:19.320 +07:00 [INF] Crawling Google Trends trends for region VN
2026-03-11 17:11:19.548 +07:00 [INF] Collected 10 Google Trends for region VN
2026-03-11 17:11:19.552 +07:00 [INF] Saved 10 trends from Google Trends (VN)
2026-03-11 17:11:19.552 +07:00 [INF] Crawling Google Trends trends for region US
2026-03-11 17:11:20.286 +07:00 [INF] Collected 10 Google Trends for region US
2026-03-11 17:11:20.298 +07:00 [INF] Saved 10 trends from Google Trends (US)
2026-03-11 21:20:05.966 +07:00 [ERR] HTTP POST /api/auth/refresh-token responded 500 in 16.5160 ms
AutoVeo.Shared.Exceptions.UnauthorizedException: Invalid or expired refresh token.
   at AutoVeo.Infrastructure.Services.AuthService.RefreshTokenAsync(RefreshTokenRequest request, String ipAddress) in /Users/macbook/Documents/Coding/AutoVeo/backend/src/AutoVeo.Infrastructure/Services/AuthService.cs:line 112
   at AutoVeo.Api.Controllers.AuthController.RefreshToken(RefreshTokenRequest request) in /Users/macbook/Documents/Coding/AutoVeo/backend/src/AutoVeo.Api/Controllers/AuthController.cs:line 54
   at lambda_method237(Closure, Object)
   at Microsoft.AspNetCore.Mvc.Infrastructure.ActionMethodExecutor.AwaitableObjectResultExecutor.Execute(ActionContext actionContext, IActionResultTypeMapper mapper, ObjectMethodExecutor executor, Object controller, Object[] arguments)
   at Microsoft.AspNetCore.Mvc.Infrastructure.ControllerActionInvoker.<InvokeActionMethodAsync>g__Awaited|12_0(ControllerActionInvoker invoker, ValueTask`1 actionResultValueTask)
   at Microsoft.AspNetCore.Mvc.Infrastructure.ControllerActionInvoker.<InvokeNextActionFilterAsync>g__Awaited|10_0(ControllerActionInvoker invoker, Task lastTask, State next, Scope scope, Object state, Boolean isCompleted)
   at Microsoft.AspNetCore.Mvc.Infrastructure.ControllerActionInvoker.Rethrow(ActionExecutedContextSealed context)
   at Microsoft.AspNetCore.Mvc.Infrastructure.ControllerActionInvoker.Next(State& next, Scope& scope, Object& state, Boolean& isCompleted)
   at Microsoft.AspNetCore.Mvc.Infrastructure.ControllerActionInvoker.<InvokeInnerFilterAsync>g__Awaited|13_0(ControllerActionInvoker invoker, Task lastTask, State next, Scope scope, Object state, Boolean isCompleted)
   at Microsoft.AspNetCore.Mvc.Infrastructure.ResourceInvoker.<InvokeFilterPipelineAsync>g__Awaited|20_0(ResourceInvoker invoker, Task lastTask, State next, Scope scope, Object state, Boolean isCompleted)
   at Microsoft.AspNetCore.Mvc.Infrastructure.ResourceInvoker.<InvokeAsync>g__Awaited|17_0(ResourceInvoker invoker, Task task, IDisposable scope)
   at Microsoft.AspNetCore.Mvc.Infrastructure.ResourceInvoker.<InvokeAsync>g__Awaited|17_0(ResourceInvoker invoker, Task task, IDisposable scope)
   at Microsoft.AspNetCore.Authorization.AuthorizationMiddleware.Invoke(HttpContext context)
   at Microsoft.AspNetCore.Authentication.AuthenticationMiddleware.Invoke(HttpContext context)
   at Microsoft.AspNetCore.RateLimiting.RateLimitingMiddleware.InvokeInternal(HttpContext context, EnableRateLimitingAttribute enableRateLimitingAttribute)
   at Swashbuckle.AspNetCore.SwaggerUI.SwaggerUIMiddleware.Invoke(HttpContext httpContext)
   at Swashbuckle.AspNetCore.Swagger.SwaggerMiddleware.Invoke(HttpContext httpContext, ISwaggerProvider swaggerProvider)
   at Serilog.AspNetCore.RequestLoggingMiddleware.Invoke(HttpContext httpContext)
2026-03-11 21:20:05.983 +07:00 [WRN] Application error: Invalid or expired refresh token.
AutoVeo.Shared.Exceptions.UnauthorizedException: Invalid or expired refresh token.
   at AutoVeo.Infrastructure.Services.AuthService.RefreshTokenAsync(RefreshTokenRequest request, String ipAddress) in /Users/macbook/Documents/Coding/AutoVeo/backend/src/AutoVeo.Infrastructure/Services/AuthService.cs:line 112
   at AutoVeo.Api.Controllers.AuthController.RefreshToken(RefreshTokenRequest request) in /Users/macbook/Documents/Coding/AutoVeo/backend/src/AutoVeo.Api/Controllers/AuthController.cs:line 54
   at lambda_method237(Closure, Object)
   at Microsoft.AspNetCore.Mvc.Infrastructure.ActionMethodExecutor.AwaitableObjectResultExecutor.Execute(ActionContext actionContext, IActionResultTypeMapper mapper, ObjectMethodExecutor executor, Object controller, Object[] arguments)
   at Microsoft.AspNetCore.Mvc.Infrastructure.ControllerActionInvoker.<InvokeActionMethodAsync>g__Awaited|12_0(ControllerActionInvoker invoker, ValueTask`1 actionResultValueTask)
   at Microsoft.AspNetCore.Mvc.Infrastructure.ControllerActionInvoker.<InvokeNextActionFilterAsync>g__Awaited|10_0(ControllerActionInvoker invoker, Task lastTask, State next, Scope scope, Object state, Boolean isCompleted)
   at Microsoft.AspNetCore.Mvc.Infrastructure.ControllerActionInvoker.Rethrow(ActionExecutedContextSealed context)
   at Microsoft.AspNetCore.Mvc.Infrastructure.ControllerActionInvoker.Next(State& next, Scope& scope, Object& state, Boolean& isCompleted)
   at Microsoft.AspNetCore.Mvc.Infrastructure.ControllerActionInvoker.<InvokeInnerFilterAsync>g__Awaited|13_0(ControllerActionInvoker invoker, Task lastTask, State next, Scope scope, Object state, Boolean isCompleted)
   at Microsoft.AspNetCore.Mvc.Infrastructure.ResourceInvoker.<InvokeFilterPipelineAsync>g__Awaited|20_0(ResourceInvoker invoker, Task lastTask, State next, Scope scope, Object state, Boolean isCompleted)
   at Microsoft.AspNetCore.Mvc.Infrastructure.ResourceInvoker.<InvokeAsync>g__Awaited|17_0(ResourceInvoker invoker, Task task, IDisposable scope)
   at Microsoft.AspNetCore.Mvc.Infrastructure.ResourceInvoker.<InvokeAsync>g__Awaited|17_0(ResourceInvoker invoker, Task task, IDisposable scope)
   at Microsoft.AspNetCore.Authorization.AuthorizationMiddleware.Invoke(HttpContext context)
   at Microsoft.AspNetCore.Authentication.AuthenticationMiddleware.Invoke(HttpContext context)
   at Microsoft.AspNetCore.RateLimiting.RateLimitingMiddleware.InvokeInternal(HttpContext context, EnableRateLimitingAttribute enableRateLimitingAttribute)
   at Swashbuckle.AspNetCore.SwaggerUI.SwaggerUIMiddleware.Invoke(HttpContext httpContext)
   at Swashbuckle.AspNetCore.Swagger.SwaggerMiddleware.Invoke(HttpContext httpContext, ISwaggerProvider swaggerProvider)
   at Serilog.AspNetCore.RequestLoggingMiddleware.Invoke(HttpContext httpContext)
   at AutoVeo.Shared.Middleware.ErrorHandlingMiddleware.InvokeAsync(HttpContext context) in /Users/macbook/Documents/Coding/AutoVeo/backend/src/AutoVeo.Shared/Middleware/ErrorHandlingMiddleware.cs:line 25
