2026-03-13 10:07:52.979 +07:00 [INF] Found 8 pending renders. Attempting to process in parallel...
2026-03-13 10:07:52.988 +07:00 [INF] Starting generation for render "acb55715-50cf-40b1-9434-076577c99a17". Prompt: A tiny seed slowly drifts down from the sky, tumbling gently through the air. The camera follows the seed in slow motion as it descends toward a cracked, dry patch of barren earth under a scorching midday sun. The soil is pale and lifeless. In the distance, the heat creates shimmering mirages. The atmosphere is heavy and still.
Visual style: Cinematic, natural lighting with high contrast and warm tones. Close-up on the seed’s texture as it hits the ground.
Sound: A soft, dry wind blows across the wasteland. Distant, hollow ambient hum. Occasional crackling sound of dry soil. A faint echo of loneliness.
2026-03-13 10:07:53.107 +07:00 [INF] Starting generation for render "991cfc4a-de7b-4d4a-8c2e-dfb9250b1707". Prompt: A single raindrop falls from a cloudy sky, landing on the tiny seed nestled in the dust. More raindrops follow as dark clouds roll in. The cracked soil begins to absorb the water. Slowly, the earth darkens and softens. The seed sinks slightly into the damp ground. A quiet moment of stillness suggests something is changing.
Visual style: Gentle slow motion for each raindrop. Color palette shifts from warm brown to cool gray and deep earthy tones.
Sound: Raindrops hitting dry earth — soft but rhythmic. A low rumble of distant thunder. Peaceful ambient pad begins to rise subtly, evoking hope.
2026-03-13 10:07:53.141 +07:00 [INF] Starting generation for render "73f47366-6857-47c2-87ad-1093b065e07b". Prompt: Underground view: the seed begins to swell and split open. A tiny green sprout emerges, pushing its way through the moist soil. The camera follows it from below as it rises upward, breaking through the surface. Above ground, the sprout greets faint sunlight breaking through the clouds.
Visual style: Macro lens effect underground, transitioning smoothly to wide-angle above ground. Colors shift from dark to bright green.
Sound: Deep, resonant “growth” sound effect as the seed cracks. Muffled, earthy textures underground. A soft, uplifting chord swells as the sprout reaches daylight.
2026-03-13 10:12:22.757 +07:00 [INF] Node script completed for "acb55715-50cf-40b1-9434-076577c99a17". Exit code: 0
2026-03-13 10:12:22.761 +07:00 [ERR] Failed to generate video for render "acb55715-50cf-40b1-9434-076577c99a17"
System.Exception: Script exited 0 but no valid [RESULT] path found in output.
   at AutoVeo.Infrastructure.BackgroundJobs.Veo3GenerationWorker.ProcessSingleRenderAsync(Guid renderId, CancellationToken ct) in /Users/macbook/Documents/Coding/AutoVeo/backend/src/AutoVeo.Infrastructure/BackgroundJobs/Workers.cs:line 281
2026-03-13 10:12:22.809 +07:00 [INF] Starting generation for render "46fad2f6-0827-4c71-89a5-b964fd523912". Prompt: The small sprout stands alone in the open. A gust of strong wind bends it harshly. The sun returns, blazing down. A crow lands nearby and pecks at the soil, threatening the sprout’s fragile existence. Despite this, the sprout trembles but remains upright.
Visual style: Handheld-style camera with slight shakiness during wind. High contrast between sprout and harsh background.
Sound: Loud wind howls across the field. Bird caws sharply. The sprout’s leaves rustle faintly. Tension builds in the ambient music, underscoring danger.
2026-03-13 10:13:45.894 +07:00 [INF] Node script completed for "73f47366-6857-47c2-87ad-1093b065e07b". Exit code: 0
2026-03-13 10:13:45.898 +07:00 [ERR] Failed to generate video for render "73f47366-6857-47c2-87ad-1093b065e07b"
System.Exception: Script exited 0 but no valid [RESULT] path found in output.
   at AutoVeo.Infrastructure.BackgroundJobs.Veo3GenerationWorker.ProcessSingleRenderAsync(Guid renderId, CancellationToken ct) in /Users/macbook/Documents/Coding/AutoVeo/backend/src/AutoVeo.Infrastructure/BackgroundJobs/Workers.cs:line 281
2026-03-13 10:13:45.913 +07:00 [INF] Starting generation for render "af2b7beb-c5cd-4c89-acb5-fee25c79f99b". Prompt: Split-view scene: above ground, the sprout appears unchanged, small and alone. Underground, roots begin to grow deeper and stronger, spreading through the soil. A cross-section reveals the root system anchoring and stabilizing. The sprout's stem subtly thickens as it absorbs more energy from below.
Visual style: Cross-section split screen. Earth-toned color palette with warm glow around roots. Emphasis on symmetry and strength.
Sound: Deep, slow rumble as roots push through. Low frequency tones. A steady, heartbeat-like rhythm suggests resilience. Gentle musical progression suggests inner transformation.
2026-03-13 10:13:47.914 +07:00 [INF] Node script completed for "991cfc4a-de7b-4d4a-8c2e-dfb9250b1707". Exit code: 0
2026-03-13 10:13:47.917 +07:00 [ERR] Failed to generate video for render "991cfc4a-de7b-4d4a-8c2e-dfb9250b1707"
System.Exception: Script exited 0 but no valid [RESULT] path found in output.
   at AutoVeo.Infrastructure.BackgroundJobs.Veo3GenerationWorker.ProcessSingleRenderAsync(Guid renderId, CancellationToken ct) in /Users/macbook/Documents/Coding/AutoVeo/backend/src/AutoVeo.Infrastructure/BackgroundJobs/Workers.cs:line 281
2026-03-13 10:13:47.932 +07:00 [INF] Starting generation for render "48048fdc-cf73-4f57-9608-f764ddfb8753". Prompt: Clouds part in the sky. A golden beam of sunlight breaks through and shines directly on the sprout. The sprout begins to grow rapidly — time-lapse effect — unfurling small leaves as surrounding grass starts to emerge. The landscape subtly shifts from barren to slightly green.
Visual style: Time-lapse style, camera slowly rising as the plant grows. Golden hour lighting. Saturated greens begin to appear.
Sound: Light orchestral swell. Birdsong returns faintly. A hopeful wind chime effect plays as the sprout reaches toward the sun.
2026-03-13 10:15:54.062 +07:00 [INF] Node script completed for "46fad2f6-0827-4c71-89a5-b964fd523912". Exit code: 0
2026-03-13 10:15:54.067 +07:00 [ERR] Failed to generate video for render "46fad2f6-0827-4c71-89a5-b964fd523912"
System.Exception: Script exited 0 but no valid [RESULT] path found in output.
   at AutoVeo.Infrastructure.BackgroundJobs.Veo3GenerationWorker.ProcessSingleRenderAsync(Guid renderId, CancellationToken ct) in /Users/macbook/Documents/Coding/AutoVeo/backend/src/AutoVeo.Infrastructure/BackgroundJobs/Workers.cs:line 281
2026-03-13 10:15:54.083 +07:00 [INF] Starting generation for render "55fbadad-eee3-45a1-b17d-29aeac6ea030". Prompt: The sprout is now a young tree, with sturdy branches and full leaves. The camera circles around it slowly, revealing animals gathering — a rabbit hops by, a bird nests in a branch, butterflies flutter. The ground is now fully green and covered in small flowers. Life has returned.
Visual style: Cinematic drone shot rotating around the tree. Lush, vibrant forest tones. Movement feels peaceful and complete.
Sound: Gentle forest ambience — birds chirping, wind rustling leaves. Soft strings in background music evoke a sense of fulfillment and peace.
2026-03-13 10:16:59.658 +07:00 [INF] Node script completed for "55fbadad-eee3-45a1-b17d-29aeac6ea030". Exit code: 1
2026-03-13 10:16:59.658 +07:00 [INF] Node script completed for "af2b7beb-c5cd-4c89-acb5-fee25c79f99b". Exit code: 1
2026-03-13 10:16:59.664 +07:00 [ERR] Failed to generate video for render "af2b7beb-c5cd-4c89-acb5-fee25c79f99b"
System.Exception: Script exited with code 1. Error: node:internal/process/promises:332
    triggerUncaughtException(err, true /* fromPromise */);
    ^

ProtocolError: Protocol error (Page.handleJavaScriptDialog): No dialog is showing
    at /Users/macbook/Documents/Coding/AutoVeo/automation/node_modules/playwright-core/lib/server/chromium/crConnection.js:111:57
    at new Promise (<anonymous>)
    at CRSession.send (/Users/macbook/Documents/Coding/AutoVeo/automation/node_modules/playwright-core/lib/server/chromium/crConnection.js:110:12)
    at Dialog._onHandle (/Users/macbook/Documents/Coding/AutoVeo/automation/node_modules/playwright-core/lib/server/chromium/crPage.js:665:28)
    at Dialog.dismiss (/Users/macbook/Documents/Coding/AutoVeo/automation/node_modules/playwright-core/lib/server/dialog.js:59:16)
    at Dialog.close (/Users/macbook/Documents/Coding/AutoVeo/automation/node_modules/playwright-core/lib/server/dialog.js:65:18)
    at DialogManager.dialogDidOpen (/Users/macbook/Documents/Coding/AutoVeo/automation/node_modules/playwright-core/lib/server/dialog.js:85:14)
    at FrameSession._onDialog (/Users/macbook/Documents/Coding/AutoVeo/automation/node_modules/playwright-core/lib/server/chromium/crPage.js:658:45)
    at CRSession.<anonymous> (/Users/macbook/Documents/Coding/AutoVeo/automation/node_modules/playwright-core/lib/server/chromium/crPage.js:336:119)
    at CRSession.emit (node:events:508:28) {
  type: 'error',
  method: 'Page.handleJavaScriptDialog',
  logs: undefined
}

Node.js v25.2.1

   at AutoVeo.Infrastructure.BackgroundJobs.Veo3GenerationWorker.ProcessSingleRenderAsync(Guid renderId, CancellationToken ct) in /Users/macbook/Documents/Coding/AutoVeo/backend/src/AutoVeo.Infrastructure/BackgroundJobs/Workers.cs:line 286
2026-03-13 10:16:59.664 +07:00 [ERR] Failed to generate video for render "55fbadad-eee3-45a1-b17d-29aeac6ea030"
System.Exception: Script exited with code 1. Error: node:internal/process/promises:332
    triggerUncaughtException(err, true /* fromPromise */);
    ^

ProtocolError: Protocol error (Page.handleJavaScriptDialog): No dialog is showing
    at /Users/macbook/Documents/Coding/AutoVeo/automation/node_modules/playwright-core/lib/server/chromium/crConnection.js:111:57
    at new Promise (<anonymous>)
    at CRSession.send (/Users/macbook/Documents/Coding/AutoVeo/automation/node_modules/playwright-core/lib/server/chromium/crConnection.js:110:12)
    at Dialog._onHandle (/Users/macbook/Documents/Coding/AutoVeo/automation/node_modules/playwright-core/lib/server/chromium/crPage.js:665:28)
    at Dialog.dismiss (/Users/macbook/Documents/Coding/AutoVeo/automation/node_modules/playwright-core/lib/server/dialog.js:59:16)
    at Dialog.close (/Users/macbook/Documents/Coding/AutoVeo/automation/node_modules/playwright-core/lib/server/dialog.js:65:18)
    at DialogManager.dialogDidOpen (/Users/macbook/Documents/Coding/AutoVeo/automation/node_modules/playwright-core/lib/server/dialog.js:85:14)
    at FrameSession._onDialog (/Users/macbook/Documents/Coding/AutoVeo/automation/node_modules/playwright-core/lib/server/chromium/crPage.js:658:45)
    at CRSession.<anonymous> (/Users/macbook/Documents/Coding/AutoVeo/automation/node_modules/playwright-core/lib/server/chromium/crPage.js:336:119)
    at CRSession.emit (node:events:508:28) {
  type: 'error',
  method: 'Page.handleJavaScriptDialog',
  logs: undefined
}

Node.js v25.2.1

   at AutoVeo.Infrastructure.BackgroundJobs.Veo3GenerationWorker.ProcessSingleRenderAsync(Guid renderId, CancellationToken ct) in /Users/macbook/Documents/Coding/AutoVeo/backend/src/AutoVeo.Infrastructure/BackgroundJobs/Workers.cs:line 286
2026-03-13 10:16:59.719 +07:00 [INF] Starting generation for render "b9141de5-9e6f-44cc-8cce-ab5e12d8e92c". Prompt: Close-up of the now-mature tree swaying gently in the wind. One small seed detaches from a branch and floats into the air, drifting slowly as the camera pans upward to follow it. It floats beyond the frame, toward a distant horizon — a quiet promise of a new beginning.
Visual style: Slow-motion close-up. Dreamy, glowing backlight from the sunset. The background blurs slightly for a poetic feel.
Sound: Gentle breeze. Soft piano melody plays. The ambient music resolves in a warm, uplifting major chord. Fade to silence as the seed disappears into the sky.
2026-03-13 10:19:35.038 +07:00 [INF] Node script completed for "48048fdc-cf73-4f57-9608-f764ddfb8753". Exit code: 0
2026-03-13 10:19:35.040 +07:00 [ERR] Failed to generate video for render "48048fdc-cf73-4f57-9608-f764ddfb8753"
System.Exception: Script exited 0 but no valid [RESULT] path found in output.
   at AutoVeo.Infrastructure.BackgroundJobs.Veo3GenerationWorker.ProcessSingleRenderAsync(Guid renderId, CancellationToken ct) in /Users/macbook/Documents/Coding/AutoVeo/backend/src/AutoVeo.Infrastructure/BackgroundJobs/Workers.cs:line 281
2026-03-13 10:19:47.359 +07:00 [ERR] HTTP POST /api/auth/refresh-token responded 500 in 35.4354 ms
Microsoft.AspNetCore.Server.Kestrel.Core.BadHttpRequestException: Unexpected end of request content.
   at Microsoft.AspNetCore.Server.Kestrel.Core.Internal.Http.Http1ContentLengthMessageBody.ReadAsyncInternal(CancellationToken cancellationToken)
   at System.Runtime.CompilerServices.PoolingAsyncValueTaskMethodBuilder`1.StateMachineBox`1.System.Threading.Tasks.Sources.IValueTaskSource<TResult>.GetResult(Int16 token)
   at Microsoft.AspNetCore.Server.Kestrel.Core.Internal.Http.HttpRequestStream.ReadAsyncInternal(Memory`1 destination, CancellationToken cancellationToken)
   at System.Runtime.CompilerServices.PoolingAsyncValueTaskMethodBuilder`1.StateMachineBox`1.System.Threading.Tasks.Sources.IValueTaskSource<TResult>.GetResult(Int16 token)
   at System.Text.Json.Serialization.ReadBufferState.ReadFromStreamAsync(Stream utf8Json, CancellationToken cancellationToken, Boolean fillBuffer)
   at System.Text.Json.Serialization.Metadata.JsonTypeInfo`1.DeserializeAsync(Stream utf8Json, CancellationToken cancellationToken)
   at System.Text.Json.Serialization.Metadata.JsonTypeInfo`1.DeserializeAsObjectAsync(Stream utf8Json, CancellationToken cancellationToken)
   at Microsoft.AspNetCore.Mvc.Formatters.SystemTextJsonInputFormatter.ReadRequestBodyAsync(InputFormatterContext context, Encoding encoding)
   at Microsoft.AspNetCore.Mvc.Formatters.SystemTextJsonInputFormatter.ReadRequestBodyAsync(InputFormatterContext context, Encoding encoding)
   at Microsoft.AspNetCore.Mvc.ModelBinding.Binders.BodyModelBinder.BindModelAsync(ModelBindingContext bindingContext)
   at Microsoft.AspNetCore.Mvc.ModelBinding.ParameterBinder.BindModelAsync(ActionContext actionContext, IModelBinder modelBinder, IValueProvider valueProvider, ParameterDescriptor parameter, ModelMetadata metadata, Object value, Object container)
   at Microsoft.AspNetCore.Mvc.Controllers.ControllerBinderDelegateProvider.<>c__DisplayClass0_0.<<CreateBinderDelegate>g__Bind|0>d.MoveNext()
--- End of stack trace from previous location ---
   at Microsoft.AspNetCore.Mvc.Infrastructure.ControllerActionInvoker.<InvokeInnerFilterAsync>g__Awaited|13_0(ControllerActionInvoker invoker, Task lastTask, State next, Scope scope, Object state, Boolean isCompleted)
   at Microsoft.AspNetCore.Mvc.Infrastructure.ResourceInvoker.<InvokeFilterPipelineAsync>g__Awaited|20_0(ResourceInvoker invoker, Task lastTask, State next, Scope scope, Object state, Boolean isCompleted)
   at Microsoft.AspNetCore.Mvc.Infrastructure.ResourceInvoker.<InvokeAsync>g__Awaited|17_0(ResourceInvoker invoker, Task task, IDisposable scope)
   at Microsoft.AspNetCore.Mvc.Infrastructure.ResourceInvoker.<InvokeAsync>g__Awaited|17_0(ResourceInvoker invoker, Task task, IDisposable scope)
   at Microsoft.AspNetCore.Authorization.AuthorizationMiddleware.Invoke(HttpContext context)
   at Microsoft.AspNetCore.Authentication.AuthenticationMiddleware.Invoke(HttpContext context)
   at Microsoft.AspNetCore.RateLimiting.RateLimitingMiddleware.InvokeInternal(HttpContext context, EnableRateLimitingAttribute enableRateLimitingAttribute)
   at Swashbuckle.AspNetCore.SwaggerUI.SwaggerUIMiddleware.Invoke(HttpContext httpContext)
   at Swashbuckle.AspNetCore.Swagger.SwaggerMiddleware.Invoke(HttpContext httpContext, ISwaggerProvider swaggerProvider)
   at Serilog.AspNetCore.RequestLoggingMiddleware.Invoke(HttpContext httpContext)
2026-03-13 10:19:47.359 +07:00 [ERR] HTTP POST /api/auth/refresh-token responded 500 in 16.8214 ms
Microsoft.AspNetCore.Server.Kestrel.Core.BadHttpRequestException: Unexpected end of request content.
   at Microsoft.AspNetCore.Server.Kestrel.Core.Internal.Http.Http1ContentLengthMessageBody.ReadAsyncInternal(CancellationToken cancellationToken)
   at System.Runtime.CompilerServices.PoolingAsyncValueTaskMethodBuilder`1.StateMachineBox`1.System.Threading.Tasks.Sources.IValueTaskSource<TResult>.GetResult(Int16 token)
   at Microsoft.AspNetCore.Server.Kestrel.Core.Internal.Http.HttpRequestStream.ReadAsyncInternal(Memory`1 destination, CancellationToken cancellationToken)
   at System.Runtime.CompilerServices.PoolingAsyncValueTaskMethodBuilder`1.StateMachineBox`1.System.Threading.Tasks.Sources.IValueTaskSource<TResult>.GetResult(Int16 token)
   at System.Text.Json.Serialization.ReadBufferState.ReadFromStreamAsync(Stream utf8Json, CancellationToken cancellationToken, Boolean fillBuffer)
   at System.Text.Json.Serialization.Metadata.JsonTypeInfo`1.DeserializeAsync(Stream utf8Json, CancellationToken cancellationToken)
   at System.Text.Json.Serialization.Metadata.JsonTypeInfo`1.DeserializeAsObjectAsync(Stream utf8Json, CancellationToken cancellationToken)
   at Microsoft.AspNetCore.Mvc.Formatters.SystemTextJsonInputFormatter.ReadRequestBodyAsync(InputFormatterContext context, Encoding encoding)
   at Microsoft.AspNetCore.Mvc.Formatters.SystemTextJsonInputFormatter.ReadRequestBodyAsync(InputFormatterContext context, Encoding encoding)
   at Microsoft.AspNetCore.Mvc.ModelBinding.Binders.BodyModelBinder.BindModelAsync(ModelBindingContext bindingContext)
   at Microsoft.AspNetCore.Mvc.ModelBinding.ParameterBinder.BindModelAsync(ActionContext actionContext, IModelBinder modelBinder, IValueProvider valueProvider, ParameterDescriptor parameter, ModelMetadata metadata, Object value, Object container)
   at Microsoft.AspNetCore.Mvc.Controllers.ControllerBinderDelegateProvider.<>c__DisplayClass0_0.<<CreateBinderDelegate>g__Bind|0>d.MoveNext()
--- End of stack trace from previous location ---
   at Microsoft.AspNetCore.Mvc.Infrastructure.ControllerActionInvoker.<InvokeInnerFilterAsync>g__Awaited|13_0(ControllerActionInvoker invoker, Task lastTask, State next, Scope scope, Object state, Boolean isCompleted)
   at Microsoft.AspNetCore.Mvc.Infrastructure.ResourceInvoker.<InvokeFilterPipelineAsync>g__Awaited|20_0(ResourceInvoker invoker, Task lastTask, State next, Scope scope, Object state, Boolean isCompleted)
   at Microsoft.AspNetCore.Mvc.Infrastructure.ResourceInvoker.<InvokeAsync>g__Awaited|17_0(ResourceInvoker invoker, Task task, IDisposable scope)
   at Microsoft.AspNetCore.Mvc.Infrastructure.ResourceInvoker.<InvokeAsync>g__Awaited|17_0(ResourceInvoker invoker, Task task, IDisposable scope)
   at Microsoft.AspNetCore.Authorization.AuthorizationMiddleware.Invoke(HttpContext context)
   at Microsoft.AspNetCore.Authentication.AuthenticationMiddleware.Invoke(HttpContext context)
   at Microsoft.AspNetCore.RateLimiting.RateLimitingMiddleware.InvokeInternal(HttpContext context, EnableRateLimitingAttribute enableRateLimitingAttribute)
   at Swashbuckle.AspNetCore.SwaggerUI.SwaggerUIMiddleware.Invoke(HttpContext httpContext)
   at Swashbuckle.AspNetCore.Swagger.SwaggerMiddleware.Invoke(HttpContext httpContext, ISwaggerProvider swaggerProvider)
   at Serilog.AspNetCore.RequestLoggingMiddleware.Invoke(HttpContext httpContext)
2026-03-13 10:19:47.359 +07:00 [ERR] HTTP POST /api/auth/refresh-token responded 500 in 35.9816 ms
Microsoft.AspNetCore.Server.Kestrel.Core.BadHttpRequestException: Unexpected end of request content.
   at Microsoft.AspNetCore.Server.Kestrel.Core.Internal.Http.Http1ContentLengthMessageBody.ReadAsyncInternal(CancellationToken cancellationToken)
   at System.Runtime.CompilerServices.PoolingAsyncValueTaskMethodBuilder`1.StateMachineBox`1.System.Threading.Tasks.Sources.IValueTaskSource<TResult>.GetResult(Int16 token)
   at Microsoft.AspNetCore.Server.Kestrel.Core.Internal.Http.HttpRequestStream.ReadAsyncInternal(Memory`1 destination, CancellationToken cancellationToken)
   at System.Runtime.CompilerServices.PoolingAsyncValueTaskMethodBuilder`1.StateMachineBox`1.System.Threading.Tasks.Sources.IValueTaskSource<TResult>.GetResult(Int16 token)
   at System.Text.Json.Serialization.ReadBufferState.ReadFromStreamAsync(Stream utf8Json, CancellationToken cancellationToken, Boolean fillBuffer)
   at System.Text.Json.Serialization.Metadata.JsonTypeInfo`1.DeserializeAsync(Stream utf8Json, CancellationToken cancellationToken)
   at System.Text.Json.Serialization.Metadata.JsonTypeInfo`1.DeserializeAsObjectAsync(Stream utf8Json, CancellationToken cancellationToken)
   at Microsoft.AspNetCore.Mvc.Formatters.SystemTextJsonInputFormatter.ReadRequestBodyAsync(InputFormatterContext context, Encoding encoding)
   at Microsoft.AspNetCore.Mvc.Formatters.SystemTextJsonInputFormatter.ReadRequestBodyAsync(InputFormatterContext context, Encoding encoding)
   at Microsoft.AspNetCore.Mvc.ModelBinding.Binders.BodyModelBinder.BindModelAsync(ModelBindingContext bindingContext)
   at Microsoft.AspNetCore.Mvc.ModelBinding.ParameterBinder.BindModelAsync(ActionContext actionContext, IModelBinder modelBinder, IValueProvider valueProvider, ParameterDescriptor parameter, ModelMetadata metadata, Object value, Object container)
   at Microsoft.AspNetCore.Mvc.Controllers.ControllerBinderDelegateProvider.<>c__DisplayClass0_0.<<CreateBinderDelegate>g__Bind|0>d.MoveNext()
--- End of stack trace from previous location ---
   at Microsoft.AspNetCore.Mvc.Infrastructure.ControllerActionInvoker.<InvokeInnerFilterAsync>g__Awaited|13_0(ControllerActionInvoker invoker, Task lastTask, State next, Scope scope, Object state, Boolean isCompleted)
   at Microsoft.AspNetCore.Mvc.Infrastructure.ResourceInvoker.<InvokeFilterPipelineAsync>g__Awaited|20_0(ResourceInvoker invoker, Task lastTask, State next, Scope scope, Object state, Boolean isCompleted)
   at Microsoft.AspNetCore.Mvc.Infrastructure.ResourceInvoker.<InvokeAsync>g__Awaited|17_0(ResourceInvoker invoker, Task task, IDisposable scope)
   at Microsoft.AspNetCore.Mvc.Infrastructure.ResourceInvoker.<InvokeAsync>g__Awaited|17_0(ResourceInvoker invoker, Task task, IDisposable scope)
   at Microsoft.AspNetCore.Authorization.AuthorizationMiddleware.Invoke(HttpContext context)
   at Microsoft.AspNetCore.Authentication.AuthenticationMiddleware.Invoke(HttpContext context)
   at Microsoft.AspNetCore.RateLimiting.RateLimitingMiddleware.InvokeInternal(HttpContext context, EnableRateLimitingAttribute enableRateLimitingAttribute)
   at Swashbuckle.AspNetCore.SwaggerUI.SwaggerUIMiddleware.Invoke(HttpContext httpContext)
   at Swashbuckle.AspNetCore.Swagger.SwaggerMiddleware.Invoke(HttpContext httpContext, ISwaggerProvider swaggerProvider)
   at Serilog.AspNetCore.RequestLoggingMiddleware.Invoke(HttpContext httpContext)
2026-03-13 10:19:47.369 +07:00 [ERR] Unhandled exception: Unexpected end of request content.
Microsoft.AspNetCore.Server.Kestrel.Core.BadHttpRequestException: Unexpected end of request content.
   at Microsoft.AspNetCore.Server.Kestrel.Core.Internal.Http.Http1ContentLengthMessageBody.ReadAsyncInternal(CancellationToken cancellationToken)
   at System.Runtime.CompilerServices.PoolingAsyncValueTaskMethodBuilder`1.StateMachineBox`1.System.Threading.Tasks.Sources.IValueTaskSource<TResult>.GetResult(Int16 token)
   at Microsoft.AspNetCore.Server.Kestrel.Core.Internal.Http.HttpRequestStream.ReadAsyncInternal(Memory`1 destination, CancellationToken cancellationToken)
   at System.Runtime.CompilerServices.PoolingAsyncValueTaskMethodBuilder`1.StateMachineBox`1.System.Threading.Tasks.Sources.IValueTaskSource<TResult>.GetResult(Int16 token)
   at System.Text.Json.Serialization.ReadBufferState.ReadFromStreamAsync(Stream utf8Json, CancellationToken cancellationToken, Boolean fillBuffer)
   at System.Text.Json.Serialization.Metadata.JsonTypeInfo`1.DeserializeAsync(Stream utf8Json, CancellationToken cancellationToken)
   at System.Text.Json.Serialization.Metadata.JsonTypeInfo`1.DeserializeAsObjectAsync(Stream utf8Json, CancellationToken cancellationToken)
   at Microsoft.AspNetCore.Mvc.Formatters.SystemTextJsonInputFormatter.ReadRequestBodyAsync(InputFormatterContext context, Encoding encoding)
   at Microsoft.AspNetCore.Mvc.Formatters.SystemTextJsonInputFormatter.ReadRequestBodyAsync(InputFormatterContext context, Encoding encoding)
   at Microsoft.AspNetCore.Mvc.ModelBinding.Binders.BodyModelBinder.BindModelAsync(ModelBindingContext bindingContext)
   at Microsoft.AspNetCore.Mvc.ModelBinding.ParameterBinder.BindModelAsync(ActionContext actionContext, IModelBinder modelBinder, IValueProvider valueProvider, ParameterDescriptor parameter, ModelMetadata metadata, Object value, Object container)
   at Microsoft.AspNetCore.Mvc.Controllers.ControllerBinderDelegateProvider.<>c__DisplayClass0_0.<<CreateBinderDelegate>g__Bind|0>d.MoveNext()
--- End of stack trace from previous location ---
   at Microsoft.AspNetCore.Mvc.Infrastructure.ControllerActionInvoker.<InvokeInnerFilterAsync>g__Awaited|13_0(ControllerActionInvoker invoker, Task lastTask, State next, Scope scope, Object state, Boolean isCompleted)
   at Microsoft.AspNetCore.Mvc.Infrastructure.ResourceInvoker.<InvokeFilterPipelineAsync>g__Awaited|20_0(ResourceInvoker invoker, Task lastTask, State next, Scope scope, Object state, Boolean isCompleted)
   at Microsoft.AspNetCore.Mvc.Infrastructure.ResourceInvoker.<InvokeAsync>g__Awaited|17_0(ResourceInvoker invoker, Task task, IDisposable scope)
   at Microsoft.AspNetCore.Mvc.Infrastructure.ResourceInvoker.<InvokeAsync>g__Awaited|17_0(ResourceInvoker invoker, Task task, IDisposable scope)
   at Microsoft.AspNetCore.Authorization.AuthorizationMiddleware.Invoke(HttpContext context)
   at Microsoft.AspNetCore.Authentication.AuthenticationMiddleware.Invoke(HttpContext context)
   at Microsoft.AspNetCore.RateLimiting.RateLimitingMiddleware.InvokeInternal(HttpContext context, EnableRateLimitingAttribute enableRateLimitingAttribute)
   at Swashbuckle.AspNetCore.SwaggerUI.SwaggerUIMiddleware.Invoke(HttpContext httpContext)
   at Swashbuckle.AspNetCore.Swagger.SwaggerMiddleware.Invoke(HttpContext httpContext, ISwaggerProvider swaggerProvider)
   at Serilog.AspNetCore.RequestLoggingMiddleware.Invoke(HttpContext httpContext)
   at AutoVeo.Shared.Middleware.ErrorHandlingMiddleware.InvokeAsync(HttpContext context) in /Users/macbook/Documents/Coding/AutoVeo/backend/src/AutoVeo.Shared/Middleware/ErrorHandlingMiddleware.cs:line 25
2026-03-13 10:19:47.369 +07:00 [ERR] Unhandled exception: Unexpected end of request content.
Microsoft.AspNetCore.Server.Kestrel.Core.BadHttpRequestException: Unexpected end of request content.
   at Microsoft.AspNetCore.Server.Kestrel.Core.Internal.Http.Http1ContentLengthMessageBody.ReadAsyncInternal(CancellationToken cancellationToken)
   at System.Runtime.CompilerServices.PoolingAsyncValueTaskMethodBuilder`1.StateMachineBox`1.System.Threading.Tasks.Sources.IValueTaskSource<TResult>.GetResult(Int16 token)
   at Microsoft.AspNetCore.Server.Kestrel.Core.Internal.Http.HttpRequestStream.ReadAsyncInternal(Memory`1 destination, CancellationToken cancellationToken)
   at System.Runtime.CompilerServices.PoolingAsyncValueTaskMethodBuilder`1.StateMachineBox`1.System.Threading.Tasks.Sources.IValueTaskSource<TResult>.GetResult(Int16 token)
   at System.Text.Json.Serialization.ReadBufferState.ReadFromStreamAsync(Stream utf8Json, CancellationToken cancellationToken, Boolean fillBuffer)
   at System.Text.Json.Serialization.Metadata.JsonTypeInfo`1.DeserializeAsync(Stream utf8Json, CancellationToken cancellationToken)
   at System.Text.Json.Serialization.Metadata.JsonTypeInfo`1.DeserializeAsObjectAsync(Stream utf8Json, CancellationToken cancellationToken)
   at Microsoft.AspNetCore.Mvc.Formatters.SystemTextJsonInputFormatter.ReadRequestBodyAsync(InputFormatterContext context, Encoding encoding)
   at Microsoft.AspNetCore.Mvc.Formatters.SystemTextJsonInputFormatter.ReadRequestBodyAsync(InputFormatterContext context, Encoding encoding)
   at Microsoft.AspNetCore.Mvc.ModelBinding.Binders.BodyModelBinder.BindModelAsync(ModelBindingContext bindingContext)
   at Microsoft.AspNetCore.Mvc.ModelBinding.ParameterBinder.BindModelAsync(ActionContext actionContext, IModelBinder modelBinder, IValueProvider valueProvider, ParameterDescriptor parameter, ModelMetadata metadata, Object value, Object container)
   at Microsoft.AspNetCore.Mvc.Controllers.ControllerBinderDelegateProvider.<>c__DisplayClass0_0.<<CreateBinderDelegate>g__Bind|0>d.MoveNext()
--- End of stack trace from previous location ---
   at Microsoft.AspNetCore.Mvc.Infrastructure.ControllerActionInvoker.<InvokeInnerFilterAsync>g__Awaited|13_0(ControllerActionInvoker invoker, Task lastTask, State next, Scope scope, Object state, Boolean isCompleted)
   at Microsoft.AspNetCore.Mvc.Infrastructure.ResourceInvoker.<InvokeFilterPipelineAsync>g__Awaited|20_0(ResourceInvoker invoker, Task lastTask, State next, Scope scope, Object state, Boolean isCompleted)
   at Microsoft.AspNetCore.Mvc.Infrastructure.ResourceInvoker.<InvokeAsync>g__Awaited|17_0(ResourceInvoker invoker, Task task, IDisposable scope)
   at Microsoft.AspNetCore.Mvc.Infrastructure.ResourceInvoker.<InvokeAsync>g__Awaited|17_0(ResourceInvoker invoker, Task task, IDisposable scope)
   at Microsoft.AspNetCore.Authorization.AuthorizationMiddleware.Invoke(HttpContext context)
   at Microsoft.AspNetCore.Authentication.AuthenticationMiddleware.Invoke(HttpContext context)
   at Microsoft.AspNetCore.RateLimiting.RateLimitingMiddleware.InvokeInternal(HttpContext context, EnableRateLimitingAttribute enableRateLimitingAttribute)
   at Swashbuckle.AspNetCore.SwaggerUI.SwaggerUIMiddleware.Invoke(HttpContext httpContext)
   at Swashbuckle.AspNetCore.Swagger.SwaggerMiddleware.Invoke(HttpContext httpContext, ISwaggerProvider swaggerProvider)
   at Serilog.AspNetCore.RequestLoggingMiddleware.Invoke(HttpContext httpContext)
   at AutoVeo.Shared.Middleware.ErrorHandlingMiddleware.InvokeAsync(HttpContext context) in /Users/macbook/Documents/Coding/AutoVeo/backend/src/AutoVeo.Shared/Middleware/ErrorHandlingMiddleware.cs:line 25
2026-03-13 10:19:47.369 +07:00 [ERR] Unhandled exception: Unexpected end of request content.
Microsoft.AspNetCore.Server.Kestrel.Core.BadHttpRequestException: Unexpected end of request content.
   at Microsoft.AspNetCore.Server.Kestrel.Core.Internal.Http.Http1ContentLengthMessageBody.ReadAsyncInternal(CancellationToken cancellationToken)
   at System.Runtime.CompilerServices.PoolingAsyncValueTaskMethodBuilder`1.StateMachineBox`1.System.Threading.Tasks.Sources.IValueTaskSource<TResult>.GetResult(Int16 token)
   at Microsoft.AspNetCore.Server.Kestrel.Core.Internal.Http.HttpRequestStream.ReadAsyncInternal(Memory`1 destination, CancellationToken cancellationToken)
   at System.Runtime.CompilerServices.PoolingAsyncValueTaskMethodBuilder`1.StateMachineBox`1.System.Threading.Tasks.Sources.IValueTaskSource<TResult>.GetResult(Int16 token)
   at System.Text.Json.Serialization.ReadBufferState.ReadFromStreamAsync(Stream utf8Json, CancellationToken cancellationToken, Boolean fillBuffer)
   at System.Text.Json.Serialization.Metadata.JsonTypeInfo`1.DeserializeAsync(Stream utf8Json, CancellationToken cancellationToken)
   at System.Text.Json.Serialization.Metadata.JsonTypeInfo`1.DeserializeAsObjectAsync(Stream utf8Json, CancellationToken cancellationToken)
   at Microsoft.AspNetCore.Mvc.Formatters.SystemTextJsonInputFormatter.ReadRequestBodyAsync(InputFormatterContext context, Encoding encoding)
   at Microsoft.AspNetCore.Mvc.Formatters.SystemTextJsonInputFormatter.ReadRequestBodyAsync(InputFormatterContext context, Encoding encoding)
   at Microsoft.AspNetCore.Mvc.ModelBinding.Binders.BodyModelBinder.BindModelAsync(ModelBindingContext bindingContext)
   at Microsoft.AspNetCore.Mvc.ModelBinding.ParameterBinder.BindModelAsync(ActionContext actionContext, IModelBinder modelBinder, IValueProvider valueProvider, ParameterDescriptor parameter, ModelMetadata metadata, Object value, Object container)
   at Microsoft.AspNetCore.Mvc.Controllers.ControllerBinderDelegateProvider.<>c__DisplayClass0_0.<<CreateBinderDelegate>g__Bind|0>d.MoveNext()
--- End of stack trace from previous location ---
   at Microsoft.AspNetCore.Mvc.Infrastructure.ControllerActionInvoker.<InvokeInnerFilterAsync>g__Awaited|13_0(ControllerActionInvoker invoker, Task lastTask, State next, Scope scope, Object state, Boolean isCompleted)
   at Microsoft.AspNetCore.Mvc.Infrastructure.ResourceInvoker.<InvokeFilterPipelineAsync>g__Awaited|20_0(ResourceInvoker invoker, Task lastTask, State next, Scope scope, Object state, Boolean isCompleted)
   at Microsoft.AspNetCore.Mvc.Infrastructure.ResourceInvoker.<InvokeAsync>g__Awaited|17_0(ResourceInvoker invoker, Task task, IDisposable scope)
   at Microsoft.AspNetCore.Mvc.Infrastructure.ResourceInvoker.<InvokeAsync>g__Awaited|17_0(ResourceInvoker invoker, Task task, IDisposable scope)
   at Microsoft.AspNetCore.Authorization.AuthorizationMiddleware.Invoke(HttpContext context)
   at Microsoft.AspNetCore.Authentication.AuthenticationMiddleware.Invoke(HttpContext context)
   at Microsoft.AspNetCore.RateLimiting.RateLimitingMiddleware.InvokeInternal(HttpContext context, EnableRateLimitingAttribute enableRateLimitingAttribute)
   at Swashbuckle.AspNetCore.SwaggerUI.SwaggerUIMiddleware.Invoke(HttpContext httpContext)
   at Swashbuckle.AspNetCore.Swagger.SwaggerMiddleware.Invoke(HttpContext httpContext, ISwaggerProvider swaggerProvider)
   at Serilog.AspNetCore.RequestLoggingMiddleware.Invoke(HttpContext httpContext)
   at AutoVeo.Shared.Middleware.ErrorHandlingMiddleware.InvokeAsync(HttpContext context) in /Users/macbook/Documents/Coding/AutoVeo/backend/src/AutoVeo.Shared/Middleware/ErrorHandlingMiddleware.cs:line 25
2026-03-13 10:19:47.445 +07:00 [ERR] HTTP POST /api/auth/refresh-token responded 500 in 2.0154 ms
Microsoft.AspNetCore.Server.Kestrel.Core.BadHttpRequestException: Unexpected end of request content.
   at Microsoft.AspNetCore.Server.Kestrel.Core.Internal.Http.Http1ContentLengthMessageBody.ReadAsyncInternal(CancellationToken cancellationToken)
   at System.Runtime.CompilerServices.PoolingAsyncValueTaskMethodBuilder`1.StateMachineBox`1.System.Threading.Tasks.Sources.IValueTaskSource<TResult>.GetResult(Int16 token)
   at Microsoft.AspNetCore.Server.Kestrel.Core.Internal.Http.HttpRequestStream.ReadAsyncInternal(Memory`1 destination, CancellationToken cancellationToken)
   at System.Runtime.CompilerServices.PoolingAsyncValueTaskMethodBuilder`1.StateMachineBox`1.System.Threading.Tasks.Sources.IValueTaskSource<TResult>.GetResult(Int16 token)
   at System.Text.Json.Serialization.ReadBufferState.ReadFromStreamAsync(Stream utf8Json, CancellationToken cancellationToken, Boolean fillBuffer)
   at System.Text.Json.Serialization.Metadata.JsonTypeInfo`1.DeserializeAsync(Stream utf8Json, CancellationToken cancellationToken)
   at System.Text.Json.Serialization.Metadata.JsonTypeInfo`1.DeserializeAsObjectAsync(Stream utf8Json, CancellationToken cancellationToken)
   at Microsoft.AspNetCore.Mvc.Formatters.SystemTextJsonInputFormatter.ReadRequestBodyAsync(InputFormatterContext context, Encoding encoding)
   at Microsoft.AspNetCore.Mvc.Formatters.SystemTextJsonInputFormatter.ReadRequestBodyAsync(InputFormatterContext context, Encoding encoding)
   at Microsoft.AspNetCore.Mvc.ModelBinding.Binders.BodyModelBinder.BindModelAsync(ModelBindingContext bindingContext)
   at Microsoft.AspNetCore.Mvc.ModelBinding.ParameterBinder.BindModelAsync(ActionContext actionContext, IModelBinder modelBinder, IValueProvider valueProvider, ParameterDescriptor parameter, ModelMetadata metadata, Object value, Object container)
   at Microsoft.AspNetCore.Mvc.Controllers.ControllerBinderDelegateProvider.<>c__DisplayClass0_0.<<CreateBinderDelegate>g__Bind|0>d.MoveNext()
--- End of stack trace from previous location ---
   at Microsoft.AspNetCore.Mvc.Infrastructure.ControllerActionInvoker.<InvokeInnerFilterAsync>g__Awaited|13_0(ControllerActionInvoker invoker, Task lastTask, State next, Scope scope, Object state, Boolean isCompleted)
   at Microsoft.AspNetCore.Mvc.Infrastructure.ResourceInvoker.<InvokeFilterPipelineAsync>g__Awaited|20_0(ResourceInvoker invoker, Task lastTask, State next, Scope scope, Object state, Boolean isCompleted)
   at Microsoft.AspNetCore.Mvc.Infrastructure.ResourceInvoker.<InvokeAsync>g__Awaited|17_0(ResourceInvoker invoker, Task task, IDisposable scope)
   at Microsoft.AspNetCore.Mvc.Infrastructure.ResourceInvoker.<InvokeAsync>g__Awaited|17_0(ResourceInvoker invoker, Task task, IDisposable scope)
   at Microsoft.AspNetCore.Authorization.AuthorizationMiddleware.Invoke(HttpContext context)
   at Microsoft.AspNetCore.Authentication.AuthenticationMiddleware.Invoke(HttpContext context)
   at Microsoft.AspNetCore.RateLimiting.RateLimitingMiddleware.InvokeInternal(HttpContext context, EnableRateLimitingAttribute enableRateLimitingAttribute)
   at Swashbuckle.AspNetCore.SwaggerUI.SwaggerUIMiddleware.Invoke(HttpContext httpContext)
   at Swashbuckle.AspNetCore.Swagger.SwaggerMiddleware.Invoke(HttpContext httpContext, ISwaggerProvider swaggerProvider)
   at Serilog.AspNetCore.RequestLoggingMiddleware.Invoke(HttpContext httpContext)
2026-03-13 10:19:47.448 +07:00 [ERR] Unhandled exception: Unexpected end of request content.
Microsoft.AspNetCore.Server.Kestrel.Core.BadHttpRequestException: Unexpected end of request content.
   at Microsoft.AspNetCore.Server.Kestrel.Core.Internal.Http.Http1ContentLengthMessageBody.ReadAsyncInternal(CancellationToken cancellationToken)
   at System.Runtime.CompilerServices.PoolingAsyncValueTaskMethodBuilder`1.StateMachineBox`1.System.Threading.Tasks.Sources.IValueTaskSource<TResult>.GetResult(Int16 token)
   at Microsoft.AspNetCore.Server.Kestrel.Core.Internal.Http.HttpRequestStream.ReadAsyncInternal(Memory`1 destination, CancellationToken cancellationToken)
   at System.Runtime.CompilerServices.PoolingAsyncValueTaskMethodBuilder`1.StateMachineBox`1.System.Threading.Tasks.Sources.IValueTaskSource<TResult>.GetResult(Int16 token)
   at System.Text.Json.Serialization.ReadBufferState.ReadFromStreamAsync(Stream utf8Json, CancellationToken cancellationToken, Boolean fillBuffer)
   at System.Text.Json.Serialization.Metadata.JsonTypeInfo`1.DeserializeAsync(Stream utf8Json, CancellationToken cancellationToken)
   at System.Text.Json.Serialization.Metadata.JsonTypeInfo`1.DeserializeAsObjectAsync(Stream utf8Json, CancellationToken cancellationToken)
   at Microsoft.AspNetCore.Mvc.Formatters.SystemTextJsonInputFormatter.ReadRequestBodyAsync(InputFormatterContext context, Encoding encoding)
   at Microsoft.AspNetCore.Mvc.Formatters.SystemTextJsonInputFormatter.ReadRequestBodyAsync(InputFormatterContext context, Encoding encoding)
   at Microsoft.AspNetCore.Mvc.ModelBinding.Binders.BodyModelBinder.BindModelAsync(ModelBindingContext bindingContext)
   at Microsoft.AspNetCore.Mvc.ModelBinding.ParameterBinder.BindModelAsync(ActionContext actionContext, IModelBinder modelBinder, IValueProvider valueProvider, ParameterDescriptor parameter, ModelMetadata metadata, Object value, Object container)
   at Microsoft.AspNetCore.Mvc.Controllers.ControllerBinderDelegateProvider.<>c__DisplayClass0_0.<<CreateBinderDelegate>g__Bind|0>d.MoveNext()
--- End of stack trace from previous location ---
   at Microsoft.AspNetCore.Mvc.Infrastructure.ControllerActionInvoker.<InvokeInnerFilterAsync>g__Awaited|13_0(ControllerActionInvoker invoker, Task lastTask, State next, Scope scope, Object state, Boolean isCompleted)
   at Microsoft.AspNetCore.Mvc.Infrastructure.ResourceInvoker.<InvokeFilterPipelineAsync>g__Awaited|20_0(ResourceInvoker invoker, Task lastTask, State next, Scope scope, Object state, Boolean isCompleted)
   at Microsoft.AspNetCore.Mvc.Infrastructure.ResourceInvoker.<InvokeAsync>g__Awaited|17_0(ResourceInvoker invoker, Task task, IDisposable scope)
   at Microsoft.AspNetCore.Mvc.Infrastructure.ResourceInvoker.<InvokeAsync>g__Awaited|17_0(ResourceInvoker invoker, Task task, IDisposable scope)
   at Microsoft.AspNetCore.Authorization.AuthorizationMiddleware.Invoke(HttpContext context)
   at Microsoft.AspNetCore.Authentication.AuthenticationMiddleware.Invoke(HttpContext context)
   at Microsoft.AspNetCore.RateLimiting.RateLimitingMiddleware.InvokeInternal(HttpContext context, EnableRateLimitingAttribute enableRateLimitingAttribute)
   at Swashbuckle.AspNetCore.SwaggerUI.SwaggerUIMiddleware.Invoke(HttpContext httpContext)
   at Swashbuckle.AspNetCore.Swagger.SwaggerMiddleware.Invoke(HttpContext httpContext, ISwaggerProvider swaggerProvider)
   at Serilog.AspNetCore.RequestLoggingMiddleware.Invoke(HttpContext httpContext)
   at AutoVeo.Shared.Middleware.ErrorHandlingMiddleware.InvokeAsync(HttpContext context) in /Users/macbook/Documents/Coding/AutoVeo/backend/src/AutoVeo.Shared/Middleware/ErrorHandlingMiddleware.cs:line 25
2026-03-13 10:22:44.423 +07:00 [INF] Node script completed for "b9141de5-9e6f-44cc-8cce-ab5e12d8e92c". Exit code: 0
2026-03-13 10:22:44.431 +07:00 [ERR] Failed to generate video for render "b9141de5-9e6f-44cc-8cce-ab5e12d8e92c"
System.Exception: Script exited 0 but no valid [RESULT] path found in output.
   at AutoVeo.Infrastructure.BackgroundJobs.Veo3GenerationWorker.ProcessSingleRenderAsync(Guid renderId, CancellationToken ct) in /Users/macbook/Documents/Coding/AutoVeo/backend/src/AutoVeo.Infrastructure/BackgroundJobs/Workers.cs:line 281
2026-03-13 10:23:03.168 +07:00 [INF] Crawling YouTube trends for region Global
2026-03-13 10:23:03.688 +07:00 [ERR] YouTube API error: "BadRequest" - {
  "error": {
    "code": 400,
    "message": "API key not valid. Please pass a valid API key.",
    "errors": [
      {
        "message": "API key not valid. Please pass a valid API key.",
        "domain": "global",
        "reason": "badRequest"
      }
    ],
    "status": "INVALID_ARGUMENT",
    "details": [
      {
        "@type": "type.googleapis.com/google.rpc.ErrorInfo",
        "reason": "API_KEY_INVALID",
        "domain": "googleapis.com",
        "metadata": {
          "service": "youtube.googleapis.com"
        }
      },
      {
        "@type": "type.googleapis.com/google.rpc.LocalizedMessage",
        "locale": "en-US",
        "message": "API key not valid. Please pass a valid API key."
      }
    ]
  }
}

2026-03-13 10:23:03.690 +07:00 [ERR] Failed to collect YouTube trends for region Global
System.Net.Http.HttpRequestException: Response status code does not indicate success: 400 (Bad Request).
   at System.Net.Http.HttpResponseMessage.EnsureSuccessStatusCode()
   at AutoVeo.Infrastructure.External.YouTubeTrendCollector.CollectAsync(String region, CancellationToken ct) in /Users/macbook/Documents/Coding/AutoVeo/backend/src/AutoVeo.Infrastructure/External/TrendCollectors.cs:line 44
2026-03-13 10:23:03.691 +07:00 [INF] Saved 0 trends from YouTube (Global)
2026-03-13 10:23:03.691 +07:00 [INF] Crawling YouTube trends for region VN
2026-03-13 10:23:03.816 +07:00 [ERR] YouTube API error: "BadRequest" - {
  "error": {
    "code": 400,
    "message": "API key not valid. Please pass a valid API key.",
    "errors": [
      {
        "message": "API key not valid. Please pass a valid API key.",
        "domain": "global",
        "reason": "badRequest"
      }
    ],
    "status": "INVALID_ARGUMENT",
    "details": [
      {
        "@type": "type.googleapis.com/google.rpc.ErrorInfo",
        "reason": "API_KEY_INVALID",
        "domain": "googleapis.com",
        "metadata": {
          "service": "youtube.googleapis.com"
        }
      },
      {
        "@type": "type.googleapis.com/google.rpc.LocalizedMessage",
        "locale": "en-US",
        "message": "API key not valid. Please pass a valid API key."
      }
    ]
  }
}

2026-03-13 10:23:03.816 +07:00 [ERR] Failed to collect YouTube trends for region VN
System.Net.Http.HttpRequestException: Response status code does not indicate success: 400 (Bad Request).
   at System.Net.Http.HttpResponseMessage.EnsureSuccessStatusCode()
   at AutoVeo.Infrastructure.External.YouTubeTrendCollector.CollectAsync(String region, CancellationToken ct) in /Users/macbook/Documents/Coding/AutoVeo/backend/src/AutoVeo.Infrastructure/External/TrendCollectors.cs:line 44
2026-03-13 10:23:03.816 +07:00 [INF] Saved 0 trends from YouTube (VN)
2026-03-13 10:23:03.816 +07:00 [INF] Crawling YouTube trends for region US
2026-03-13 10:23:03.943 +07:00 [ERR] YouTube API error: "BadRequest" - {
  "error": {
    "code": 400,
    "message": "API key not valid. Please pass a valid API key.",
    "errors": [
      {
        "message": "API key not valid. Please pass a valid API key.",
        "domain": "global",
        "reason": "badRequest"
      }
    ],
    "status": "INVALID_ARGUMENT",
    "details": [
      {
        "@type": "type.googleapis.com/google.rpc.ErrorInfo",
        "reason": "API_KEY_INVALID",
        "domain": "googleapis.com",
        "metadata": {
          "service": "youtube.googleapis.com"
        }
      },
      {
        "@type": "type.googleapis.com/google.rpc.LocalizedMessage",
        "locale": "en-US",
        "message": "API key not valid. Please pass a valid API key."
      }
    ]
  }
}

2026-03-13 10:23:03.944 +07:00 [ERR] Failed to collect YouTube trends for region US
System.Net.Http.HttpRequestException: Response status code does not indicate success: 400 (Bad Request).
   at System.Net.Http.HttpResponseMessage.EnsureSuccessStatusCode()
   at AutoVeo.Infrastructure.External.YouTubeTrendCollector.CollectAsync(String region, CancellationToken ct) in /Users/macbook/Documents/Coding/AutoVeo/backend/src/AutoVeo.Infrastructure/External/TrendCollectors.cs:line 44
2026-03-13 10:23:03.944 +07:00 [INF] Saved 0 trends from YouTube (US)
2026-03-13 10:23:03.944 +07:00 [INF] Crawling TikTok trends for region Global
2026-03-13 10:23:05.020 +07:00 [ERR] Failed to collect TikTok trends for region Global
System.Net.Http.HttpRequestException: Response status code does not indicate success: 404 (Not Found).
   at System.Net.Http.HttpResponseMessage.EnsureSuccessStatusCode()
   at AutoVeo.Infrastructure.External.TikTokTrendCollector.CollectAsync(String region, CancellationToken ct) in /Users/macbook/Documents/Coding/AutoVeo/backend/src/AutoVeo.Infrastructure/External/TrendCollectors.cs:line 123
2026-03-13 10:23:05.021 +07:00 [INF] Saved 0 trends from TikTok (Global)
2026-03-13 10:23:05.021 +07:00 [INF] Crawling TikTok trends for region VN
2026-03-13 10:23:05.459 +07:00 [ERR] Failed to collect TikTok trends for region VN
System.Net.Http.HttpRequestException: Response status code does not indicate success: 404 (Not Found).
   at System.Net.Http.HttpResponseMessage.EnsureSuccessStatusCode()
   at AutoVeo.Infrastructure.External.TikTokTrendCollector.CollectAsync(String region, CancellationToken ct) in /Users/macbook/Documents/Coding/AutoVeo/backend/src/AutoVeo.Infrastructure/External/TrendCollectors.cs:line 123
2026-03-13 10:23:05.460 +07:00 [INF] Saved 0 trends from TikTok (VN)
2026-03-13 10:23:05.460 +07:00 [INF] Crawling TikTok trends for region US
2026-03-13 10:23:06.246 +07:00 [ERR] Failed to collect TikTok trends for region US
System.Net.Http.HttpRequestException: Response status code does not indicate success: 404 (Not Found).
   at System.Net.Http.HttpResponseMessage.EnsureSuccessStatusCode()
   at AutoVeo.Infrastructure.External.TikTokTrendCollector.CollectAsync(String region, CancellationToken ct) in /Users/macbook/Documents/Coding/AutoVeo/backend/src/AutoVeo.Infrastructure/External/TrendCollectors.cs:line 123
2026-03-13 10:23:06.247 +07:00 [INF] Saved 0 trends from TikTok (US)
2026-03-13 10:23:06.248 +07:00 [INF] Crawling Google Trends trends for region Global
2026-03-13 10:23:07.474 +07:00 [INF] Collected 10 Google Trends for region Global
2026-03-13 10:23:07.491 +07:00 [INF] Saved 10 trends from Google Trends (Global)
2026-03-13 10:23:07.491 +07:00 [INF] Crawling Google Trends trends for region VN
2026-03-13 10:23:07.758 +07:00 [INF] Collected 10 Google Trends for region VN
2026-03-13 10:23:07.760 +07:00 [INF] Saved 10 trends from Google Trends (VN)
2026-03-13 10:23:07.760 +07:00 [INF] Crawling Google Trends trends for region US
2026-03-13 10:23:08.505 +07:00 [INF] Collected 10 Google Trends for region US
2026-03-13 10:23:08.508 +07:00 [INF] Saved 10 trends from Google Trends (US)
2026-03-13 10:43:04.030 +07:00 [INF] TrendCrawlerWorker started
2026-03-13 10:43:04.061 +07:00 [INF] Veo3GenerationWorker started with max parallelism: 3
2026-03-13 10:43:14.159 +07:00 [INF] Crawling YouTube trends for region Global
2026-03-13 10:43:14.643 +07:00 [ERR] YouTube API error: "BadRequest" - {
  "error": {
    "code": 400,
    "message": "API key not valid. Please pass a valid API key.",
    "errors": [
      {
        "message": "API key not valid. Please pass a valid API key.",
        "domain": "global",
        "reason": "badRequest"
      }
    ],
    "status": "INVALID_ARGUMENT",
    "details": [
      {
        "@type": "type.googleapis.com/google.rpc.ErrorInfo",
        "reason": "API_KEY_INVALID",
        "domain": "googleapis.com",
        "metadata": {
          "service": "youtube.googleapis.com"
        }
      },
      {
        "@type": "type.googleapis.com/google.rpc.LocalizedMessage",
        "locale": "en-US",
        "message": "API key not valid. Please pass a valid API key."
      }
    ]
  }
}

2026-03-13 10:43:14.647 +07:00 [ERR] Failed to collect YouTube trends for region Global
System.Net.Http.HttpRequestException: Response status code does not indicate success: 400 (Bad Request).
   at System.Net.Http.HttpResponseMessage.EnsureSuccessStatusCode()
   at AutoVeo.Infrastructure.External.YouTubeTrendCollector.CollectAsync(String region, CancellationToken ct) in /Users/macbook/Documents/Coding/AutoVeo/backend/src/AutoVeo.Infrastructure/External/TrendCollectors.cs:line 44
2026-03-13 10:43:14.665 +07:00 [INF] Saved 0 trends from YouTube (Global)
2026-03-13 10:43:14.666 +07:00 [INF] Crawling YouTube trends for region VN
2026-03-13 10:43:14.824 +07:00 [ERR] YouTube API error: "BadRequest" - {
  "error": {
    "code": 400,
    "message": "API key not valid. Please pass a valid API key.",
    "errors": [
      {
        "message": "API key not valid. Please pass a valid API key.",
        "domain": "global",
        "reason": "badRequest"
      }
    ],
    "status": "INVALID_ARGUMENT",
    "details": [
      {
        "@type": "type.googleapis.com/google.rpc.ErrorInfo",
        "reason": "API_KEY_INVALID",
        "domain": "googleapis.com",
        "metadata": {
          "service": "youtube.googleapis.com"
        }
      },
      {
        "@type": "type.googleapis.com/google.rpc.LocalizedMessage",
        "locale": "en-US",
        "message": "API key not valid. Please pass a valid API key."
      }
    ]
  }
}

2026-03-13 10:43:14.825 +07:00 [ERR] Failed to collect YouTube trends for region VN
System.Net.Http.HttpRequestException: Response status code does not indicate success: 400 (Bad Request).
   at System.Net.Http.HttpResponseMessage.EnsureSuccessStatusCode()
   at AutoVeo.Infrastructure.External.YouTubeTrendCollector.CollectAsync(String region, CancellationToken ct) in /Users/macbook/Documents/Coding/AutoVeo/backend/src/AutoVeo.Infrastructure/External/TrendCollectors.cs:line 44
2026-03-13 10:43:14.825 +07:00 [INF] Saved 0 trends from YouTube (VN)
2026-03-13 10:43:14.825 +07:00 [INF] Crawling YouTube trends for region US
2026-03-13 10:43:14.966 +07:00 [ERR] YouTube API error: "BadRequest" - {
  "error": {
    "code": 400,
    "message": "API key not valid. Please pass a valid API key.",
    "errors": [
      {
        "message": "API key not valid. Please pass a valid API key.",
        "domain": "global",
        "reason": "badRequest"
      }
    ],
    "status": "INVALID_ARGUMENT",
    "details": [
      {
        "@type": "type.googleapis.com/google.rpc.ErrorInfo",
        "reason": "API_KEY_INVALID",
        "domain": "googleapis.com",
        "metadata": {
          "service": "youtube.googleapis.com"
        }
      },
      {
        "@type": "type.googleapis.com/google.rpc.LocalizedMessage",
        "locale": "en-US",
        "message": "API key not valid. Please pass a valid API key."
      }
    ]
  }
}

2026-03-13 10:43:14.966 +07:00 [ERR] Failed to collect YouTube trends for region US
System.Net.Http.HttpRequestException: Response status code does not indicate success: 400 (Bad Request).
   at System.Net.Http.HttpResponseMessage.EnsureSuccessStatusCode()
   at AutoVeo.Infrastructure.External.YouTubeTrendCollector.CollectAsync(String region, CancellationToken ct) in /Users/macbook/Documents/Coding/AutoVeo/backend/src/AutoVeo.Infrastructure/External/TrendCollectors.cs:line 44
2026-03-13 10:43:14.966 +07:00 [INF] Saved 0 trends from YouTube (US)
2026-03-13 10:43:14.967 +07:00 [INF] Crawling TikTok trends for region Global
2026-03-13 10:43:16.418 +07:00 [ERR] Failed to collect TikTok trends for region Global
System.Net.Http.HttpRequestException: Response status code does not indicate success: 404 (Not Found).
   at System.Net.Http.HttpResponseMessage.EnsureSuccessStatusCode()
   at AutoVeo.Infrastructure.External.TikTokTrendCollector.CollectAsync(String region, CancellationToken ct) in /Users/macbook/Documents/Coding/AutoVeo/backend/src/AutoVeo.Infrastructure/External/TrendCollectors.cs:line 123
2026-03-13 10:43:16.419 +07:00 [INF] Saved 0 trends from TikTok (Global)
2026-03-13 10:43:16.419 +07:00 [INF] Crawling TikTok trends for region VN
2026-03-13 10:43:17.533 +07:00 [ERR] Failed to collect TikTok trends for region VN
System.Net.Http.HttpRequestException: Response status code does not indicate success: 404 (Not Found).
   at System.Net.Http.HttpResponseMessage.EnsureSuccessStatusCode()
   at AutoVeo.Infrastructure.External.TikTokTrendCollector.CollectAsync(String region, CancellationToken ct) in /Users/macbook/Documents/Coding/AutoVeo/backend/src/AutoVeo.Infrastructure/External/TrendCollectors.cs:line 123
2026-03-13 10:43:17.534 +07:00 [INF] Saved 0 trends from TikTok (VN)
2026-03-13 10:43:17.534 +07:00 [INF] Crawling TikTok trends for region US
2026-03-13 10:43:17.982 +07:00 [ERR] Failed to collect TikTok trends for region US
System.Net.Http.HttpRequestException: Response status code does not indicate success: 404 (Not Found).
   at System.Net.Http.HttpResponseMessage.EnsureSuccessStatusCode()
   at AutoVeo.Infrastructure.External.TikTokTrendCollector.CollectAsync(String region, CancellationToken ct) in /Users/macbook/Documents/Coding/AutoVeo/backend/src/AutoVeo.Infrastructure/External/TrendCollectors.cs:line 123
2026-03-13 10:43:17.982 +07:00 [INF] Saved 0 trends from TikTok (US)
2026-03-13 10:43:17.983 +07:00 [INF] Crawling Google Trends trends for region Global
2026-03-13 10:43:18.975 +07:00 [INF] Collected 10 Google Trends for region Global
2026-03-13 10:43:19.090 +07:00 [INF] Saved 10 trends from Google Trends (Global)
2026-03-13 10:43:19.090 +07:00 [INF] Crawling Google Trends trends for region VN
2026-03-13 10:43:19.498 +07:00 [INF] Collected 10 Google Trends for region VN
2026-03-13 10:43:19.503 +07:00 [INF] Saved 10 trends from Google Trends (VN)
2026-03-13 10:43:19.503 +07:00 [INF] Crawling Google Trends trends for region US
2026-03-13 10:43:20.114 +07:00 [INF] Collected 10 Google Trends for region US
2026-03-13 10:43:20.121 +07:00 [INF] Saved 10 trends from Google Trends (US)
2026-03-13 10:44:15.748 +07:00 [INF] Application environment: Development
2026-03-13 10:44:16.237 +07:00 [INF] AutoVeo API started on 
2026-03-13 10:44:16.278 +07:00 [INF] TrendCrawlerWorker started
2026-03-13 10:44:16.282 +07:00 [INF] Veo3GenerationWorker started with max parallelism: 3
2026-03-13 10:44:16.367 +07:00 [ERR] Hosting failed to start
System.IO.IOException: Failed to bind to address http://[::]:5050: address already in use.
 ---> Microsoft.AspNetCore.Connections.AddressInUseException: Address already in use
 ---> System.Net.Sockets.SocketException (48): Address already in use
   at System.Net.Sockets.Socket.DoBind(EndPoint endPointSnapshot, SocketAddress socketAddress)
   at System.Net.Sockets.Socket.Bind(EndPoint localEP)
   at Microsoft.AspNetCore.Server.Kestrel.Transport.Sockets.SocketTransportOptions.CreateDefaultBoundListenSocket(EndPoint endpoint)
   at Microsoft.AspNetCore.Server.Kestrel.Transport.Sockets.SocketConnectionListener.Bind()
   --- End of inner exception stack trace ---
   at Microsoft.AspNetCore.Server.Kestrel.Transport.Sockets.SocketConnectionListener.Bind()
   at Microsoft.AspNetCore.Server.Kestrel.Transport.Sockets.SocketTransportFactory.BindAsync(EndPoint endpoint, CancellationToken cancellationToken)
   at Microsoft.AspNetCore.Server.Kestrel.Core.Internal.Infrastructure.TransportManager.BindAsync(EndPoint endPoint, ConnectionDelegate connectionDelegate, EndpointConfig endpointConfig, CancellationToken cancellationToken)
   at Microsoft.AspNetCore.Server.Kestrel.Core.KestrelServerImpl.<>c__DisplayClass28_0`1.<<StartAsync>g__OnBind|0>d.MoveNext()
--- End of stack trace from previous location ---
   at Microsoft.AspNetCore.Server.Kestrel.Core.Internal.AddressBinder.BindEndpointAsync(ListenOptions endpoint, AddressBindContext context, CancellationToken cancellationToken)
   --- End of inner exception stack trace ---
   at Microsoft.AspNetCore.Server.Kestrel.Core.Internal.AddressBinder.BindEndpointAsync(ListenOptions endpoint, AddressBindContext context, CancellationToken cancellationToken)
   at Microsoft.AspNetCore.Server.Kestrel.Core.ListenOptions.BindAsync(AddressBindContext context, CancellationToken cancellationToken)
   at Microsoft.AspNetCore.Server.Kestrel.Core.AnyIPListenOptions.BindAsync(AddressBindContext context, CancellationToken cancellationToken)
   at Microsoft.AspNetCore.Server.Kestrel.Core.Internal.AddressBinder.AddressesStrategy.BindAsync(AddressBindContext context, CancellationToken cancellationToken)
   at Microsoft.AspNetCore.Server.Kestrel.Core.Internal.AddressBinder.BindAsync(ListenOptions[] listenOptions, AddressBindContext context, Func`2 useHttps, CancellationToken cancellationToken)
   at Microsoft.AspNetCore.Server.Kestrel.Core.KestrelServerImpl.BindAsync(CancellationToken cancellationToken)
   at Microsoft.AspNetCore.Server.Kestrel.Core.KestrelServerImpl.StartAsync[TContext](IHttpApplication`1 application, CancellationToken cancellationToken)
   at Microsoft.AspNetCore.Hosting.GenericWebHostService.StartAsync(CancellationToken cancellationToken)
   at Microsoft.Extensions.Hosting.Internal.Host.<StartAsync>b__15_1(IHostedService service, CancellationToken token)
   at Microsoft.Extensions.Hosting.Internal.Host.ForeachService[T](IEnumerable`1 services, CancellationToken token, Boolean concurrent, Boolean abortOnFirstException, List`1 exceptions, Func`3 operation)
2026-03-13 10:44:16.373 +07:00 [ERR] BackgroundService failed
System.Threading.Tasks.TaskCanceledException: A task was canceled.
   at AutoVeo.Infrastructure.BackgroundJobs.TrendCrawlerWorker.ExecuteAsync(CancellationToken stoppingToken) in /Users/macbook/Documents/Coding/AutoVeo/backend/src/AutoVeo.Infrastructure/BackgroundJobs/Workers.cs:line 34
   at Microsoft.Extensions.Hosting.Internal.Host.TryExecuteBackgroundServiceAsync(BackgroundService backgroundService)
2026-03-13 10:44:16.373 +07:00 [ERR] BackgroundService failed
System.Threading.Tasks.TaskCanceledException: A task was canceled.
   at AutoVeo.Infrastructure.BackgroundJobs.Veo3GenerationWorker.ExecuteAsync(CancellationToken stoppingToken) in /Users/macbook/Documents/Coding/AutoVeo/backend/src/AutoVeo.Infrastructure/BackgroundJobs/Workers.cs:line 165
   at Microsoft.Extensions.Hosting.Internal.Host.TryExecuteBackgroundServiceAsync(BackgroundService backgroundService)
2026-03-13 10:45:02.647 +07:00 [INF] Application environment: Development
2026-03-13 10:45:03.197 +07:00 [INF] AutoVeo API started on 
2026-03-13 10:45:03.245 +07:00 [INF] TrendCrawlerWorker started
2026-03-13 10:45:03.247 +07:00 [INF] Veo3GenerationWorker started with max parallelism: 3
2026-03-13 10:45:03.339 +07:00 [ERR] Hosting failed to start
System.IO.IOException: Failed to bind to address http://[::]:5050: address already in use.
 ---> Microsoft.AspNetCore.Connections.AddressInUseException: Address already in use
 ---> System.Net.Sockets.SocketException (48): Address already in use
   at System.Net.Sockets.Socket.DoBind(EndPoint endPointSnapshot, SocketAddress socketAddress)
   at System.Net.Sockets.Socket.Bind(EndPoint localEP)
   at Microsoft.AspNetCore.Server.Kestrel.Transport.Sockets.SocketTransportOptions.CreateDefaultBoundListenSocket(EndPoint endpoint)
   at Microsoft.AspNetCore.Server.Kestrel.Transport.Sockets.SocketConnectionListener.Bind()
   --- End of inner exception stack trace ---
   at Microsoft.AspNetCore.Server.Kestrel.Transport.Sockets.SocketConnectionListener.Bind()
   at Microsoft.AspNetCore.Server.Kestrel.Transport.Sockets.SocketTransportFactory.BindAsync(EndPoint endpoint, CancellationToken cancellationToken)
   at Microsoft.AspNetCore.Server.Kestrel.Core.Internal.Infrastructure.TransportManager.BindAsync(EndPoint endPoint, ConnectionDelegate connectionDelegate, EndpointConfig endpointConfig, CancellationToken cancellationToken)
   at Microsoft.AspNetCore.Server.Kestrel.Core.KestrelServerImpl.<>c__DisplayClass28_0`1.<<StartAsync>g__OnBind|0>d.MoveNext()
--- End of stack trace from previous location ---
   at Microsoft.AspNetCore.Server.Kestrel.Core.Internal.AddressBinder.BindEndpointAsync(ListenOptions endpoint, AddressBindContext context, CancellationToken cancellationToken)
   --- End of inner exception stack trace ---
   at Microsoft.AspNetCore.Server.Kestrel.Core.Internal.AddressBinder.BindEndpointAsync(ListenOptions endpoint, AddressBindContext context, CancellationToken cancellationToken)
   at Microsoft.AspNetCore.Server.Kestrel.Core.ListenOptions.BindAsync(AddressBindContext context, CancellationToken cancellationToken)
   at Microsoft.AspNetCore.Server.Kestrel.Core.AnyIPListenOptions.BindAsync(AddressBindContext context, CancellationToken cancellationToken)
   at Microsoft.AspNetCore.Server.Kestrel.Core.Internal.AddressBinder.AddressesStrategy.BindAsync(AddressBindContext context, CancellationToken cancellationToken)
   at Microsoft.AspNetCore.Server.Kestrel.Core.Internal.AddressBinder.BindAsync(ListenOptions[] listenOptions, AddressBindContext context, Func`2 useHttps, CancellationToken cancellationToken)
   at Microsoft.AspNetCore.Server.Kestrel.Core.KestrelServerImpl.BindAsync(CancellationToken cancellationToken)
   at Microsoft.AspNetCore.Server.Kestrel.Core.KestrelServerImpl.StartAsync[TContext](IHttpApplication`1 application, CancellationToken cancellationToken)
   at Microsoft.AspNetCore.Hosting.GenericWebHostService.StartAsync(CancellationToken cancellationToken)
   at Microsoft.Extensions.Hosting.Internal.Host.<StartAsync>b__15_1(IHostedService service, CancellationToken token)
   at Microsoft.Extensions.Hosting.Internal.Host.ForeachService[T](IEnumerable`1 services, CancellationToken token, Boolean concurrent, Boolean abortOnFirstException, List`1 exceptions, Func`3 operation)
2026-03-13 10:45:03.345 +07:00 [ERR] BackgroundService failed
System.Threading.Tasks.TaskCanceledException: A task was canceled.
   at AutoVeo.Infrastructure.BackgroundJobs.Veo3GenerationWorker.ExecuteAsync(CancellationToken stoppingToken) in /Users/macbook/Documents/Coding/AutoVeo/backend/src/AutoVeo.Infrastructure/BackgroundJobs/Workers.cs:line 165
   at Microsoft.Extensions.Hosting.Internal.Host.TryExecuteBackgroundServiceAsync(BackgroundService backgroundService)
2026-03-13 10:45:23.694 +07:00 [INF] Application environment: Development
2026-03-13 10:45:24.193 +07:00 [INF] AutoVeo API started on 
2026-03-13 10:45:24.209 +07:00 [INF] TrendCrawlerWorker started
2026-03-13 10:45:24.211 +07:00 [INF] Veo3GenerationWorker started with max parallelism: 3
2026-03-13 10:45:34.309 +07:00 [INF] Crawling YouTube trends for region Global
2026-03-13 10:45:34.311 +07:00 [INF] Using YouTube API key starting with: AIzaS...
2026-03-13 10:45:35.206 +07:00 [INF] Collected 20 YouTube trends for region Global
2026-03-13 10:45:35.413 +07:00 [INF] Saved 20 trends from YouTube (Global)
2026-03-13 10:45:35.413 +07:00 [INF] Crawling YouTube trends for region VN
2026-03-13 10:45:35.413 +07:00 [INF] Using YouTube API key starting with: AIzaS...
2026-03-13 10:45:36.151 +07:00 [INF] Collected 20 YouTube trends for region VN
2026-03-13 10:45:36.164 +07:00 [INF] Saved 20 trends from YouTube (VN)
2026-03-13 10:45:36.164 +07:00 [INF] Crawling YouTube trends for region US
2026-03-13 10:45:36.164 +07:00 [INF] Using YouTube API key starting with: AIzaS...
2026-03-13 10:45:36.397 +07:00 [INF] Collected 20 YouTube trends for region US
2026-03-13 10:45:36.403 +07:00 [INF] Saved 20 trends from YouTube (US)
2026-03-13 10:45:36.405 +07:00 [INF] Crawling TikTok trends for region Global
2026-03-13 10:45:36.408 +07:00 [WRN] TikTok access token not configured, skipping collection
2026-03-13 10:45:36.409 +07:00 [INF] Saved 0 trends from TikTok (Global)
2026-03-13 10:45:36.409 +07:00 [INF] Crawling TikTok trends for region VN
2026-03-13 10:45:36.409 +07:00 [WRN] TikTok access token not configured, skipping collection
2026-03-13 10:45:36.409 +07:00 [INF] Saved 0 trends from TikTok (VN)
2026-03-13 10:45:36.409 +07:00 [INF] Crawling TikTok trends for region US
2026-03-13 10:45:36.409 +07:00 [WRN] TikTok access token not configured, skipping collection
2026-03-13 10:45:36.410 +07:00 [INF] Saved 0 trends from TikTok (US)
2026-03-13 10:45:36.410 +07:00 [INF] Crawling Google Trends trends for region Global
2026-03-13 10:45:37.006 +07:00 [INF] Collected 10 Google Trends for region Global
2026-03-13 10:45:37.017 +07:00 [INF] Saved 10 trends from Google Trends (Global)
2026-03-13 10:45:37.017 +07:00 [INF] Crawling Google Trends trends for region VN
2026-03-13 10:45:37.251 +07:00 [INF] Collected 10 Google Trends for region VN
2026-03-13 10:45:37.258 +07:00 [INF] Saved 10 trends from Google Trends (VN)
2026-03-13 10:45:37.258 +07:00 [INF] Crawling Google Trends trends for region US
2026-03-13 10:45:37.866 +07:00 [INF] Collected 10 Google Trends for region US
2026-03-13 10:45:37.872 +07:00 [INF] Saved 10 trends from Google Trends (US)
2026-03-13 10:46:27.684 +07:00 [INF] HTTP GET /api/trends responded 401 in 52.9920 ms
2026-03-13 10:46:27.689 +07:00 [INF] HTTP GET /api/trends responded 401 in 2.8103 ms
2026-03-13 10:46:27.782 +07:00 [INF] HTTP POST /api/auth/refresh-token responded 200 in 92.7228 ms
2026-03-13 10:46:27.825 +07:00 [INF] HTTP GET /api/trends responded 200 in 41.7062 ms
2026-03-13 10:46:27.921 +07:00 [INF] HTTP POST /api/auth/refresh-token responded 200 in 230.6429 ms
2026-03-13 10:46:27.925 +07:00 [INF] HTTP GET /api/trends responded 200 in 2.6481 ms
2026-03-13 10:46:29.105 +07:00 [INF] HTTP GET /api/trends responded 200 in 4.7702 ms
2026-03-13 10:46:44.329 +07:00 [INF] HTTP GET /api/trends responded 200 in 7.0641 ms
2026-03-13 10:46:44.333 +07:00 [INF] HTTP GET /api/trends responded 200 in 2.1470 ms
2026-03-13 10:46:46.237 +07:00 [INF] HTTP GET /api/trends responded 200 in 3.5443 ms
2026-03-13 10:46:47.210 +07:00 [INF] HTTP GET /api/trends responded 200 in 3.1200 ms
2026-03-13 10:46:49.260 +07:00 [INF] HTTP GET /api/trends responded 200 in 2.2539 ms
2026-03-13 10:46:58.060 +07:00 [INF] HTTP GET /api/dashboard responded 200 in 48.3649 ms
2026-03-13 10:46:58.062 +07:00 [INF] HTTP GET /api/dashboard responded 200 in 1.3718 ms
2026-03-13 10:47:04.603 +07:00 [INF] HTTP GET /api/trends responded 200 in 6.3055 ms
2026-03-13 10:47:04.606 +07:00 [INF] HTTP GET /api/trends responded 200 in 1.9033 ms
2026-03-13 10:47:06.488 +07:00 [INF] HTTP GET /api/trends responded 200 in 2.9172 ms
2026-03-13 10:48:08.385 +07:00 [INF] HTTP GET /api/trends responded 200 in 23.8793 ms
2026-03-13 10:48:09.311 +07:00 [INF] HTTP GET /api/trends responded 200 in 4.3614 ms
2026-03-13 10:48:12.720 +07:00 [INF] HTTP GET /api/trends responded 200 in 4.1781 ms
2026-03-13 10:48:14.729 +07:00 [INF] HTTP GET /api/trends responded 200 in 22.4499 ms
2026-03-13 10:48:17.439 +07:00 [INF] HTTP GET /api/trends responded 200 in 2.4016 ms
2026-03-13 10:48:36.221 +07:00 [INF] HTTP GET /api/dashboard responded 200 in 15.5910 ms
2026-03-13 10:48:36.224 +07:00 [INF] HTTP GET /api/dashboard responded 200 in 2.4867 ms
2026-03-13 10:48:47.354 +07:00 [INF] HTTP GET /api/videos responded 200 in 29.5613 ms
2026-03-13 10:48:49.760 +07:00 [INF] HTTP GET /api/videos responded 200 in 1.3467 ms
2026-03-13 10:48:51.359 +07:00 [INF] HTTP GET /api/trends responded 200 in 13.6113 ms
2026-03-13 10:48:51.361 +07:00 [INF] HTTP GET /api/trends responded 200 in 1.1727 ms
2026-03-13 10:51:07.728 +07:00 [INF] HTTP GET /api/trends responded 200 in 5.2661 ms
2026-03-13 10:51:07.729 +07:00 [INF] HTTP GET /api/trends responded 200 in 0.8328 ms
2026-03-13 10:51:08.947 +07:00 [INF] HTTP GET /api/dashboard responded 200 in 3.5950 ms
2026-03-13 10:51:08.949 +07:00 [INF] HTTP GET /api/dashboard responded 200 in 1.4973 ms
2026-03-13 10:51:13.714 +07:00 [INF] HTTP GET /api/trends responded 200 in 2.4168 ms
2026-03-13 10:51:13.717 +07:00 [INF] HTTP GET /api/trends responded 200 in 1.4803 ms
2026-03-13 10:51:15.323 +07:00 [INF] HTTP GET /api/trends responded 200 in 2.9544 ms
2026-03-13 10:51:16.078 +07:00 [INF] HTTP GET /api/trends responded 200 in 2.8739 ms
2026-03-13 10:51:22.784 +07:00 [INF] HTTP GET /api/trends responded 200 in 4.6479 ms
2026-03-13 10:51:23.789 +07:00 [INF] HTTP GET /api/trends responded 200 in 3.4681 ms
2026-03-13 10:51:27.832 +07:00 [INF] HTTP GET /api/trends responded 200 in 1.9893 ms
2026-03-13 10:57:02.392 +07:00 [INF] HTTP GET /api/dashboard responded 200 in 9.7559 ms
2026-03-13 10:57:02.395 +07:00 [INF] HTTP GET /api/dashboard responded 200 in 1.2814 ms
2026-03-13 10:57:07.477 +07:00 [INF] HTTP GET /api/trends responded 200 in 4.5028 ms
2026-03-13 10:57:07.480 +07:00 [INF] HTTP GET /api/trends responded 200 in 1.5410 ms
2026-03-13 10:57:09.195 +07:00 [INF] HTTP GET /api/trends responded 200 in 5.4556 ms
2026-03-13 10:57:10.044 +07:00 [INF] HTTP GET /api/trends responded 200 in 3.0592 ms
2026-03-13 10:57:13.445 +07:00 [INF] HTTP GET /api/trends responded 200 in 3.3361 ms
2026-03-13 10:57:14.363 +07:00 [INF] HTTP GET /api/trends responded 200 in 1.8393 ms
2026-03-13 10:57:17.820 +07:00 [INF] HTTP GET /api/trends responded 200 in 1.3083 ms
2026-03-13 10:57:18.526 +07:00 [INF] HTTP GET /api/trends responded 200 in 2.5015 ms
2026-03-13 10:57:19.791 +07:00 [INF] HTTP GET /api/trends responded 200 in 2.1298 ms
2026-03-13 10:59:39.778 +07:00 [INF] HTTP GET /api/trends responded 200 in 20.9633 ms
2026-03-13 10:59:39.780 +07:00 [INF] HTTP GET /api/trends responded 200 in 1.2860 ms
2026-03-13 10:59:41.482 +07:00 [INF] HTTP GET /api/trends responded 200 in 1.0555 ms
2026-03-13 10:59:43.363 +07:00 [INF] HTTP GET /api/dashboard responded 200 in 4.1463 ms
2026-03-13 10:59:43.366 +07:00 [INF] HTTP GET /api/dashboard responded 200 in 1.7574 ms
2026-03-13 10:59:47.496 +07:00 [INF] HTTP GET /api/trends responded 200 in 2.4223 ms
2026-03-13 10:59:47.499 +07:00 [INF] HTTP GET /api/trends responded 200 in 1.8955 ms
2026-03-13 10:59:48.854 +07:00 [INF] HTTP GET /api/trends responded 200 in 2.7369 ms
2026-03-13 10:59:50.684 +07:00 [INF] HTTP GET /api/trends responded 200 in 1.8753 ms
2026-03-13 10:59:51.347 +07:00 [INF] HTTP GET /api/trends responded 200 in 1.3041 ms
2026-03-13 10:59:51.941 +07:00 [INF] HTTP GET /api/trends responded 200 in 3.3350 ms
2026-03-13 10:59:53.990 +07:00 [INF] HTTP GET /api/trends responded 200 in 3.7923 ms
2026-03-13 10:59:55.054 +07:00 [INF] HTTP GET /api/trends responded 200 in 1.7950 ms
2026-03-13 11:00:28.684 +07:00 [INF] HTTP GET /api/trends responded 200 in 2.4548 ms
2026-03-13 11:00:46.009 +07:00 [INF] HTTP GET /api/trends responded 200 in 6.0176 ms
2026-03-13 11:00:46.568 +07:00 [INF] HTTP GET /api/trends responded 200 in 2.8541 ms
2026-03-13 11:02:37.901 +07:00 [INF] HTTP GET /api/trends responded 200 in 9.4473 ms
2026-03-13 11:02:37.905 +07:00 [INF] HTTP GET /api/trends responded 200 in 3.0669 ms
2026-03-13 11:02:39.444 +07:00 [INF] HTTP GET /api/trends responded 200 in 1.6100 ms
2026-03-13 11:02:40.469 +07:00 [INF] HTTP GET /api/trends responded 200 in 2.5161 ms
ions.AddressInUseException: Address already in use
 ---> System.Net.Sockets.SocketException (48): Address already in use
   at System.Net.Sockets.Socket.DoBind(EndPoint endPointSnapshot, SocketAddress socketAddress)
   at System.Net.Sockets.Socket.Bind(EndPoint localEP)
   at Microsoft.AspNetCore.Server.Kestrel.Transport.Sockets.SocketTransportOptions.CreateDefaultBoundListenSocket(EndPoint endpoint)
   at Microsoft.AspNetCore.Server.Kestrel.Transport.Sockets.SocketConnectionListener.Bind()
   --- End of inner exception stack trace ---
   at Microsoft.AspNetCore.Server.Kestrel.Transport.Sockets.SocketConnectionListener.Bind()
   at Microsoft.AspNetCore.Server.Kestrel.Transport.Sockets.SocketTransportFactory.BindAsync(EndPoint endpoint, CancellationToken cancellationToken)
   at Microsoft.AspNetCore.Server.Kestrel.Core.Internal.Infrastructure.TransportManager.BindAsync(EndPoint endPoint, ConnectionDelegate connectionDelegate, EndpointConfig endpointConfig, CancellationToken cancellationToken)
   at Microsoft.AspNetCore.Server.Kestrel.Core.KestrelServerImpl.<>c__DisplayClass28_0`1.<<StartAsync>g__OnBind|0>d.MoveNext()
--- End of stack trace from previous location ---
   at Microsoft.AspNetCore.Server.Kestrel.Core.Internal.AddressBinder.BindEndpointAsync(ListenOptions endpoint, AddressBindContext context, CancellationToken cancellationToken)
   --- End of inner exception stack trace ---
   at Microsoft.AspNetCore.Server.Kestrel.Core.Internal.AddressBinder.BindEndpointAsync(ListenOptions endpoint, AddressBindContext context, CancellationToken cancellationToken)
   at Microsoft.AspNetCore.Server.Kestrel.Core.ListenOptions.BindAsync(AddressBindContext context, CancellationToken cancellationToken)
   at Microsoft.AspNetCore.Server.Kestrel.Core.AnyIPListenOptions.BindAsync(AddressBindContext context, CancellationToken cancellationToken)
   at Microsoft.AspNetCore.Server.Kestrel.Core.Internal.AddressBinder.AddressesStrategy.BindAsync(AddressBindContext context, CancellationToken cancellationToken)
   at Microsoft.AspNetCore.Server.Kestrel.Core.Internal.AddressBinder.BindAsync(ListenOptions[] listenOptions, AddressBindContext context, Func`2 useHttps, CancellationToken cancellationToken)
   at Microsoft.AspNetCore.Server.Kestrel.Core.KestrelServerImpl.BindAsync(CancellationToken cancellationToken)
   at Microsoft.AspNetCore.Server.Kestrel.Core.KestrelServerImpl.StartAsync[TContext](IHttpApplication`1 application, CancellationToken cancellationToken)
   at Microsoft.AspNetCore.Hosting.GenericWebHostService.StartAsync(CancellationToken cancellationToken)
   at Microsoft.Extensions.Hosting.Internal.Host.<StartAsync>b__15_1(IHostedService service, CancellationToken token)
   at Microsoft.Extensions.Hosting.Internal.Host.ForeachService[T](IEnumerable`1 services, CancellationToken token, Boolean concurrent, Boolean abortOnFirstException, List`1 exceptions, Func`3 operation)
2026-03-13 11:01:47.749 +07:00 [ERR] BackgroundService failed
System.Threading.Tasks.TaskCanceledException: A task was canceled.
   at AutoVeo.Infrastructure.BackgroundJobs.TrendCrawlerWorker.ExecuteAsync(CancellationToken stoppingToken) in /Users/macbook/Documents/Coding/AutoVeo/backend/src/AutoVeo.Infrastructure/BackgroundJobs/Workers.cs:line 34
   at Microsoft.Extensions.Hosting.Internal.Host.TryExecuteBackgroundServiceAsync(BackgroundService backgroundService)
2026-03-13 11:01:47.749 +07:00 [ERR] BackgroundService failed
System.Threading.Tasks.TaskCanceledException: A task was canceled.
   at AutoVeo.Infrastructure.BackgroundJobs.Veo3GenerationWorker.ExecuteAsync(CancellationToken stoppingToken) in /Users/macbook/Documents/Coding/AutoVeo/backend/src/AutoVeo.Infrastructure/BackgroundJobs/Workers.cs:line 169
   at Microsoft.Extensions.Hosting.Internal.Host.TryExecuteBackgroundServiceAsync(BackgroundService backgroundService)
2026-03-13 11:01:47.750 +07:00 [FTL] The HostOptions.BackgroundServiceExceptionBehavior is configured to StopHost. A BackgroundService has thrown an unhandled exception, and the IHost instance is stopping. To avoid this behavior, configure this to Ignore; however the BackgroundService will not be restarted.
System.Threading.Tasks.TaskCanceledException: A task was canceled.
   at AutoVeo.Infrastructure.BackgroundJobs.TrendCrawlerWorker.ExecuteAsync(CancellationToken stoppingToken) in /Users/macbook/Documents/Coding/AutoVeo/backend/src/AutoVeo.Infrastructure/BackgroundJobs/Workers.cs:line 34
   at Microsoft.Extensions.Hosting.Internal.Host.TryExecuteBackgroundServiceAsync(BackgroundService backgroundService)
2026-03-13 11:03:24.429 +07:00 [INF] TrendCrawlerWorker started
2026-03-13 11:03:24.457 +07:00 [INF] Veo3GenerationWorker started with max parallelism: 3
2026-03-13 11:03:24.530 +07:00 [ERR] Hosting failed to start
System.IO.IOException: Failed to bind to address http://[::]:5050: address already in use.
 ---> Microsoft.AspNetCore.Connections.AddressInUseException: Address already in use
 ---> System.Net.Sockets.SocketException (48): Address already in use
   at System.Net.Sockets.Socket.DoBind(EndPoint endPointSnapshot, SocketAddress socketAddress)
   at System.Net.Sockets.Socket.Bind(EndPoint localEP)
   at Microsoft.AspNetCore.Server.Kestrel.Transport.Sockets.SocketTransportOptions.CreateDefaultBoundListenSocket(EndPoint endpoint)
   at Microsoft.AspNetCore.Server.Kestrel.Transport.Sockets.SocketConnectionListener.Bind()
   --- End of inner exception stack trace ---
   at Microsoft.AspNetCore.Server.Kestrel.Transport.Sockets.SocketConnectionListener.Bind()
   at Microsoft.AspNetCore.Server.Kestrel.Transport.Sockets.SocketTransportFactory.BindAsync(EndPoint endpoint, CancellationToken cancellationToken)
   at Microsoft.AspNetCore.Server.Kestrel.Core.Internal.Infrastructure.TransportManager.BindAsync(EndPoint endPoint, ConnectionDelegate connectionDelegate, EndpointConfig endpointConfig, CancellationToken cancellationToken)
   at Microsoft.AspNetCore.Server.Kestrel.Core.KestrelServerImpl.<>c__DisplayClass28_0`1.<<StartAsync>g__OnBind|0>d.MoveNext()
--- End of stack trace from previous location ---
   at Microsoft.AspNetCore.Server.Kestrel.Core.Internal.AddressBinder.BindEndpointAsync(ListenOptions endpoint, AddressBindContext context, CancellationToken cancellationToken)
   --- End of inner exception stack trace ---
   at Microsoft.AspNetCore.Server.Kestrel.Core.Internal.AddressBinder.BindEndpointAsync(ListenOptions endpoint, AddressBindContext context, CancellationToken cancellationToken)
   at Microsoft.AspNetCore.Server.Kestrel.Core.ListenOptions.BindAsync(AddressBindContext context, CancellationToken cancellationToken)
   at Microsoft.AspNetCore.Server.Kestrel.Core.AnyIPListenOptions.BindAsync(AddressBindContext context, CancellationToken cancellationToken)
   at Microsoft.AspNetCore.Server.Kestrel.Core.Internal.AddressBinder.AddressesStrategy.BindAsync(AddressBindContext context, CancellationToken cancellationToken)
   at Microsoft.AspNetCore.Server.Kestrel.Core.Internal.AddressBinder.BindAsync(ListenOptions[] listenOptions, AddressBindContext context, Func`2 useHttps, CancellationToken cancellationToken)
   at Microsoft.AspNetCore.Server.Kestrel.Core.KestrelServerImpl.BindAsync(CancellationToken cancellationToken)
   at Microsoft.AspNetCore.Server.Kestrel.Core.KestrelServerImpl.StartAsync[TContext](IHttpApplication`1 application, CancellationToken cancellationToken)
   at Microsoft.AspNetCore.Hosting.GenericWebHostService.StartAsync(CancellationToken cancellationToken)
   at Microsoft.Extensions.Hosting.Internal.Host.<StartAsync>b__15_1(IHostedService service, CancellationToken token)
   at Microsoft.Extensions.Hosting.Internal.Host.ForeachService[T](IEnumerable`1 services, CancellationToken token, Boolean concurrent, Boolean abortOnFirstException, List`1 exceptions, Func`3 operation)
2026-03-13 11:03:41.169 +07:00 [INF] TrendCrawlerWorker started
2026-03-13 11:03:41.196 +07:00 [INF] Veo3GenerationWorker started with max parallelism: 3
2026-03-13 11:03:46.198 +07:00 [INF] TrendCrawlerWorker: Starting scheduled crawl...
2026-03-13 11:03:46.304 +07:00 [INF] Crawling YouTube trends for region Global
2026-03-13 11:03:46.783 +07:00 [ERR] YouTube API error: "BadRequest" - {
  "error": {
    "code": 400,
    "message": "API key not valid. Please pass a valid API key.",
    "errors": [
      {
        "message": "API key not valid. Please pass a valid API key.",
        "domain": "global",
        "reason": "badRequest"
      }
    ],
    "status": "INVALID_ARGUMENT",
    "details": [
      {
        "@type": "type.googleapis.com/google.rpc.ErrorInfo",
        "reason": "API_KEY_INVALID",
        "domain": "googleapis.com",
        "metadata": {
          "service": "youtube.googleapis.com"
        }
      },
      {
        "@type": "type.googleapis.com/google.rpc.LocalizedMessage",
        "locale": "en-US",
        "message": "API key not valid. Please pass a valid API key."
      }
    ]
  }
}

2026-03-13 11:03:46.788 +07:00 [ERR] Failed to collect YouTube trends for region Global
System.Net.Http.HttpRequestException: Response status code does not indicate success: 400 (Bad Request).
   at System.Net.Http.HttpResponseMessage.EnsureSuccessStatusCode()
   at AutoVeo.Infrastructure.External.YouTubeTrendCollector.CollectAsync(String region, CancellationToken ct) in /Users/macbook/Documents/Coding/AutoVeo/backend/src/AutoVeo.Infrastructure/External/TrendCollectors.cs:line 44
2026-03-13 11:03:46.810 +07:00 [INF] Saved 0 trends from YouTube (Global)
2026-03-13 11:03:46.810 +07:00 [INF] Crawling YouTube trends for region United States
2026-03-13 11:03:46.936 +07:00 [ERR] YouTube API error: "BadRequest" - {
  "error": {
    "code": 400,
    "message": "API key not valid. Please pass a valid API key.",
    "errors": [
      {
        "message": "API key not valid. Please pass a valid API key.",
        "domain": "global",
        "reason": "badRequest"
      }
    ],
    "status": "INVALID_ARGUMENT",
    "details": [
      {
        "@type": "type.googleapis.com/google.rpc.ErrorInfo",
        "reason": "API_KEY_INVALID",
        "domain": "googleapis.com",
        "metadata": {
          "service": "youtube.googleapis.com"
        }
      },
      {
        "@type": "type.googleapis.com/google.rpc.LocalizedMessage",
        "locale": "en-US",
        "message": "API key not valid. Please pass a valid API key."
      }
    ]
  }
}

2026-03-13 11:03:46.936 +07:00 [ERR] Failed to collect YouTube trends for region United States
System.Net.Http.HttpRequestException: Response status code does not indicate success: 400 (Bad Request).
   at System.Net.Http.HttpResponseMessage.EnsureSuccessStatusCode()
   at AutoVeo.Infrastructure.External.YouTubeTrendCollector.CollectAsync(String region, CancellationToken ct) in /Users/macbook/Documents/Coding/AutoVeo/backend/src/AutoVeo.Infrastructure/External/TrendCollectors.cs:line 44
2026-03-13 11:03:46.937 +07:00 [INF] Saved 0 trends from YouTube (United States)
2026-03-13 11:03:46.937 +07:00 [INF] Crawling YouTube trends for region Vietnam
2026-03-13 11:03:47.043 +07:00 [ERR] YouTube API error: "BadRequest" - {
  "error": {
    "code": 400,
    "message": "API key not valid. Please pass a valid API key.",
    "errors": [
      {
        "message": "API key not valid. Please pass a valid API key.",
        "domain": "global",
        "reason": "badRequest"
      }
    ],
    "status": "INVALID_ARGUMENT",
    "details": [
      {
        "@type": "type.googleapis.com/google.rpc.ErrorInfo",
        "reason": "API_KEY_INVALID",
        "domain": "googleapis.com",
        "metadata": {
          "service": "youtube.googleapis.com"
        }
      },
      {
        "@type": "type.googleapis.com/google.rpc.LocalizedMessage",
        "locale": "en-US",
        "message": "API key not valid. Please pass a valid API key."
      }
    ]
  }
}

2026-03-13 11:03:47.043 +07:00 [ERR] Failed to collect YouTube trends for region Vietnam
System.Net.Http.HttpRequestException: Response status code does not indicate success: 400 (Bad Request).
   at System.Net.Http.HttpResponseMessage.EnsureSuccessStatusCode()
   at AutoVeo.Infrastructure.External.YouTubeTrendCollector.CollectAsync(String region, CancellationToken ct) in /Users/macbook/Documents/Coding/AutoVeo/backend/src/AutoVeo.Infrastructure/External/TrendCollectors.cs:line 44
2026-03-13 11:03:47.043 +07:00 [INF] Saved 0 trends from YouTube (Vietnam)
2026-03-13 11:03:47.046 +07:00 [INF] Crawling TikTok trends for region Global
2026-03-13 11:03:47.050 +07:00 [INF] Fetching TikTok trends from Tikwm for region: Global
2026-03-13 11:03:47.587 +07:00 [INF] Collected 0 TikTok trends from Tikwm
2026-03-13 11:03:47.588 +07:00 [INF] Saved 0 trends from TikTok (Global)
2026-03-13 11:03:47.588 +07:00 [INF] Crawling TikTok trends for region United States
2026-03-13 11:03:47.588 +07:00 [INF] Fetching TikTok trends from Tikwm for region: United States
2026-03-13 11:03:48.083 +07:00 [INF] Collected 0 TikTok trends from Tikwm
2026-03-13 11:03:48.083 +07:00 [INF] Saved 0 trends from TikTok (United States)
2026-03-13 11:03:48.083 +07:00 [INF] Crawling TikTok trends for region Vietnam
2026-03-13 11:03:48.083 +07:00 [INF] Fetching TikTok trends from Tikwm for region: Vietnam
2026-03-13 11:03:48.516 +07:00 [INF] Collected 0 TikTok trends from Tikwm
2026-03-13 11:03:48.516 +07:00 [INF] Saved 0 trends from TikTok (Vietnam)
2026-03-13 11:03:48.518 +07:00 [INF] Crawling Google Trends trends for region Global
2026-03-13 11:03:49.737 +07:00 [INF] Collected 10 Google Trends for region Global
2026-03-13 11:03:49.824 +07:00 [INF] Saved 10 trends from Google Trends (Global)
2026-03-13 11:03:49.824 +07:00 [INF] Crawling Google Trends trends for region United States
2026-03-13 11:03:50.969 +07:00 [ERR] Failed to collect Google Trends for region United States
System.Net.Http.HttpRequestException: Response status code does not indicate success: 400 (Bad Request).
   at System.Net.Http.HttpResponseMessage.EnsureSuccessStatusCode()
   at System.Net.Http.HttpClient.GetStringAsyncCore(HttpRequestMessage request, CancellationToken cancellationToken)
   at AutoVeo.Infrastructure.External.GoogleTrendsCollector.CollectAsync(String region, CancellationToken ct) in /Users/macbook/Documents/Coding/AutoVeo/backend/src/AutoVeo.Infrastructure/External/TrendCollectors.cs:line 227
2026-03-13 11:03:50.971 +07:00 [INF] Saved 0 trends from Google Trends (United States)
2026-03-13 11:03:50.971 +07:00 [INF] Crawling Google Trends trends for region Vietnam
2026-03-13 11:03:52.143 +07:00 [ERR] Failed to collect Google Trends for region Vietnam
System.Net.Http.HttpRequestException: Response status code does not indicate success: 400 (Bad Request).
   at System.Net.Http.HttpResponseMessage.EnsureSuccessStatusCode()
   at System.Net.Http.HttpClient.GetStringAsyncCore(HttpRequestMessage request, CancellationToken cancellationToken)
   at AutoVeo.Infrastructure.External.GoogleTrendsCollector.CollectAsync(String region, CancellationToken ct) in /Users/macbook/Documents/Coding/AutoVeo/backend/src/AutoVeo.Infrastructure/External/TrendCollectors.cs:line 227
2026-03-13 11:03:52.144 +07:00 [INF] Saved 0 trends from Google Trends (Vietnam)
2026-03-13 11:03:52.155 +07:00 [INF] TrendCrawlerWorker: Waiting 120 minutes for next crawl...
2026-03-13 11:04:38.004 +07:00 [INF] TrendCrawlerWorker started
2026-03-13 11:04:38.034 +07:00 [INF] Veo3GenerationWorker started with max parallelism: 3
2026-03-13 11:04:38.116 +07:00 [ERR] Hosting failed to start
System.IO.IOException: Failed to bind to address http://[::]:5050: address already in use.
 ---> Microsoft.AspNetCore.Connections.AddressInUseException: Address already in use
 ---> System.Net.Sockets.SocketException (48): Address already in use
   at System.Net.Sockets.Socket.DoBind(EndPoint endPointSnapshot, SocketAddress socketAddress)
   at System.Net.Sockets.Socket.Bind(EndPoint localEP)
   at Microsoft.AspNetCore.Server.Kestrel.Transport.Sockets.SocketTransportOptions.CreateDefaultBoundListenSocket(EndPoint endpoint)
   at Microsoft.AspNetCore.Server.Kestrel.Transport.Sockets.SocketConnectionListener.Bind()
   --- End of inner exception stack trace ---
   at Microsoft.AspNetCore.Server.Kestrel.Transport.Sockets.SocketConnectionListener.Bind()
   at Microsoft.AspNetCore.Server.Kestrel.Transport.Sockets.SocketTransportFactory.BindAsync(EndPoint endpoint, CancellationToken cancellationToken)
   at Microsoft.AspNetCore.Server.Kestrel.Core.Internal.Infrastructure.TransportManager.BindAsync(EndPoint endPoint, ConnectionDelegate connectionDelegate, EndpointConfig endpointConfig, CancellationToken cancellationToken)
   at Microsoft.AspNetCore.Server.Kestrel.Core.KestrelServerImpl.<>c__DisplayClass28_0`1.<<StartAsync>g__OnBind|0>d.MoveNext()
--- End of stack trace from previous location ---
   at Microsoft.AspNetCore.Server.Kestrel.Core.Internal.AddressBinder.BindEndpointAsync(ListenOptions endpoint, AddressBindContext context, CancellationToken cancellationToken)
   --- End of inner exception stack trace ---
   at Microsoft.AspNetCore.Server.Kestrel.Core.Internal.AddressBinder.BindEndpointAsync(ListenOptions endpoint, AddressBindContext context, CancellationToken cancellationToken)
   at Microsoft.AspNetCore.Server.Kestrel.Core.ListenOptions.BindAsync(AddressBindContext context, CancellationToken cancellationToken)
   at Microsoft.AspNetCore.Server.Kestrel.Core.AnyIPListenOptions.BindAsync(AddressBindContext context, CancellationToken cancellationToken)
   at Microsoft.AspNetCore.Server.Kestrel.Core.Internal.AddressBinder.AddressesStrategy.BindAsync(AddressBindContext context, CancellationToken cancellationToken)
   at Microsoft.AspNetCore.Server.Kestrel.Core.Internal.AddressBinder.BindAsync(ListenOptions[] listenOptions, AddressBindContext context, Func`2 useHttps, CancellationToken cancellationToken)
   at Microsoft.AspNetCore.Server.Kestrel.Core.KestrelServerImpl.BindAsync(CancellationToken cancellationToken)
   at Microsoft.AspNetCore.Server.Kestrel.Core.KestrelServerImpl.StartAsync[TContext](IHttpApplication`1 application, CancellationToken cancellationToken)
   at Microsoft.AspNetCore.Hosting.GenericWebHostService.StartAsync(CancellationToken cancellationToken)
   at Microsoft.Extensions.Hosting.Internal.Host.<StartAsync>b__15_1(IHostedService service, CancellationToken token)
   at Microsoft.Extensions.Hosting.Internal.Host.ForeachService[T](IEnumerable`1 services, CancellationToken token, Boolean concurrent, Boolean abortOnFirstException, List`1 exceptions, Func`3 operation)
2026-03-13 11:04:38.120 +07:00 [ERR] BackgroundService failed
System.Threading.Tasks.TaskCanceledException: A task was canceled.
   at AutoVeo.Infrastructure.BackgroundJobs.Veo3GenerationWorker.ExecuteAsync(CancellationToken stoppingToken) in /Users/macbook/Documents/Coding/AutoVeo/backend/src/AutoVeo.Infrastructure/BackgroundJobs/Workers.cs:line 169
   at Microsoft.Extensions.Hosting.Internal.Host.TryExecuteBackgroundServiceAsync(BackgroundService backgroundService)
2026-03-13 11:04:38.120 +07:00 [ERR] BackgroundService failed
System.Threading.Tasks.TaskCanceledException: A task was canceled.
   at AutoVeo.Infrastructure.BackgroundJobs.TrendCrawlerWorker.ExecuteAsync(CancellationToken stoppingToken) in /Users/macbook/Documents/Coding/AutoVeo/backend/src/AutoVeo.Infrastructure/BackgroundJobs/Workers.cs:line 34
   at Microsoft.Extensions.Hosting.Internal.Host.TryExecuteBackgroundServiceAsync(BackgroundService backgroundService)
2026-03-13 11:04:49.543 +07:00 [INF] TrendCrawlerWorker started
2026-03-13 11:04:49.571 +07:00 [INF] Veo3GenerationWorker started with max parallelism: 3
2026-03-13 11:04:54.571 +07:00 [INF] TrendCrawlerWorker: Starting scheduled crawl...
2026-03-13 11:04:54.603 +07:00 [INF] Crawling YouTube trends for region Global
2026-03-13 11:04:55.094 +07:00 [ERR] YouTube API error: "BadRequest" - {
  "error": {
    "code": 400,
    "message": "API key not valid. Please pass a valid API key.",
    "errors": [
      {
        "message": "API key not valid. Please pass a valid API key.",
        "domain": "global",
        "reason": "badRequest"
      }
    ],
    "status": "INVALID_ARGUMENT",
    "details": [
      {
        "@type": "type.googleapis.com/google.rpc.ErrorInfo",
        "reason": "API_KEY_INVALID",
        "domain": "googleapis.com",
        "metadata": {
          "service": "youtube.googleapis.com"
        }
      },
      {
        "@type": "type.googleapis.com/google.rpc.LocalizedMessage",
        "locale": "en-US",
        "message": "API key not valid. Please pass a valid API key."
      }
    ]
  }
}

2026-03-13 11:04:55.097 +07:00 [ERR] Failed to collect YouTube trends for region Global
System.Net.Http.HttpRequestException: Response status code does not indicate success: 400 (Bad Request).
   at System.Net.Http.HttpResponseMessage.EnsureSuccessStatusCode()
   at AutoVeo.Infrastructure.External.YouTubeTrendCollector.CollectAsync(String region, CancellationToken ct) in /Users/macbook/Documents/Coding/AutoVeo/backend/src/AutoVeo.Infrastructure/External/TrendCollectors.cs:line 44
2026-03-13 11:04:55.104 +07:00 [INF] Saved 0 trends from YouTube (Global)
2026-03-13 11:04:55.104 +07:00 [INF] Crawling YouTube trends for region United States
2026-03-13 11:04:55.197 +07:00 [ERR] YouTube API error: "BadRequest" - {
  "error": {
    "code": 400,
    "message": "API key not valid. Please pass a valid API key.",
    "errors": [
      {
        "message": "API key not valid. Please pass a valid API key.",
        "domain": "global",
        "reason": "badRequest"
      }
    ],
    "status": "INVALID_ARGUMENT",
    "details": [
      {
        "@type": "type.googleapis.com/google.rpc.ErrorInfo",
        "reason": "API_KEY_INVALID",
        "domain": "googleapis.com",
        "metadata": {
          "service": "youtube.googleapis.com"
        }
      },
      {
        "@type": "type.googleapis.com/google.rpc.LocalizedMessage",
        "locale": "en-US",
        "message": "API key not valid. Please pass a valid API key."
      }
    ]
  }
}

2026-03-13 11:04:55.197 +07:00 [ERR] Failed to collect YouTube trends for region United States
System.Net.Http.HttpRequestException: Response status code does not indicate success: 400 (Bad Request).
   at System.Net.Http.HttpResponseMessage.EnsureSuccessStatusCode()
   at AutoVeo.Infrastructure.External.YouTubeTrendCollector.CollectAsync(String region, CancellationToken ct) in /Users/macbook/Documents/Coding/AutoVeo/backend/src/AutoVeo.Infrastructure/External/TrendCollectors.cs:line 44
2026-03-13 11:04:55.197 +07:00 [INF] Saved 0 trends from YouTube (United States)
2026-03-13 11:04:55.197 +07:00 [INF] Crawling YouTube trends for region Vietnam
2026-03-13 11:04:55.278 +07:00 [ERR] YouTube API error: "BadRequest" - {
  "error": {
    "code": 400,
    "message": "API key not valid. Please pass a valid API key.",
    "errors": [
      {
        "message": "API key not valid. Please pass a valid API key.",
        "domain": "global",
        "reason": "badRequest"
      }
    ],
    "status": "INVALID_ARGUMENT",
    "details": [
      {
        "@type": "type.googleapis.com/google.rpc.ErrorInfo",
        "reason": "API_KEY_INVALID",
        "domain": "googleapis.com",
        "metadata": {
          "service": "youtube.googleapis.com"
        }
      },
      {
        "@type": "type.googleapis.com/google.rpc.LocalizedMessage",
        "locale": "en-US",
        "message": "API key not valid. Please pass a valid API key."
      }
    ]
  }
}

2026-03-13 11:04:55.278 +07:00 [ERR] Failed to collect YouTube trends for region Vietnam
System.Net.Http.HttpRequestException: Response status code does not indicate success: 400 (Bad Request).
   at System.Net.Http.HttpResponseMessage.EnsureSuccessStatusCode()
   at AutoVeo.Infrastructure.External.YouTubeTrendCollector.CollectAsync(String region, CancellationToken ct) in /Users/macbook/Documents/Coding/AutoVeo/backend/src/AutoVeo.Infrastructure/External/TrendCollectors.cs:line 44
2026-03-13 11:04:55.278 +07:00 [INF] Saved 0 trends from YouTube (Vietnam)
2026-03-13 11:04:55.279 +07:00 [INF] Crawling TikTok trends for region Global
2026-03-13 11:04:55.281 +07:00 [INF] Fetching TikTok trends from Tikwm for region: Global
2026-03-13 11:04:55.732 +07:00 [INF] Collected 0 TikTok trends from Tikwm
2026-03-13 11:04:55.732 +07:00 [INF] Saved 0 trends from TikTok (Global)
2026-03-13 11:04:55.732 +07:00 [INF] Crawling TikTok trends for region United States
2026-03-13 11:04:55.732 +07:00 [INF] Fetching TikTok trends from Tikwm for region: United States
2026-03-13 11:04:56.055 +07:00 [INF] Collected 0 TikTok trends from Tikwm
2026-03-13 11:04:56.055 +07:00 [INF] Saved 0 trends from TikTok (United States)
2026-03-13 11:04:56.055 +07:00 [INF] Crawling TikTok trends for region Vietnam
2026-03-13 11:04:56.055 +07:00 [INF] Fetching TikTok trends from Tikwm for region: Vietnam
2026-03-13 11:04:56.350 +07:00 [INF] Collected 0 TikTok trends from Tikwm
2026-03-13 11:04:56.351 +07:00 [INF] Saved 0 trends from TikTok (Vietnam)
2026-03-13 11:04:56.351 +07:00 [INF] Crawling Google Trends trends for region Global
2026-03-13 11:04:57.673 +07:00 [INF] Collected 10 Google Trends for region Global
2026-03-13 11:04:57.698 +07:00 [INF] Saved 10 trends from Google Trends (Global)
2026-03-13 11:04:57.698 +07:00 [INF] Crawling Google Trends trends for region United States
2026-03-13 11:04:57.883 +07:00 [ERR] Failed to collect Google Trends for region United States
System.Net.Http.HttpRequestException: Response status code does not indicate success: 400 (Bad Request).
   at System.Net.Http.HttpResponseMessage.EnsureSuccessStatusCode()
   at System.Net.Http.HttpClient.GetStringAsyncCore(HttpRequestMessage request, CancellationToken cancellationToken)
   at AutoVeo.Infrastructure.External.GoogleTrendsCollector.CollectAsync(String region, CancellationToken ct) in /Users/macbook/Documents/Coding/AutoVeo/backend/src/AutoVeo.Infrastructure/External/TrendCollectors.cs:line 233
2026-03-13 11:04:57.884 +07:00 [INF] Saved 0 trends from Google Trends (United States)
2026-03-13 11:04:57.884 +07:00 [INF] Crawling Google Trends trends for region Vietnam
2026-03-13 11:04:58.036 +07:00 [ERR] Failed to collect Google Trends for region Vietnam
System.Net.Http.HttpRequestException: Response status code does not indicate success: 400 (Bad Request).
   at System.Net.Http.HttpResponseMessage.EnsureSuccessStatusCode()
   at System.Net.Http.HttpClient.GetStringAsyncCore(HttpRequestMessage request, CancellationToken cancellationToken)
   at AutoVeo.Infrastructure.External.GoogleTrendsCollector.CollectAsync(String region, CancellationToken ct) in /Users/macbook/Documents/Coding/AutoVeo/backend/src/AutoVeo.Infrastructure/External/TrendCollectors.cs:line 233
2026-03-13 11:04:58.036 +07:00 [INF] Saved 0 trends from Google Trends (Vietnam)
2026-03-13 11:04:58.042 +07:00 [INF] TrendCrawlerWorker: Waiting 120 minutes for next crawl...
2026-03-13 11:05:28.482 +07:00 [INF] TrendCrawlerWorker started
2026-03-13 11:05:28.525 +07:00 [INF] Veo3GenerationWorker started with max parallelism: 3
2026-03-13 11:05:33.525 +07:00 [INF] TrendCrawlerWorker: Starting scheduled crawl...
2026-03-13 11:05:33.675 +07:00 [INF] Crawling YouTube trends for region Global
2026-03-13 11:05:34.237 +07:00 [ERR] YouTube API error: "BadRequest" - {
  "error": {
    "code": 400,
    "message": "API key not valid. Please pass a valid API key.",
    "errors": [
      {
        "message": "API key not valid. Please pass a valid API key.",
        "domain": "global",
        "reason": "badRequest"
      }
    ],
    "status": "INVALID_ARGUMENT",
    "details": [
      {
        "@type": "type.googleapis.com/google.rpc.ErrorInfo",
        "reason": "API_KEY_INVALID",
        "domain": "googleapis.com",
        "metadata": {
          "service": "youtube.googleapis.com"
        }
      },
      {
        "@type": "type.googleapis.com/google.rpc.LocalizedMessage",
        "locale": "en-US",
        "message": "API key not valid. Please pass a valid API key."
      }
    ]
  }
}

2026-03-13 11:05:34.243 +07:00 [ERR] Failed to collect YouTube trends for region Global
System.Net.Http.HttpRequestException: Response status code does not indicate success: 400 (Bad Request).
   at System.Net.Http.HttpResponseMessage.EnsureSuccessStatusCode()
   at AutoVeo.Infrastructure.External.YouTubeTrendCollector.CollectAsync(String region, CancellationToken ct) in /Users/macbook/Documents/Coding/AutoVeo/backend/src/AutoVeo.Infrastructure/External/TrendCollectors.cs:line 44
2026-03-13 11:05:34.264 +07:00 [INF] Saved 0 trends from YouTube (Global)
2026-03-13 11:05:34.264 +07:00 [INF] Crawling YouTube trends for region United States
2026-03-13 11:05:34.385 +07:00 [ERR] YouTube API error: "BadRequest" - {
  "error": {
    "code": 400,
    "message": "API key not valid. Please pass a valid API key.",
    "errors": [
      {
        "message": "API key not valid. Please pass a valid API key.",
        "domain": "global",
        "reason": "badRequest"
      }
    ],
    "status": "INVALID_ARGUMENT",
    "details": [
      {
        "@type": "type.googleapis.com/google.rpc.ErrorInfo",
        "reason": "API_KEY_INVALID",
        "domain": "googleapis.com",
        "metadata": {
          "service": "youtube.googleapis.com"
        }
      },
      {
        "@type": "type.googleapis.com/google.rpc.LocalizedMessage",
        "locale": "en-US",
        "message": "API key not valid. Please pass a valid API key."
      }
    ]
  }
}

2026-03-13 11:05:34.385 +07:00 [ERR] Failed to collect YouTube trends for region United States
System.Net.Http.HttpRequestException: Response status code does not indicate success: 400 (Bad Request).
   at System.Net.Http.HttpResponseMessage.EnsureSuccessStatusCode()
   at AutoVeo.Infrastructure.External.YouTubeTrendCollector.CollectAsync(String region, CancellationToken ct) in /Users/macbook/Documents/Coding/AutoVeo/backend/src/AutoVeo.Infrastructure/External/TrendCollectors.cs:line 44
2026-03-13 11:05:34.386 +07:00 [INF] Saved 0 trends from YouTube (United States)
2026-03-13 11:05:34.386 +07:00 [INF] Crawling YouTube trends for region Vietnam
2026-03-13 11:05:38.777 +07:00 [ERR] YouTube API error: "BadRequest" - {
  "error": {
    "code": 400,
    "message": "API key not valid. Please pass a valid API key.",
    "errors": [
      {
        "message": "API key not valid. Please pass a valid API key.",
        "domain": "global",
        "reason": "badRequest"
      }
    ],
    "status": "INVALID_ARGUMENT",
    "details": [
      {
        "@type": "type.googleapis.com/google.rpc.ErrorInfo",
        "reason": "API_KEY_INVALID",
        "domain": "googleapis.com",
        "metadata": {
          "service": "youtube.googleapis.com"
        }
      },
      {
        "@type": "type.googleapis.com/google.rpc.LocalizedMessage",
        "locale": "en-US",
        "message": "API key not valid. Please pass a valid API key."
      }
    ]
  }
}

2026-03-13 11:05:38.777 +07:00 [ERR] Failed to collect YouTube trends for region Vietnam
System.Net.Http.HttpRequestException: Response status code does not indicate success: 400 (Bad Request).
   at System.Net.Http.HttpResponseMessage.EnsureSuccessStatusCode()
   at AutoVeo.Infrastructure.External.YouTubeTrendCollector.CollectAsync(String region, CancellationToken ct) in /Users/macbook/Documents/Coding/AutoVeo/backend/src/AutoVeo.Infrastructure/External/TrendCollectors.cs:line 44
2026-03-13 11:05:38.777 +07:00 [INF] Saved 0 trends from YouTube (Vietnam)
2026-03-13 11:05:38.778 +07:00 [INF] Crawling TikTok trends for region Global
2026-03-13 11:05:38.782 +07:00 [INF] Fetching TikTok trends from Tikwm for region: Global
2026-03-13 11:05:39.319 +07:00 [WRN] TikTok collection for Global returned 0 trends. Raw JSON: {"code":-1,"msg":"region empty","processed_time":0.001}
2026-03-13 11:05:39.319 +07:00 [INF] Collected 0 TikTok trends from Tikwm
2026-03-13 11:05:39.319 +07:00 [INF] Saved 0 trends from TikTok (Global)
2026-03-13 11:05:39.319 +07:00 [INF] Crawling TikTok trends for region United States
2026-03-13 11:05:39.319 +07:00 [INF] Fetching TikTok trends from Tikwm for region: United States
2026-03-13 11:05:39.907 +07:00 [WRN] TikTok collection for United States returned 0 trends. Raw JSON: {"code":-1,"msg":"Free Api Limit: 1 request\/second."}
2026-03-13 11:05:39.907 +07:00 [INF] Collected 0 TikTok trends from Tikwm
2026-03-13 11:05:39.907 +07:00 [INF] Saved 0 trends from TikTok (United States)
2026-03-13 11:05:39.907 +07:00 [INF] Crawling TikTok trends for region Vietnam
2026-03-13 11:05:39.907 +07:00 [INF] Fetching TikTok trends from Tikwm for region: Vietnam
2026-03-13 11:05:40.416 +07:00 [WRN] TikTok collection for Vietnam returned 0 trends. Raw JSON: {"code":-1,"msg":"Free Api Limit: 1 request\/second."}
2026-03-13 11:05:40.416 +07:00 [INF] Collected 0 TikTok trends from Tikwm
2026-03-13 11:05:40.417 +07:00 [INF] Saved 0 trends from TikTok (Vietnam)
2026-03-13 11:05:40.418 +07:00 [INF] Crawling Google Trends trends for region Global
2026-03-13 11:05:41.771 +07:00 [INF] Collected 10 Google Trends for region Global
2026-03-13 11:05:41.873 +07:00 [INF] Saved 10 trends from Google Trends (Global)
2026-03-13 11:05:41.873 +07:00 [INF] Crawling Google Trends trends for region United States
2026-03-13 11:05:42.054 +07:00 [ERR] Failed to collect Google Trends for region United States
System.Net.Http.HttpRequestException: Response status code does not indicate success: 400 (Bad Request).
   at System.Net.Http.HttpResponseMessage.EnsureSuccessStatusCode()
   at System.Net.Http.HttpClient.GetStringAsyncCore(HttpRequestMessage request, CancellationToken cancellationToken)
   at AutoVeo.Infrastructure.External.GoogleTrendsCollector.CollectAsync(String region, CancellationToken ct) in /Users/macbook/Documents/Coding/AutoVeo/backend/src/AutoVeo.Infrastructure/External/TrendCollectors.cs:line 219
2026-03-13 11:05:42.055 +07:00 [INF] Saved 0 trends from Google Trends (United States)
2026-03-13 11:05:42.055 +07:00 [INF] Crawling Google Trends trends for region Vietnam
2026-03-13 11:05:42.224 +07:00 [ERR] Failed to collect Google Trends for region Vietnam
System.Net.Http.HttpRequestException: Response status code does not indicate success: 400 (Bad Request).
   at System.Net.Http.HttpResponseMessage.EnsureSuccessStatusCode()
   at System.Net.Http.HttpClient.GetStringAsyncCore(HttpRequestMessage request, CancellationToken cancellationToken)
   at AutoVeo.Infrastructure.External.GoogleTrendsCollector.CollectAsync(String region, CancellationToken ct) in /Users/macbook/Documents/Coding/AutoVeo/backend/src/AutoVeo.Infrastructure/External/TrendCollectors.cs:line 219
2026-03-13 11:05:42.225 +07:00 [INF] Saved 0 trends from Google Trends (Vietnam)
2026-03-13 11:05:42.233 +07:00 [INF] TrendCrawlerWorker: Waiting 120 minutes for next crawl...
2026-03-13 11:06:13.116 +07:00 [INF] TrendCrawlerWorker started
2026-03-13 11:06:13.146 +07:00 [INF] Veo3GenerationWorker started with max parallelism: 3
2026-03-13 11:06:18.147 +07:00 [INF] TrendCrawlerWorker: Starting scheduled crawl...
2026-03-13 11:06:18.246 +07:00 [INF] Crawling YouTube trends for region Global
2026-03-13 11:06:18.753 +07:00 [ERR] YouTube API error: "BadRequest" - {
  "error": {
    "code": 400,
    "message": "API key not valid. Please pass a valid API key.",
    "errors": [
      {
        "message": "API key not valid. Please pass a valid API key.",
        "domain": "global",
        "reason": "badRequest"
      }
    ],
    "status": "INVALID_ARGUMENT",
    "details": [
      {
        "@type": "type.googleapis.com/google.rpc.ErrorInfo",
        "reason": "API_KEY_INVALID",
        "domain": "googleapis.com",
        "metadata": {
          "service": "youtube.googleapis.com"
        }
      },
      {
        "@type": "type.googleapis.com/google.rpc.LocalizedMessage",
        "locale": "en-US",
        "message": "API key not valid. Please pass a valid API key."
      }
    ]
  }
}

2026-03-13 11:06:18.757 +07:00 [ERR] Failed to collect YouTube trends for region Global
System.Net.Http.HttpRequestException: Response status code does not indicate success: 400 (Bad Request).
   at System.Net.Http.HttpResponseMessage.EnsureSuccessStatusCode()
   at AutoVeo.Infrastructure.External.YouTubeTrendCollector.CollectAsync(String region, CancellationToken ct) in /Users/macbook/Documents/Coding/AutoVeo/backend/src/AutoVeo.Infrastructure/External/TrendCollectors.cs:line 44
2026-03-13 11:06:18.788 +07:00 [INF] Saved 0 trends from YouTube (Global)
2026-03-13 11:06:18.789 +07:00 [INF] Crawling YouTube trends for region United States
2026-03-13 11:06:18.894 +07:00 [ERR] YouTube API error: "BadRequest" - {
  "error": {
    "code": 400,
    "message": "API key not valid. Please pass a valid API key.",
    "errors": [
      {
        "message": "API key not valid. Please pass a valid API key.",
        "domain": "global",
        "reason": "badRequest"
      }
    ],
    "status": "INVALID_ARGUMENT",
    "details": [
      {
        "@type": "type.googleapis.com/google.rpc.ErrorInfo",
        "reason": "API_KEY_INVALID",
        "domain": "googleapis.com",
        "metadata": {
          "service": "youtube.googleapis.com"
        }
      },
      {
        "@type": "type.googleapis.com/google.rpc.LocalizedMessage",
        "locale": "en-US",
        "message": "API key not valid. Please pass a valid API key."
      }
    ]
  }
}

2026-03-13 11:06:18.895 +07:00 [ERR] Failed to collect YouTube trends for region United States
System.Net.Http.HttpRequestException: Response status code does not indicate success: 400 (Bad Request).
   at System.Net.Http.HttpResponseMessage.EnsureSuccessStatusCode()
   at AutoVeo.Infrastructure.External.YouTubeTrendCollector.CollectAsync(String region, CancellationToken ct) in /Users/macbook/Documents/Coding/AutoVeo/backend/src/AutoVeo.Infrastructure/External/TrendCollectors.cs:line 44
2026-03-13 11:06:18.895 +07:00 [INF] Saved 0 trends from YouTube (United States)
2026-03-13 11:06:18.895 +07:00 [INF] Crawling YouTube trends for region Vietnam
2026-03-13 11:06:19.032 +07:00 [ERR] YouTube API error: "BadRequest" - {
  "error": {
    "code": 400,
    "message": "API key not valid. Please pass a valid API key.",
    "errors": [
      {
        "message": "API key not valid. Please pass a valid API key.",
        "domain": "global",
        "reason": "badRequest"
      }
    ],
    "status": "INVALID_ARGUMENT",
    "details": [
      {
        "@type": "type.googleapis.com/google.rpc.ErrorInfo",
        "reason": "API_KEY_INVALID",
        "domain": "googleapis.com",
        "metadata": {
          "service": "youtube.googleapis.com"
        }
      },
      {
        "@type": "type.googleapis.com/google.rpc.LocalizedMessage",
        "locale": "en-US",
        "message": "API key not valid. Please pass a valid API key."
      }
    ]
  }
}

2026-03-13 11:06:19.033 +07:00 [ERR] Failed to collect YouTube trends for region Vietnam
System.Net.Http.HttpRequestException: Response status code does not indicate success: 400 (Bad Request).
   at System.Net.Http.HttpResponseMessage.EnsureSuccessStatusCode()
   at AutoVeo.Infrastructure.External.YouTubeTrendCollector.CollectAsync(String region, CancellationToken ct) in /Users/macbook/Documents/Coding/AutoVeo/backend/src/AutoVeo.Infrastructure/External/TrendCollectors.cs:line 44
2026-03-13 11:06:19.033 +07:00 [INF] Saved 0 trends from YouTube (Vietnam)
2026-03-13 11:06:19.036 +07:00 [INF] Crawling TikTok trends for region Global
2026-03-13 11:06:21.048 +07:00 [INF] Fetching TikTok trends from Tikwm for region: Global
2026-03-13 11:06:21.785 +07:00 [WRN] TikTok collection for Global returned 0 trends and no valid data. Raw JSON: {"code":-1,"msg":"region empty","processed_time":0.0023}
2026-03-13 11:06:21.786 +07:00 [INF] Collected 0 TikTok trends from Tikwm
2026-03-13 11:06:21.786 +07:00 [INF] Saved 0 trends from TikTok (Global)
2026-03-13 11:06:21.787 +07:00 [INF] Crawling TikTok trends for region United States
2026-03-13 11:06:23.787 +07:00 [INF] Fetching TikTok trends from Tikwm for region: United States
2026-03-13 11:06:29.869 +07:00 [INF] Collected 13 TikTok trends from Tikwm
2026-03-13 11:06:29.970 +07:00 [INF] Saved 13 trends from TikTok (United States)
2026-03-13 11:06:29.970 +07:00 [INF] Crawling TikTok trends for region Vietnam
2026-03-13 11:06:31.970 +07:00 [INF] Fetching TikTok trends from Tikwm for region: Vietnam
2026-03-13 11:06:37.275 +07:00 [INF] Collected 12 TikTok trends from Tikwm
2026-03-13 11:06:37.288 +07:00 [INF] Saved 12 trends from TikTok (Vietnam)
2026-03-13 11:06:37.291 +07:00 [INF] Crawling Google Trends trends for region Global
2026-03-13 11:06:38.027 +07:00 [INF] Collected 10 Google Trends for region Global
2026-03-13 11:06:38.045 +07:00 [INF] Saved 10 trends from Google Trends (Global)
2026-03-13 11:06:38.045 +07:00 [INF] Crawling Google Trends trends for region United States
2026-03-13 11:06:38.256 +07:00 [ERR] Failed to collect Google Trends for region United States
System.Net.Http.HttpRequestException: Response status code does not indicate success: 400 (Bad Request).
   at System.Net.Http.HttpResponseMessage.EnsureSuccessStatusCode()
   at System.Net.Http.HttpClient.GetStringAsyncCore(HttpRequestMessage request, CancellationToken cancellationToken)
   at AutoVeo.Infrastructure.External.GoogleTrendsCollector.CollectAsync(String region, CancellationToken ct) in /Users/macbook/Documents/Coding/AutoVeo/backend/src/AutoVeo.Infrastructure/External/TrendCollectors.cs:line 244
2026-03-13 11:06:38.257 +07:00 [INF] Saved 0 trends from Google Trends (United States)
2026-03-13 11:06:38.257 +07:00 [INF] Crawling Google Trends trends for region Vietnam
2026-03-13 11:06:38.419 +07:00 [ERR] Failed to collect Google Trends for region Vietnam
System.Net.Http.HttpRequestException: Response status code does not indicate success: 400 (Bad Request).
   at System.Net.Http.HttpResponseMessage.EnsureSuccessStatusCode()
   at System.Net.Http.HttpClient.GetStringAsyncCore(HttpRequestMessage request, CancellationToken cancellationToken)
   at AutoVeo.Infrastructure.External.GoogleTrendsCollector.CollectAsync(String region, CancellationToken ct) in /Users/macbook/Documents/Coding/AutoVeo/backend/src/AutoVeo.Infrastructure/External/TrendCollectors.cs:line 244
2026-03-13 11:06:38.421 +07:00 [INF] Saved 0 trends from Google Trends (Vietnam)
2026-03-13 11:06:38.433 +07:00 [INF] TrendCrawlerWorker: Waiting 120 minutes for next crawl...
2026-03-13 11:09:52.688 +07:00 [INF] TrendCrawlerWorker started
2026-03-13 11:09:52.718 +07:00 [INF] Veo3GenerationWorker started with max parallelism: 3
2026-03-13 11:09:57.718 +07:00 [INF] TrendCrawlerWorker: Starting scheduled crawl...
2026-03-13 11:09:57.843 +07:00 [INF] Crawling YouTube trends for region Global
2026-03-13 11:09:58.425 +07:00 [ERR] YouTube API error: "BadRequest" - {
  "error": {
    "code": 400,
    "message": "API key not valid. Please pass a valid API key.",
    "errors": [
      {
        "message": "API key not valid. Please pass a valid API key.",
        "domain": "global",
        "reason": "badRequest"
      }
    ],
    "status": "INVALID_ARGUMENT",
    "details": [
      {
        "@type": "type.googleapis.com/google.rpc.ErrorInfo",
        "reason": "API_KEY_INVALID",
        "domain": "googleapis.com",
        "metadata": {
          "service": "youtube.googleapis.com"
        }
      },
      {
        "@type": "type.googleapis.com/google.rpc.LocalizedMessage",
        "locale": "en-US",
        "message": "API key not valid. Please pass a valid API key."
      }
    ]
  }
}

2026-03-13 11:09:58.429 +07:00 [ERR] Failed to collect YouTube trends for region Global
System.Net.Http.HttpRequestException: Response status code does not indicate success: 400 (Bad Request).
   at System.Net.Http.HttpResponseMessage.EnsureSuccessStatusCode()
   at AutoVeo.Infrastructure.External.YouTubeTrendCollector.CollectAsync(String region, CancellationToken ct) in /Users/macbook/Documents/Coding/AutoVeo/backend/src/AutoVeo.Infrastructure/External/TrendCollectors.cs:line 44
2026-03-13 11:09:58.453 +07:00 [INF] Saved 0 trends from YouTube (Global)
2026-03-13 11:09:58.453 +07:00 [INF] Crawling YouTube trends for region United States
2026-03-13 11:09:58.630 +07:00 [ERR] YouTube API error: "BadRequest" - {
  "error": {
    "code": 400,
    "message": "API key not valid. Please pass a valid API key.",
    "errors": [
      {
        "message": "API key not valid. Please pass a valid API key.",
        "domain": "global",
        "reason": "badRequest"
      }
    ],
    "status": "INVALID_ARGUMENT",
    "details": [
      {
        "@type": "type.googleapis.com/google.rpc.ErrorInfo",
        "reason": "API_KEY_INVALID",
        "domain": "googleapis.com",
        "metadata": {
          "service": "youtube.googleapis.com"
        }
      },
      {
        "@type": "type.googleapis.com/google.rpc.LocalizedMessage",
        "locale": "en-US",
        "message": "API key not valid. Please pass a valid API key."
      }
    ]
  }
}

2026-03-13 11:09:58.631 +07:00 [ERR] Failed to collect YouTube trends for region United States
System.Net.Http.HttpRequestException: Response status code does not indicate success: 400 (Bad Request).
   at System.Net.Http.HttpResponseMessage.EnsureSuccessStatusCode()
   at AutoVeo.Infrastructure.External.YouTubeTrendCollector.CollectAsync(String region, CancellationToken ct) in /Users/macbook/Documents/Coding/AutoVeo/backend/src/AutoVeo.Infrastructure/External/TrendCollectors.cs:line 44
2026-03-13 11:09:58.631 +07:00 [INF] Saved 0 trends from YouTube (United States)
2026-03-13 11:09:58.631 +07:00 [INF] Crawling YouTube trends for region Vietnam
2026-03-13 11:09:58.780 +07:00 [ERR] YouTube API error: "BadRequest" - {
  "error": {
    "code": 400,
    "message": "API key not valid. Please pass a valid API key.",
    "errors": [
      {
        "message": "API key not valid. Please pass a valid API key.",
        "domain": "global",
        "reason": "badRequest"
      }
    ],
    "status": "INVALID_ARGUMENT",
    "details": [
      {
        "@type": "type.googleapis.com/google.rpc.ErrorInfo",
        "reason": "API_KEY_INVALID",
        "domain": "googleapis.com",
        "metadata": {
          "service": "youtube.googleapis.com"
        }
      },
      {
        "@type": "type.googleapis.com/google.rpc.LocalizedMessage",
        "locale": "en-US",
        "message": "API key not valid. Please pass a valid API key."
      }
    ]
  }
}

2026-03-13 11:09:58.780 +07:00 [ERR] Failed to collect YouTube trends for region Vietnam
System.Net.Http.HttpRequestException: Response status code does not indicate success: 400 (Bad Request).
   at System.Net.Http.HttpResponseMessage.EnsureSuccessStatusCode()
   at AutoVeo.Infrastructure.External.YouTubeTrendCollector.CollectAsync(String region, CancellationToken ct) in /Users/macbook/Documents/Coding/AutoVeo/backend/src/AutoVeo.Infrastructure/External/TrendCollectors.cs:line 44
2026-03-13 11:09:58.781 +07:00 [INF] Saved 0 trends from YouTube (Vietnam)
2026-03-13 11:09:58.783 +07:00 [INF] Crawling TikTok trends for region Global
2026-03-13 11:10:00.793 +07:00 [INF] Fetching TikTok trends from Tikwm for region: Global
2026-03-13 11:10:01.691 +07:00 [INF] Collected 0 TikTok trends from Tikwm for region Global
2026-03-13 11:10:01.691 +07:00 [INF] Saved 0 trends from TikTok (Global)
2026-03-13 11:10:01.691 +07:00 [INF] Crawling TikTok trends for region United States
2026-03-13 11:10:03.692 +07:00 [INF] Fetching TikTok trends from Tikwm for region: United States
2026-03-13 11:10:08.979 +07:00 [INF] Collected 20 TikTok trends from Tikwm for region United States
2026-03-13 11:10:09.062 +07:00 [INF] Saved 20 trends from TikTok (United States)
2026-03-13 11:10:09.062 +07:00 [INF] Crawling TikTok trends for region Vietnam
2026-03-13 11:10:11.063 +07:00 [INF] Fetching TikTok trends from Tikwm for region: Vietnam
2026-03-13 11:10:16.294 +07:00 [INF] Collected 20 TikTok trends from Tikwm for region Vietnam
2026-03-13 11:10:16.313 +07:00 [INF] Saved 20 trends from TikTok (Vietnam)
2026-03-13 11:10:16.316 +07:00 [INF] Crawling Google Trends trends for region Global
2026-03-13 11:10:17.246 +07:00 [INF] Collected 10 Google Trends for region Global
2026-03-13 11:10:17.257 +07:00 [INF] Saved 10 trends from Google Trends (Global)
2026-03-13 11:10:17.257 +07:00 [INF] Crawling Google Trends trends for region United States
2026-03-13 11:10:17.444 +07:00 [ERR] Failed to collect Google Trends for region United States
System.Net.Http.HttpRequestException: Response status code does not indicate success: 400 (Bad Request).
   at System.Net.Http.HttpResponseMessage.EnsureSuccessStatusCode()
   at System.Net.Http.HttpClient.GetStringAsyncCore(HttpRequestMessage request, CancellationToken cancellationToken)
   at AutoVeo.Infrastructure.External.GoogleTrendsCollector.CollectAsync(String region, CancellationToken ct) in /Users/macbook/Documents/Coding/AutoVeo/backend/src/AutoVeo.Infrastructure/External/TrendCollectors.cs:line 256
2026-03-13 11:10:17.446 +07:00 [INF] Saved 0 trends from Google Trends (United States)
2026-03-13 11:10:17.447 +07:00 [INF] Crawling Google Trends trends for region Vietnam
2026-03-13 11:10:17.640 +07:00 [ERR] Failed to collect Google Trends for region Vietnam
System.Net.Http.HttpRequestException: Response status code does not indicate success: 400 (Bad Request).
   at System.Net.Http.HttpResponseMessage.EnsureSuccessStatusCode()
   at System.Net.Http.HttpClient.GetStringAsyncCore(HttpRequestMessage request, CancellationToken cancellationToken)
   at AutoVeo.Infrastructure.External.GoogleTrendsCollector.CollectAsync(String region, CancellationToken ct) in /Users/macbook/Documents/Coding/AutoVeo/backend/src/AutoVeo.Infrastructure/External/TrendCollectors.cs:line 256
2026-03-13 11:10:17.641 +07:00 [INF] Saved 0 trends from Google Trends (Vietnam)
2026-03-13 11:10:17.644 +07:00 [INF] TrendCrawlerWorker: Waiting 120 minutes for next crawl...
2026-03-13 13:26:57.452 +07:00 [INF] TrendCrawlerWorker started
2026-03-13 13:26:57.482 +07:00 [INF] Veo3GenerationWorker started with max parallelism: 3
2026-03-13 13:27:02.494 +07:00 [INF] TrendCrawlerWorker: Starting scheduled crawl...
2026-03-13 13:27:02.607 +07:00 [INF] Crawling YouTube trends for region Global
2026-03-13 13:27:03.161 +07:00 [ERR] YouTube API error: "BadRequest" - {
  "error": {
    "code": 400,
    "message": "API key not valid. Please pass a valid API key.",
    "errors": [
      {
        "message": "API key not valid. Please pass a valid API key.",
        "domain": "global",
        "reason": "badRequest"
      }
    ],
    "status": "INVALID_ARGUMENT",
    "details": [
      {
        "@type": "type.googleapis.com/google.rpc.ErrorInfo",
        "reason": "API_KEY_INVALID",
        "domain": "googleapis.com",
        "metadata": {
          "service": "youtube.googleapis.com"
        }
      },
      {
        "@type": "type.googleapis.com/google.rpc.LocalizedMessage",
        "locale": "en-US",
        "message": "API key not valid. Please pass a valid API key."
      }
    ]
  }
}

2026-03-13 13:27:03.164 +07:00 [ERR] Failed to collect YouTube trends for region Global
System.Net.Http.HttpRequestException: Response status code does not indicate success: 400 (Bad Request).
   at System.Net.Http.HttpResponseMessage.EnsureSuccessStatusCode()
   at AutoVeo.Infrastructure.External.YouTubeTrendCollector.CollectAsync(String region, CancellationToken ct) in /Users/macbook/Documents/Coding/AutoVeo/backend/src/AutoVeo.Infrastructure/External/TrendCollectors.cs:line 44
2026-03-13 13:27:03.179 +07:00 [INF] Saved 0 trends from YouTube (Global)
2026-03-13 13:27:03.179 +07:00 [INF] Crawling YouTube trends for region United States
2026-03-13 13:27:03.321 +07:00 [ERR] YouTube API error: "BadRequest" - {
  "error": {
    "code": 400,
    "message": "API key not valid. Please pass a valid API key.",
    "errors": [
      {
        "message": "API key not valid. Please pass a valid API key.",
        "domain": "global",
        "reason": "badRequest"
      }
    ],
    "status": "INVALID_ARGUMENT",
    "details": [
      {
        "@type": "type.googleapis.com/google.rpc.ErrorInfo",
        "reason": "API_KEY_INVALID",
        "domain": "googleapis.com",
        "metadata": {
          "service": "youtube.googleapis.com"
        }
      },
      {
        "@type": "type.googleapis.com/google.rpc.LocalizedMessage",
        "locale": "en-US",
        "message": "API key not valid. Please pass a valid API key."
      }
    ]
  }
}

2026-03-13 13:27:03.321 +07:00 [ERR] Failed to collect YouTube trends for region United States
System.Net.Http.HttpRequestException: Response status code does not indicate success: 400 (Bad Request).
   at System.Net.Http.HttpResponseMessage.EnsureSuccessStatusCode()
   at AutoVeo.Infrastructure.External.YouTubeTrendCollector.CollectAsync(String region, CancellationToken ct) in /Users/macbook/Documents/Coding/AutoVeo/backend/src/AutoVeo.Infrastructure/External/TrendCollectors.cs:line 44
2026-03-13 13:27:03.322 +07:00 [INF] Saved 0 trends from YouTube (United States)
2026-03-13 13:27:03.322 +07:00 [INF] Crawling YouTube trends for region Vietnam
2026-03-13 13:27:03.572 +07:00 [ERR] YouTube API error: "BadRequest" - {
  "error": {
    "code": 400,
    "message": "API key not valid. Please pass a valid API key.",
    "errors": [
      {
        "message": "API key not valid. Please pass a valid API key.",
        "domain": "global",
        "reason": "badRequest"
      }
    ],
    "status": "INVALID_ARGUMENT",
    "details": [
      {
        "@type": "type.googleapis.com/google.rpc.ErrorInfo",
        "reason": "API_KEY_INVALID",
        "domain": "googleapis.com",
        "metadata": {
          "service": "youtube.googleapis.com"
        }
      },
      {
        "@type": "type.googleapis.com/google.rpc.LocalizedMessage",
        "locale": "en-US",
        "message": "API key not valid. Please pass a valid API key."
      }
    ]
  }
}

2026-03-13 13:27:03.572 +07:00 [ERR] Failed to collect YouTube trends for region Vietnam
System.Net.Http.HttpRequestException: Response status code does not indicate success: 400 (Bad Request).
   at System.Net.Http.HttpResponseMessage.EnsureSuccessStatusCode()
   at AutoVeo.Infrastructure.External.YouTubeTrendCollector.CollectAsync(String region, CancellationToken ct) in /Users/macbook/Documents/Coding/AutoVeo/backend/src/AutoVeo.Infrastructure/External/TrendCollectors.cs:line 44
2026-03-13 13:27:03.572 +07:00 [INF] Saved 0 trends from YouTube (Vietnam)
2026-03-13 13:27:03.574 +07:00 [INF] Crawling TikTok trends for region Global
2026-03-13 13:27:05.581 +07:00 [INF] Fetching TikTok trends from Tikwm for region: Global
2026-03-13 13:27:06.273 +07:00 [INF] Collected 0 TikTok trends from Tikwm for region Global
2026-03-13 13:27:06.274 +07:00 [INF] Saved 0 trends from TikTok (Global)
2026-03-13 13:27:06.274 +07:00 [INF] Crawling TikTok trends for region United States
2026-03-13 13:27:08.275 +07:00 [INF] Fetching TikTok trends from Tikwm for region: United States
2026-03-13 13:27:13.366 +07:00 [INF] Collected 20 TikTok trends from Tikwm for region United States
2026-03-13 13:27:13.464 +07:00 [INF] Saved 20 trends from TikTok (United States)
2026-03-13 13:27:13.464 +07:00 [INF] Crawling TikTok trends for region Vietnam
2026-03-13 13:27:15.466 +07:00 [INF] Fetching TikTok trends from Tikwm for region: Vietnam
2026-03-13 13:27:22.127 +07:00 [INF] Collected 8 TikTok trends from Tikwm for region Vietnam
2026-03-13 13:27:22.131 +07:00 [INF] Saved 8 trends from TikTok (Vietnam)
2026-03-13 13:27:22.132 +07:00 [INF] Crawling Google Trends trends for region Global
2026-03-13 13:27:23.626 +07:00 [INF] Collected 10 Google Trends for region Global
2026-03-13 13:27:23.636 +07:00 [INF] Saved 10 trends from Google Trends (Global)
2026-03-13 13:27:23.636 +07:00 [INF] Crawling Google Trends trends for region United States
2026-03-13 13:27:23.844 +07:00 [ERR] Failed to collect Google Trends for region United States
System.Net.Http.HttpRequestException: Response status code does not indicate success: 400 (Bad Request).
   at System.Net.Http.HttpResponseMessage.EnsureSuccessStatusCode()
   at System.Net.Http.HttpClient.GetStringAsyncCore(HttpRequestMessage request, CancellationToken cancellationToken)
   at AutoVeo.Infrastructure.External.GoogleTrendsCollector.CollectAsync(String region, CancellationToken ct) in /Users/macbook/Documents/Coding/AutoVeo/backend/src/AutoVeo.Infrastructure/External/TrendCollectors.cs:line 256
2026-03-13 13:27:23.846 +07:00 [INF] Saved 0 trends from Google Trends (United States)
2026-03-13 13:27:23.846 +07:00 [INF] Crawling Google Trends trends for region Vietnam
2026-03-13 13:27:24.042 +07:00 [ERR] Failed to collect Google Trends for region Vietnam
System.Net.Http.HttpRequestException: Response status code does not indicate success: 400 (Bad Request).
   at System.Net.Http.HttpResponseMessage.EnsureSuccessStatusCode()
   at System.Net.Http.HttpClient.GetStringAsyncCore(HttpRequestMessage request, CancellationToken cancellationToken)
   at AutoVeo.Infrastructure.External.GoogleTrendsCollector.CollectAsync(String region, CancellationToken ct) in /Users/macbook/Documents/Coding/AutoVeo/backend/src/AutoVeo.Infrastructure/External/TrendCollectors.cs:line 256
2026-03-13 13:27:24.044 +07:00 [INF] Saved 0 trends from Google Trends (Vietnam)
2026-03-13 13:27:24.060 +07:00 [INF] TrendCrawlerWorker: Waiting 120 minutes for next crawl...
2026-03-13 13:27:49.975 +07:00 [INF] Generating 4 consistent scenes for keyword: cyberpunk city
2026-03-13 16:16:17.435 +07:00 [INF] Generating 3 consistent scenes for keyword: anime style
2026-03-13 16:31:58.917 +07:00 [INF] TrendCrawlerWorker started
2026-03-13 16:31:58.949 +07:00 [INF] Veo3GenerationWorker started with max parallelism: 3
2026-03-13 16:32:03.949 +07:00 [INF] TrendCrawlerWorker: Starting scheduled crawl...
2026-03-13 16:32:04.046 +07:00 [INF] Crawling YouTube trends for region Global
2026-03-13 16:32:04.507 +07:00 [ERR] YouTube API error: "BadRequest" - {
  "error": {
    "code": 400,
    "message": "API key not valid. Please pass a valid API key.",
    "errors": [
      {
        "message": "API key not valid. Please pass a valid API key.",
        "domain": "global",
        "reason": "badRequest"
      }
    ],
    "status": "INVALID_ARGUMENT",
    "details": [
      {
        "@type": "type.googleapis.com/google.rpc.ErrorInfo",
        "reason": "API_KEY_INVALID",
        "domain": "googleapis.com",
        "metadata": {
          "service": "youtube.googleapis.com"
        }
      },
      {
        "@type": "type.googleapis.com/google.rpc.LocalizedMessage",
        "locale": "en-US",
        "message": "API key not valid. Please pass a valid API key."
      }
    ]
  }
}

2026-03-13 16:32:04.511 +07:00 [ERR] Failed to collect YouTube trends for region Global
System.Net.Http.HttpRequestException: Response status code does not indicate success: 400 (Bad Request).
   at System.Net.Http.HttpResponseMessage.EnsureSuccessStatusCode()
   at AutoVeo.Infrastructure.External.YouTubeTrendCollector.CollectAsync(String region, CancellationToken ct) in /Users/macbook/Documents/Coding/AutoVeo/backend/src/AutoVeo.Infrastructure/External/TrendCollectors.cs:line 44
2026-03-13 16:32:04.531 +07:00 [INF] Saved 0 trends from YouTube (Global)
2026-03-13 16:32:04.531 +07:00 [INF] Crawling YouTube trends for region United States
2026-03-13 16:32:04.661 +07:00 [ERR] YouTube API error: "BadRequest" - {
  "error": {
    "code": 400,
    "message": "API key not valid. Please pass a valid API key.",
    "errors": [
      {
        "message": "API key not valid. Please pass a valid API key.",
        "domain": "global",
        "reason": "badRequest"
      }
    ],
    "status": "INVALID_ARGUMENT",
    "details": [
      {
        "@type": "type.googleapis.com/google.rpc.ErrorInfo",
        "reason": "API_KEY_INVALID",
        "domain": "googleapis.com",
        "metadata": {
          "service": "youtube.googleapis.com"
        }
      },
      {
        "@type": "type.googleapis.com/google.rpc.LocalizedMessage",
        "locale": "en-US",
        "message": "API key not valid. Please pass a valid API key."
      }
    ]
  }
}

2026-03-13 16:32:04.661 +07:00 [ERR] Failed to collect YouTube trends for region United States
System.Net.Http.HttpRequestException: Response status code does not indicate success: 400 (Bad Request).
   at System.Net.Http.HttpResponseMessage.EnsureSuccessStatusCode()
   at AutoVeo.Infrastructure.External.YouTubeTrendCollector.CollectAsync(String region, CancellationToken ct) in /Users/macbook/Documents/Coding/AutoVeo/backend/src/AutoVeo.Infrastructure/External/TrendCollectors.cs:line 44
2026-03-13 16:32:04.661 +07:00 [INF] Saved 0 trends from YouTube (United States)
2026-03-13 16:32:04.661 +07:00 [INF] Crawling YouTube trends for region Vietnam
2026-03-13 16:32:04.795 +07:00 [ERR] YouTube API error: "BadRequest" - {
  "error": {
    "code": 400,
    "message": "API key not valid. Please pass a valid API key.",
    "errors": [
      {
        "message": "API key not valid. Please pass a valid API key.",
        "domain": "global",
        "reason": "badRequest"
      }
    ],
    "status": "INVALID_ARGUMENT",
    "details": [
      {
        "@type": "type.googleapis.com/google.rpc.ErrorInfo",
        "reason": "API_KEY_INVALID",
        "domain": "googleapis.com",
        "metadata": {
          "service": "youtube.googleapis.com"
        }
      },
      {
        "@type": "type.googleapis.com/google.rpc.LocalizedMessage",
        "locale": "en-US",
        "message": "API key not valid. Please pass a valid API key."
      }
    ]
  }
}

2026-03-13 16:32:04.795 +07:00 [ERR] Failed to collect YouTube trends for region Vietnam
System.Net.Http.HttpRequestException: Response status code does not indicate success: 400 (Bad Request).
   at System.Net.Http.HttpResponseMessage.EnsureSuccessStatusCode()
   at AutoVeo.Infrastructure.External.YouTubeTrendCollector.CollectAsync(String region, CancellationToken ct) in /Users/macbook/Documents/Coding/AutoVeo/backend/src/AutoVeo.Infrastructure/External/TrendCollectors.cs:line 44
2026-03-13 16:32:04.795 +07:00 [INF] Saved 0 trends from YouTube (Vietnam)
2026-03-13 16:32:04.797 +07:00 [INF] Crawling TikTok trends for region Global
2026-03-13 16:32:06.805 +07:00 [INF] Fetching TikTok trends from Tikwm for region: Global
2026-03-13 16:32:07.419 +07:00 [INF] Collected 0 TikTok trends from Tikwm for region Global
2026-03-13 16:32:07.419 +07:00 [INF] Saved 0 trends from TikTok (Global)
2026-03-13 16:32:07.419 +07:00 [INF] Crawling TikTok trends for region United States
2026-03-13 16:32:09.420 +07:00 [INF] Fetching TikTok trends from Tikwm for region: United States
2026-03-13 16:32:14.417 +07:00 [INF] Collected 13 TikTok trends from Tikwm for region United States
2026-03-13 16:32:14.477 +07:00 [INF] Saved 13 trends from TikTok (United States)
2026-03-13 16:32:14.477 +07:00 [INF] Crawling TikTok trends for region Vietnam
2026-03-13 16:32:16.478 +07:00 [INF] Fetching TikTok trends from Tikwm for region: Vietnam
2026-03-13 16:32:20.729 +07:00 [WRN] Gemini API Key is missing. Falling back to mock data.
2026-03-13 16:32:22.127 +07:00 [INF] Collected 20 TikTok trends from Tikwm for region Vietnam
2026-03-13 16:32:22.136 +07:00 [INF] Saved 20 trends from TikTok (Vietnam)
2026-03-13 16:32:22.138 +07:00 [INF] Crawling Google Trends trends for region Global
2026-03-13 16:32:22.812 +07:00 [INF] Collected 10 Google Trends for region Global
2026-03-13 16:32:22.818 +07:00 [INF] Saved 10 trends from Google Trends (Global)
2026-03-13 16:32:22.818 +07:00 [INF] Crawling Google Trends trends for region United States
2026-03-13 16:32:22.956 +07:00 [ERR] Failed to collect Google Trends for region United States
System.Net.Http.HttpRequestException: Response status code does not indicate success: 400 (Bad Request).
   at System.Net.Http.HttpResponseMessage.EnsureSuccessStatusCode()
   at System.Net.Http.HttpClient.GetStringAsyncCore(HttpRequestMessage request, CancellationToken cancellationToken)
   at AutoVeo.Infrastructure.External.GoogleTrendsCollector.CollectAsync(String region, CancellationToken ct) in /Users/macbook/Documents/Coding/AutoVeo/backend/src/AutoVeo.Infrastructure/External/TrendCollectors.cs:line 256
2026-03-13 16:32:22.957 +07:00 [INF] Saved 0 trends from Google Trends (United States)
2026-03-13 16:32:22.957 +07:00 [INF] Crawling Google Trends trends for region Vietnam
2026-03-13 16:32:23.091 +07:00 [ERR] Failed to collect Google Trends for region Vietnam
System.Net.Http.HttpRequestException: Response status code does not indicate success: 400 (Bad Request).
   at System.Net.Http.HttpResponseMessage.EnsureSuccessStatusCode()
   at System.Net.Http.HttpClient.GetStringAsyncCore(HttpRequestMessage request, CancellationToken cancellationToken)
   at AutoVeo.Infrastructure.External.GoogleTrendsCollector.CollectAsync(String region, CancellationToken ct) in /Users/macbook/Documents/Coding/AutoVeo/backend/src/AutoVeo.Infrastructure/External/TrendCollectors.cs:line 256
2026-03-13 16:32:23.091 +07:00 [INF] Saved 0 trends from Google Trends (Vietnam)
2026-03-13 16:32:23.100 +07:00 [INF] TrendCrawlerWorker: Waiting 120 minutes for next crawl...
2026-03-13 16:33:57.471 +07:00 [INF] TrendCrawlerWorker started
2026-03-13 16:33:57.501 +07:00 [INF] Veo3GenerationWorker started with max parallelism: 3
2026-03-13 16:34:02.502 +07:00 [INF] TrendCrawlerWorker: Starting scheduled crawl...
2026-03-13 16:34:02.601 +07:00 [INF] Crawling YouTube trends for region Global
2026-03-13 16:34:04.250 +07:00 [ERR] YouTube API error: "BadRequest" - {
  "error": {
    "code": 400,
    "message": "API key not valid. Please pass a valid API key.",
    "errors": [
      {
        "message": "API key not valid. Please pass a valid API key.",
        "domain": "global",
        "reason": "badRequest"
      }
    ],
    "status": "INVALID_ARGUMENT",
    "details": [
      {
        "@type": "type.googleapis.com/google.rpc.ErrorInfo",
        "reason": "API_KEY_INVALID",
        "domain": "googleapis.com",
        "metadata": {
          "service": "youtube.googleapis.com"
        }
      },
      {
        "@type": "type.googleapis.com/google.rpc.LocalizedMessage",
        "locale": "en-US",
        "message": "API key not valid. Please pass a valid API key."
      }
    ]
  }
}

2026-03-13 16:34:04.255 +07:00 [ERR] Failed to collect YouTube trends for region Global
System.Net.Http.HttpRequestException: Response status code does not indicate success: 400 (Bad Request).
   at System.Net.Http.HttpResponseMessage.EnsureSuccessStatusCode()
   at AutoVeo.Infrastructure.External.YouTubeTrendCollector.CollectAsync(String region, CancellationToken ct) in /Users/macbook/Documents/Coding/AutoVeo/backend/src/AutoVeo.Infrastructure/External/TrendCollectors.cs:line 44
2026-03-13 16:34:04.275 +07:00 [INF] Saved 0 trends from YouTube (Global)
2026-03-13 16:34:04.275 +07:00 [INF] Crawling YouTube trends for region United States
2026-03-13 16:34:04.421 +07:00 [ERR] YouTube API error: "BadRequest" - {
  "error": {
    "code": 400,
    "message": "API key not valid. Please pass a valid API key.",
    "errors": [
      {
        "message": "API key not valid. Please pass a valid API key.",
        "domain": "global",
        "reason": "badRequest"
      }
    ],
    "status": "INVALID_ARGUMENT",
    "details": [
      {
        "@type": "type.googleapis.com/google.rpc.ErrorInfo",
        "reason": "API_KEY_INVALID",
        "domain": "googleapis.com",
        "metadata": {
          "service": "youtube.googleapis.com"
        }
      },
      {
        "@type": "type.googleapis.com/google.rpc.LocalizedMessage",
        "locale": "en-US",
        "message": "API key not valid. Please pass a valid API key."
      }
    ]
  }
}

2026-03-13 16:34:04.422 +07:00 [ERR] Failed to collect YouTube trends for region United States
System.Net.Http.HttpRequestException: Response status code does not indicate success: 400 (Bad Request).
   at System.Net.Http.HttpResponseMessage.EnsureSuccessStatusCode()
   at AutoVeo.Infrastructure.External.YouTubeTrendCollector.CollectAsync(String region, CancellationToken ct) in /Users/macbook/Documents/Coding/AutoVeo/backend/src/AutoVeo.Infrastructure/External/TrendCollectors.cs:line 44
2026-03-13 16:34:04.422 +07:00 [INF] Saved 0 trends from YouTube (United States)
2026-03-13 16:34:04.422 +07:00 [INF] Crawling YouTube trends for region Vietnam
2026-03-13 16:34:04.636 +07:00 [ERR] YouTube API error: "BadRequest" - {
  "error": {
    "code": 400,
    "message": "API key not valid. Please pass a valid API key.",
    "errors": [
      {
        "message": "API key not valid. Please pass a valid API key.",
        "domain": "global",
        "reason": "badRequest"
      }
    ],
    "status": "INVALID_ARGUMENT",
    "details": [
      {
        "@type": "type.googleapis.com/google.rpc.ErrorInfo",
        "reason": "API_KEY_INVALID",
        "domain": "googleapis.com",
        "metadata": {
          "service": "youtube.googleapis.com"
        }
      },
      {
        "@type": "type.googleapis.com/google.rpc.LocalizedMessage",
        "locale": "en-US",
        "message": "API key not valid. Please pass a valid API key."
      }
    ]
  }
}

2026-03-13 16:34:04.636 +07:00 [ERR] Failed to collect YouTube trends for region Vietnam
System.Net.Http.HttpRequestException: Response status code does not indicate success: 400 (Bad Request).
   at System.Net.Http.HttpResponseMessage.EnsureSuccessStatusCode()
   at AutoVeo.Infrastructure.External.YouTubeTrendCollector.CollectAsync(String region, CancellationToken ct) in /Users/macbook/Documents/Coding/AutoVeo/backend/src/AutoVeo.Infrastructure/External/TrendCollectors.cs:line 44
2026-03-13 16:34:04.636 +07:00 [INF] Saved 0 trends from YouTube (Vietnam)
2026-03-13 16:34:04.638 +07:00 [INF] Crawling TikTok trends for region Global
2026-03-13 16:34:05.292 +07:00 [INF] Gemini Access - Key Present: false, BaseUrl: https://generativelanguage.googleapis.com/v1beta/models/gemini-1.5-flash:generateContent
2026-03-13 16:34:05.293 +07:00 [WRN] Gemini API Key is missing. Falling back to mock data.
2026-03-13 16:34:06.641 +07:00 [INF] Fetching TikTok trends from Tikwm for region: Global
2026-03-13 16:34:07.314 +07:00 [INF] Collected 0 TikTok trends from Tikwm for region Global
2026-03-13 16:34:07.314 +07:00 [INF] Saved 0 trends from TikTok (Global)
2026-03-13 16:34:07.314 +07:00 [INF] Crawling TikTok trends for region United States
2026-03-13 16:34:09.315 +07:00 [INF] Fetching TikTok trends from Tikwm for region: United States
2026-03-13 16:34:14.721 +07:00 [INF] Collected 8 TikTok trends from Tikwm for region United States
2026-03-13 16:34:14.756 +07:00 [INF] Saved 8 trends from TikTok (United States)
2026-03-13 16:34:14.756 +07:00 [INF] Crawling TikTok trends for region Vietnam
2026-03-13 16:34:16.756 +07:00 [INF] Fetching TikTok trends from Tikwm for region: Vietnam
2026-03-13 16:34:22.573 +07:00 [INF] Collected 15 TikTok trends from Tikwm for region Vietnam
2026-03-13 16:34:22.584 +07:00 [INF] Saved 15 trends from TikTok (Vietnam)
2026-03-13 16:34:22.585 +07:00 [INF] Crawling Google Trends trends for region Global
2026-03-13 16:34:22.897 +07:00 [ERR] Failed to collect Google Trends for region Global
System.Threading.Tasks.TaskCanceledException: A task was canceled.
 ---> System.Threading.Tasks.TaskCanceledException: A task was canceled.
   at System.Threading.Tasks.TaskCompletionSourceWithCancellation`1.WaitWithCancellationAsync(CancellationToken cancellationToken)
   at System.Net.Http.HttpConnectionPool.SendWithVersionDetectionAndRetryAsync(HttpRequestMessage request, Boolean async, Boolean doRequestAuth, CancellationToken cancellationToken)
   at System.Net.Http.RedirectHandler.SendAsync(HttpRequestMessage request, Boolean async, CancellationToken cancellationToken)
   at Microsoft.Extensions.Http.Logging.LoggingHttpMessageHandler.<SendCoreAsync>g__Core|5_0(HttpRequestMessage request, Boolean useAsync, CancellationToken cancellationToken)
   at Microsoft.Extensions.Http.Logging.LoggingScopeHttpMessageHandler.<SendCoreAsync>g__Core|5_0(HttpRequestMessage request, Boolean useAsync, CancellationToken cancellationToken)
   at System.Net.Http.HttpClient.GetStringAsyncCore(HttpRequestMessage request, CancellationToken cancellationToken)
   --- End of inner exception stack trace ---
   at System.Net.Http.HttpClient.HandleFailure(Exception e, Boolean telemetryStarted, HttpResponseMessage response, CancellationTokenSource cts, CancellationToken cancellationToken, CancellationTokenSource pendingRequestsCts)
   at System.Net.Http.HttpClient.GetStringAsyncCore(HttpRequestMessage request, CancellationToken cancellationToken)
   at AutoVeo.Infrastructure.External.GoogleTrendsCollector.CollectAsync(String region, CancellationToken ct) in /Users/macbook/Documents/Coding/AutoVeo/backend/src/AutoVeo.Infrastructure/External/TrendCollectors.cs:line 256
2026-03-13 16:34:22.898 +07:00 [INF] Saved 0 trends from Google Trends (Global)
2026-03-13 16:34:22.898 +07:00 [INF] Crawling Google Trends trends for region United States
2026-03-13 16:34:22.899 +07:00 [ERR] Failed to collect Google Trends for region United States
System.Threading.Tasks.TaskCanceledException: A task was canceled.
 ---> System.Threading.Tasks.TaskCanceledException: A task was canceled.
   at Microsoft.Extensions.Http.Logging.LoggingHttpMessageHandler.<SendCoreAsync>g__Core|5_0(HttpRequestMessage request, Boolean useAsync, CancellationToken cancellationToken)
   at Microsoft.Extensions.Http.Logging.LoggingScopeHttpMessageHandler.<SendCoreAsync>g__Core|5_0(HttpRequestMessage request, Boolean useAsync, CancellationToken cancellationToken)
   at System.Net.Http.HttpClient.GetStringAsyncCore(HttpRequestMessage request, CancellationToken cancellationToken)
   --- End of inner exception stack trace ---
   at System.Net.Http.HttpClient.HandleFailure(Exception e, Boolean telemetryStarted, HttpResponseMessage response, CancellationTokenSource cts, CancellationToken cancellationToken, CancellationTokenSource pendingRequestsCts)
   at System.Net.Http.HttpClient.GetStringAsyncCore(HttpRequestMessage request, CancellationToken cancellationToken)
   at AutoVeo.Infrastructure.External.GoogleTrendsCollector.CollectAsync(String region, CancellationToken ct) in /Users/macbook/Documents/Coding/AutoVeo/backend/src/AutoVeo.Infrastructure/External/TrendCollectors.cs:line 256
2026-03-13 16:34:22.899 +07:00 [INF] Saved 0 trends from Google Trends (United States)
2026-03-13 16:34:22.899 +07:00 [INF] Crawling Google Trends trends for region Vietnam
2026-03-13 16:34:22.899 +07:00 [ERR] Failed to collect Google Trends for region Vietnam
System.Threading.Tasks.TaskCanceledException: A task was canceled.
 ---> System.Threading.Tasks.TaskCanceledException: A task was canceled.
   at Microsoft.Extensions.Http.Logging.LoggingHttpMessageHandler.<SendCoreAsync>g__Core|5_0(HttpRequestMessage request, Boolean useAsync, CancellationToken cancellationToken)
   at Microsoft.Extensions.Http.Logging.LoggingScopeHttpMessageHandler.<SendCoreAsync>g__Core|5_0(HttpRequestMessage request, Boolean useAsync, CancellationToken cancellationToken)
   at System.Net.Http.HttpClient.GetStringAsyncCore(HttpRequestMessage request, CancellationToken cancellationToken)
   --- End of inner exception stack trace ---
   at System.Net.Http.HttpClient.HandleFailure(Exception e, Boolean telemetryStarted, HttpResponseMessage response, CancellationTokenSource cts, CancellationToken cancellationToken, CancellationTokenSource pendingRequestsCts)
   at System.Net.Http.HttpClient.GetStringAsyncCore(HttpRequestMessage request, CancellationToken cancellationToken)
   at AutoVeo.Infrastructure.External.GoogleTrendsCollector.CollectAsync(String region, CancellationToken ct) in /Users/macbook/Documents/Coding/AutoVeo/backend/src/AutoVeo.Infrastructure/External/TrendCollectors.cs:line 256
2026-03-13 16:34:22.899 +07:00 [INF] Saved 0 trends from Google Trends (Vietnam)
2026-03-13 16:34:22.908 +07:00 [ERR] An error occurred using the connection to database 'main' on server 'AutoVeo.db'.
2026-03-13 16:34:22.909 +07:00 [ERR] TrendCrawlerWorker encountered an error
System.Threading.Tasks.TaskCanceledException: A task was canceled.
   at Microsoft.EntityFrameworkCore.Storage.RelationalConnection.OpenInternalAsync(Boolean errorsExpected, CancellationToken cancellationToken)
   at Microsoft.EntityFrameworkCore.Storage.RelationalConnection.OpenInternalAsync(Boolean errorsExpected, CancellationToken cancellationToken)
   at Microsoft.EntityFrameworkCore.Storage.RelationalConnection.OpenAsync(CancellationToken cancellationToken, Boolean errorsExpected)
   at Microsoft.EntityFrameworkCore.Storage.RelationalCommand.ExecuteReaderAsync(RelationalCommandParameterObject parameterObject, CancellationToken cancellationToken)
   at Microsoft.EntityFrameworkCore.Query.Internal.SingleQueryingEnumerable`1.AsyncEnumerator.InitializeReaderAsync(AsyncEnumerator enumerator, CancellationToken cancellationToken)
   at Microsoft.EntityFrameworkCore.Query.Internal.SingleQueryingEnumerable`1.AsyncEnumerator.MoveNextAsync()
   at Microsoft.EntityFrameworkCore.EntityFrameworkQueryableExtensions.ToListAsync[TSource](IQueryable`1 source, CancellationToken cancellationToken)
   at Microsoft.EntityFrameworkCore.EntityFrameworkQueryableExtensions.ToListAsync[TSource](IQueryable`1 source, CancellationToken cancellationToken)
   at AutoVeo.Infrastructure.BackgroundJobs.TrendCrawlerWorker.CrawlAllPlatformsAsync(CancellationToken ct) in /Users/macbook/Documents/Coding/AutoVeo/backend/src/AutoVeo.Infrastructure/BackgroundJobs/Workers.cs:line 122
   at AutoVeo.Infrastructure.BackgroundJobs.TrendCrawlerWorker.ExecuteAsync(CancellationToken stoppingToken) in /Users/macbook/Documents/Coding/AutoVeo/backend/src/AutoVeo.Infrastructure/BackgroundJobs/Workers.cs:line 41
2026-03-13 16:34:22.910 +07:00 [INF] TrendCrawlerWorker: Waiting 120 minutes for next crawl...
2026-03-13 16:34:25.952 +07:00 [INF] Application environment: Development
2026-03-13 16:34:26.571 +07:00 [INF] AutoVeo API started on 
2026-03-13 16:34:26.589 +07:00 [INF] TrendCrawlerWorker started
2026-03-13 16:34:26.591 +07:00 [INF] Veo3GenerationWorker started with max parallelism: 3
2026-03-13 16:34:31.591 +07:00 [INF] TrendCrawlerWorker: Starting scheduled crawl...
2026-03-13 16:34:31.656 +07:00 [INF] Crawling YouTube trends for region Global
2026-03-13 16:34:32.532 +07:00 [INF] Collected 20 YouTube trends for region Global
2026-03-13 16:34:32.676 +07:00 [INF] Saved 20 trends from YouTube (Global)
2026-03-13 16:34:32.676 +07:00 [INF] Crawling YouTube trends for region United States
2026-03-13 16:34:32.810 +07:00 [ERR] YouTube API error: "BadRequest" - {
  "error": {
    "code": 400,
    "message": "The \u003ccode\u003eregionCode\u003c/code\u003e parameter specifies an invalid region code.",
    "errors": [
      {
        "message": "The \u003ccode\u003eregionCode\u003c/code\u003e parameter specifies an invalid region code.",
        "domain": "youtube.parameter",
        "reason": "invalidRegionCode",
        "location": "regionCode",
        "locationType": "parameter"
      }
    ]
  }
}

2026-03-13 16:34:32.811 +07:00 [ERR] Failed to collect YouTube trends for region United States
System.Net.Http.HttpRequestException: Response status code does not indicate success: 400 (Bad Request).
   at System.Net.Http.HttpResponseMessage.EnsureSuccessStatusCode()
   at AutoVeo.Infrastructure.External.YouTubeTrendCollector.CollectAsync(String region, CancellationToken ct) in /Users/macbook/Documents/Coding/AutoVeo/backend/src/AutoVeo.Infrastructure/External/TrendCollectors.cs:line 44
2026-03-13 16:34:32.815 +07:00 [INF] Saved 0 trends from YouTube (United States)
2026-03-13 16:34:32.815 +07:00 [INF] Crawling YouTube trends for region Vietnam
2026-03-13 16:34:32.973 +07:00 [ERR] YouTube API error: "BadRequest" - {
  "error": {
    "code": 400,
    "message": "The \u003ccode\u003eregionCode\u003c/code\u003e parameter specifies an invalid region code.",
    "errors": [
      {
        "message": "The \u003ccode\u003eregionCode\u003c/code\u003e parameter specifies an invalid region code.",
        "domain": "youtube.parameter",
        "reason": "invalidRegionCode",
        "location": "regionCode",
        "locationType": "parameter"
      }
    ]
  }
}

2026-03-13 16:34:32.974 +07:00 [ERR] Failed to collect YouTube trends for region Vietnam
System.Net.Http.HttpRequestException: Response status code does not indicate success: 400 (Bad Request).
   at System.Net.Http.HttpResponseMessage.EnsureSuccessStatusCode()
   at AutoVeo.Infrastructure.External.YouTubeTrendCollector.CollectAsync(String region, CancellationToken ct) in /Users/macbook/Documents/Coding/AutoVeo/backend/src/AutoVeo.Infrastructure/External/TrendCollectors.cs:line 44
2026-03-13 16:34:32.974 +07:00 [INF] Saved 0 trends from YouTube (Vietnam)
2026-03-13 16:34:32.975 +07:00 [INF] Crawling TikTok trends for region Global
2026-03-13 16:34:34.651 +07:00 [INF] HTTP POST /api/prompts/generate-series responded 401 in 42.5453 ms
2026-03-13 16:34:34.978 +07:00 [INF] Fetching TikTok trends from Tikwm for region: Global
2026-03-13 16:34:35.661 +07:00 [INF] Collected 0 TikTok trends from Tikwm for region Global
2026-03-13 16:34:35.663 +07:00 [INF] Saved 0 trends from TikTok (Global)
2026-03-13 16:34:35.664 +07:00 [INF] Crawling TikTok trends for region United States
2026-03-13 16:34:37.665 +07:00 [INF] Fetching TikTok trends from Tikwm for region: United States
2026-03-13 16:34:42.785 +07:00 [INF] Collected 5 TikTok trends from Tikwm for region United States
2026-03-13 16:34:42.793 +07:00 [INF] Saved 5 trends from TikTok (United States)
2026-03-13 16:34:42.793 +07:00 [INF] Crawling TikTok trends for region Vietnam
2026-03-13 16:34:44.794 +07:00 [INF] Fetching TikTok trends from Tikwm for region: Vietnam
2026-03-13 16:34:50.535 +07:00 [INF] Collected 7 TikTok trends from Tikwm for region Vietnam
2026-03-13 16:34:50.547 +07:00 [INF] Saved 7 trends from TikTok (Vietnam)
2026-03-13 16:34:50.547 +07:00 [INF] Crawling Google Trends trends for region Global
2026-03-13 16:34:51.568 +07:00 [INF] Collected 10 Google Trends for region Global
2026-03-13 16:34:51.577 +07:00 [INF] Saved 10 trends from Google Trends (Global)
2026-03-13 16:34:51.577 +07:00 [INF] Crawling Google Trends trends for region United States
2026-03-13 16:34:51.772 +07:00 [ERR] Failed to collect Google Trends for region United States
System.Net.Http.HttpRequestException: Response status code does not indicate success: 400 (Bad Request).
   at System.Net.Http.HttpResponseMessage.EnsureSuccessStatusCode()
   at System.Net.Http.HttpClient.GetStringAsyncCore(HttpRequestMessage request, CancellationToken cancellationToken)
   at AutoVeo.Infrastructure.External.GoogleTrendsCollector.CollectAsync(String region, CancellationToken ct) in /Users/macbook/Documents/Coding/AutoVeo/backend/src/AutoVeo.Infrastructure/External/TrendCollectors.cs:line 256
2026-03-13 16:34:51.772 +07:00 [INF] Saved 0 trends from Google Trends (United States)
2026-03-13 16:34:51.772 +07:00 [INF] Crawling Google Trends trends for region Vietnam
2026-03-13 16:34:51.925 +07:00 [ERR] Failed to collect Google Trends for region Vietnam
System.Net.Http.HttpRequestException: Response status code does not indicate success: 400 (Bad Request).
   at System.Net.Http.HttpResponseMessage.EnsureSuccessStatusCode()
   at System.Net.Http.HttpClient.GetStringAsyncCore(HttpRequestMessage request, CancellationToken cancellationToken)
   at AutoVeo.Infrastructure.External.GoogleTrendsCollector.CollectAsync(String region, CancellationToken ct) in /Users/macbook/Documents/Coding/AutoVeo/backend/src/AutoVeo.Infrastructure/External/TrendCollectors.cs:line 256
2026-03-13 16:34:51.926 +07:00 [INF] Saved 0 trends from Google Trends (Vietnam)
2026-03-13 16:34:51.934 +07:00 [INF] TrendCrawlerWorker: Waiting 60 minutes for next crawl...
2026-03-13 16:35:04.675 +07:00 [ERR] HTTP POST /api/auth/register responded 500 in 42.0499 ms
AutoVeo.Shared.Exceptions.ConflictException: An account with this email already exists.
   at AutoVeo.Infrastructure.Services.AuthService.RegisterAsync(RegisterRequest request, String ipAddress) in /Users/macbook/Documents/Coding/AutoVeo/backend/src/AutoVeo.Infrastructure/Services/AuthService.cs:line 71
   at AutoVeo.Api.Controllers.AuthController.Register(RegisterRequest request) in /Users/macbook/Documents/Coding/AutoVeo/backend/src/AutoVeo.Api/Controllers/AuthController.cs:line 37
   at lambda_method229(Closure, Object)
   at Microsoft.AspNetCore.Mvc.Infrastructure.ActionMethodExecutor.AwaitableObjectResultExecutor.Execute(ActionContext actionContext, IActionResultTypeMapper mapper, ObjectMethodExecutor executor, Object controller, Object[] arguments)
   at Microsoft.AspNetCore.Mvc.Infrastructure.ControllerActionInvoker.<InvokeActionMethodAsync>g__Awaited|12_0(ControllerActionInvoker invoker, ValueTask`1 actionResultValueTask)
   at Microsoft.AspNetCore.Mvc.Infrastructure.ControllerActionInvoker.<InvokeNextActionFilterAsync>g__Awaited|10_0(ControllerActionInvoker invoker, Task lastTask, State next, Scope scope, Object state, Boolean isCompleted)
   at Microsoft.AspNetCore.Mvc.Infrastructure.ControllerActionInvoker.Rethrow(ActionExecutedContextSealed context)
   at Microsoft.AspNetCore.Mvc.Infrastructure.ControllerActionInvoker.Next(State& next, Scope& scope, Object& state, Boolean& isCompleted)
   at Microsoft.AspNetCore.Mvc.Infrastructure.ControllerActionInvoker.InvokeInnerFilterAsync()
--- End of stack trace from previous location ---
   at Microsoft.AspNetCore.Mvc.Infrastructure.ResourceInvoker.<InvokeFilterPipelineAsync>g__Awaited|20_0(ResourceInvoker invoker, Task lastTask, State next, Scope scope, Object state, Boolean isCompleted)
   at Microsoft.AspNetCore.Mvc.Infrastructure.ResourceInvoker.<InvokeAsync>g__Awaited|17_0(ResourceInvoker invoker, Task task, IDisposable scope)
   at Microsoft.AspNetCore.Mvc.Infrastructure.ResourceInvoker.<InvokeAsync>g__Awaited|17_0(ResourceInvoker invoker, Task task, IDisposable scope)
   at Microsoft.AspNetCore.Authorization.AuthorizationMiddleware.Invoke(HttpContext context)
   at Microsoft.AspNetCore.Authentication.AuthenticationMiddleware.Invoke(HttpContext context)
   at Microsoft.AspNetCore.RateLimiting.RateLimitingMiddleware.InvokeInternal(HttpContext context, EnableRateLimitingAttribute enableRateLimitingAttribute)
   at Swashbuckle.AspNetCore.SwaggerUI.SwaggerUIMiddleware.Invoke(HttpContext httpContext)
   at Swashbuckle.AspNetCore.Swagger.SwaggerMiddleware.Invoke(HttpContext httpContext, ISwaggerProvider swaggerProvider)
   at Serilog.AspNetCore.RequestLoggingMiddleware.Invoke(HttpContext httpContext)
2026-03-13 16:35:04.677 +07:00 [WRN] Application error: An account with this email already exists.
AutoVeo.Shared.Exceptions.ConflictException: An account with this email already exists.
   at AutoVeo.Infrastructure.Services.AuthService.RegisterAsync(RegisterRequest request, String ipAddress) in /Users/macbook/Documents/Coding/AutoVeo/backend/src/AutoVeo.Infrastructure/Services/AuthService.cs:line 71
   at AutoVeo.Api.Controllers.AuthController.Register(RegisterRequest request) in /Users/macbook/Documents/Coding/AutoVeo/backend/src/AutoVeo.Api/Controllers/AuthController.cs:line 37
   at lambda_method229(Closure, Object)
   at Microsoft.AspNetCore.Mvc.Infrastructure.ActionMethodExecutor.AwaitableObjectResultExecutor.Execute(ActionContext actionContext, IActionResultTypeMapper mapper, ObjectMethodExecutor executor, Object controller, Object[] arguments)
   at Microsoft.AspNetCore.Mvc.Infrastructure.ControllerActionInvoker.<InvokeActionMethodAsync>g__Awaited|12_0(ControllerActionInvoker invoker, ValueTask`1 actionResultValueTask)
   at Microsoft.AspNetCore.Mvc.Infrastructure.ControllerActionInvoker.<InvokeNextActionFilterAsync>g__Awaited|10_0(ControllerActionInvoker invoker, Task lastTask, State next, Scope scope, Object state, Boolean isCompleted)
   at Microsoft.AspNetCore.Mvc.Infrastructure.ControllerActionInvoker.Rethrow(ActionExecutedContextSealed context)
   at Microsoft.AspNetCore.Mvc.Infrastructure.ControllerActionInvoker.Next(State& next, Scope& scope, Object& state, Boolean& isCompleted)
   at Microsoft.AspNetCore.Mvc.Infrastructure.ControllerActionInvoker.InvokeInnerFilterAsync()
--- End of stack trace from previous location ---
   at Microsoft.AspNetCore.Mvc.Infrastructure.ResourceInvoker.<InvokeFilterPipelineAsync>g__Awaited|20_0(ResourceInvoker invoker, Task lastTask, State next, Scope scope, Object state, Boolean isCompleted)
   at Microsoft.AspNetCore.Mvc.Infrastructure.ResourceInvoker.<InvokeAsync>g__Awaited|17_0(ResourceInvoker invoker, Task task, IDisposable scope)
   at Microsoft.AspNetCore.Mvc.Infrastructure.ResourceInvoker.<InvokeAsync>g__Awaited|17_0(ResourceInvoker invoker, Task task, IDisposable scope)
   at Microsoft.AspNetCore.Authorization.AuthorizationMiddleware.Invoke(HttpContext context)
   at Microsoft.AspNetCore.Authentication.AuthenticationMiddleware.Invoke(HttpContext context)
   at Microsoft.AspNetCore.RateLimiting.RateLimitingMiddleware.InvokeInternal(HttpContext context, EnableRateLimitingAttribute enableRateLimitingAttribute)
   at Swashbuckle.AspNetCore.SwaggerUI.SwaggerUIMiddleware.Invoke(HttpContext httpContext)
   at Swashbuckle.AspNetCore.Swagger.SwaggerMiddleware.Invoke(HttpContext httpContext, ISwaggerProvider swaggerProvider)
   at Serilog.AspNetCore.RequestLoggingMiddleware.Invoke(HttpContext httpContext)
   at AutoVeo.Shared.Middleware.ErrorHandlingMiddleware.InvokeAsync(HttpContext context) in /Users/macbook/Documents/Coding/AutoVeo/backend/src/AutoVeo.Shared/Middleware/ErrorHandlingMiddleware.cs:line 25
2026-03-13 16:35:10.202 +07:00 [INF] HTTP POST /api/auth/login responded 200 in 286.1024 ms
2026-03-13 16:35:20.084 +07:00 [INF] HTTP POST /api/prompts/generate-series responded 401 in 7.6002 ms
2026-03-13 16:35:35.844 +07:00 [INF] HTTP GET /api/prompts responded 200 in 51.6085 ms
2026-03-13 16:36:17.485 +07:00 [INF] Gemini Access - Key Present: true, BaseUrl: https://generativelanguage.googleapis.com/v1beta/models/gemini-pro:generateContent
2026-03-13 16:36:18.014 +07:00 [ERR] Gemini API call failed. Falling back to mock data.
System.Net.Http.HttpRequestException: Response status code does not indicate success: 400 (Bad Request).
   at System.Net.Http.HttpResponseMessage.EnsureSuccessStatusCode()
   at AutoVeo.Infrastructure.External.GeminiService.GenerateConsistentScenesAsync(String keyword, Int32 count, String characterStyle, String visualTheme, CancellationToken ct) in /Users/macbook/Documents/Coding/AutoVeo/backend/src/AutoVeo.Infrastructure/External/GeminiService.cs:line 77
2026-03-13 16:36:18.067 +07:00 [INF] HTTP POST /api/prompts/generate-series responded 201 in 592.4337 ms
2026-03-13 16:37:05.517 +07:00 [INF] Application environment: Development
2026-03-13 16:37:05.997 +07:00 [INF] AutoVeo API started on 
2026-03-13 16:37:06.011 +07:00 [INF] TrendCrawlerWorker started
2026-03-13 16:37:06.013 +07:00 [INF] Veo3GenerationWorker started with max parallelism: 3
2026-03-13 16:37:11.014 +07:00 [INF] TrendCrawlerWorker: Starting scheduled crawl...
2026-03-13 16:37:11.112 +07:00 [INF] Crawling YouTube trends for region Global
2026-03-13 16:37:11.911 +07:00 [INF] Collected 20 YouTube trends for region Global
2026-03-13 16:37:12.007 +07:00 [INF] Saved 20 trends from YouTube (Global)
2026-03-13 16:37:12.007 +07:00 [INF] Crawling YouTube trends for region United States
2026-03-13 16:37:12.155 +07:00 [ERR] YouTube API error: "BadRequest" - {
  "error": {
    "code": 400,
    "message": "The \u003ccode\u003eregionCode\u003c/code\u003e parameter specifies an invalid region code.",
    "errors": [
      {
        "message": "The \u003ccode\u003eregionCode\u003c/code\u003e parameter specifies an invalid region code.",
        "domain": "youtube.parameter",
        "reason": "invalidRegionCode",
        "location": "regionCode",
        "locationType": "parameter"
      }
    ]
  }
}

2026-03-13 16:37:12.156 +07:00 [ERR] Failed to collect YouTube trends for region United States
System.Net.Http.HttpRequestException: Response status code does not indicate success: 400 (Bad Request).
   at System.Net.Http.HttpResponseMessage.EnsureSuccessStatusCode()
   at AutoVeo.Infrastructure.External.YouTubeTrendCollector.CollectAsync(String region, CancellationToken ct) in /Users/macbook/Documents/Coding/AutoVeo/backend/src/AutoVeo.Infrastructure/External/TrendCollectors.cs:line 44
2026-03-13 16:37:12.161 +07:00 [INF] Saved 0 trends from YouTube (United States)
2026-03-13 16:37:12.161 +07:00 [INF] Crawling YouTube trends for region Vietnam
2026-03-13 16:37:12.281 +07:00 [ERR] YouTube API error: "BadRequest" - {
  "error": {
    "code": 400,
    "message": "The \u003ccode\u003eregionCode\u003c/code\u003e parameter specifies an invalid region code.",
    "errors": [
      {
        "message": "The \u003ccode\u003eregionCode\u003c/code\u003e parameter specifies an invalid region code.",
        "domain": "youtube.parameter",
        "reason": "invalidRegionCode",
        "location": "regionCode",
        "locationType": "parameter"
      }
    ]
  }
}

2026-03-13 16:37:12.282 +07:00 [ERR] Failed to collect YouTube trends for region Vietnam
System.Net.Http.HttpRequestException: Response status code does not indicate success: 400 (Bad Request).
   at System.Net.Http.HttpResponseMessage.EnsureSuccessStatusCode()
   at AutoVeo.Infrastructure.External.YouTubeTrendCollector.CollectAsync(String region, CancellationToken ct) in /Users/macbook/Documents/Coding/AutoVeo/backend/src/AutoVeo.Infrastructure/External/TrendCollectors.cs:line 44
2026-03-13 16:37:12.282 +07:00 [INF] Saved 0 trends from YouTube (Vietnam)
2026-03-13 16:37:12.285 +07:00 [INF] Crawling TikTok trends for region Global
2026-03-13 16:37:14.296 +07:00 [INF] Fetching TikTok trends from Tikwm for region: Global
2026-03-13 16:37:14.791 +07:00 [INF] Collected 0 TikTok trends from Tikwm for region Global
2026-03-13 16:37:14.794 +07:00 [INF] Saved 0 trends from TikTok (Global)
2026-03-13 16:37:14.794 +07:00 [INF] Crawling TikTok trends for region United States
2026-03-13 16:37:15.666 +07:00 [INF] HTTP POST /api/prompts/generate-series responded 401 in 34.8323 ms
2026-03-13 16:37:16.795 +07:00 [INF] Fetching TikTok trends from Tikwm for region: United States
2026-03-13 16:37:22.057 +07:00 [INF] Collected 7 TikTok trends from Tikwm for region United States
2026-03-13 16:37:22.087 +07:00 [INF] Saved 7 trends from TikTok (United States)
2026-03-13 16:37:22.087 +07:00 [INF] Crawling TikTok trends for region Vietnam
2026-03-13 16:37:24.088 +07:00 [INF] Fetching TikTok trends from Tikwm for region: Vietnam
2026-03-13 16:37:30.113 +07:00 [INF] HTTP POST /api/auth/login responded 200 in 382.6148 ms
2026-03-13 16:37:30.247 +07:00 [INF] Collected 7 TikTok trends from Tikwm for region Vietnam
2026-03-13 16:37:30.250 +07:00 [INF] Saved 7 trends from TikTok (Vietnam)
2026-03-13 16:37:30.250 +07:00 [INF] Crawling Google Trends trends for region Global
2026-03-13 16:37:31.217 +07:00 [INF] Collected 10 Google Trends for region Global
2026-03-13 16:37:31.229 +07:00 [INF] Saved 10 trends from Google Trends (Global)
2026-03-13 16:37:31.229 +07:00 [INF] Crawling Google Trends trends for region United States
2026-03-13 16:37:31.427 +07:00 [ERR] Failed to collect Google Trends for region United States
System.Net.Http.HttpRequestException: Response status code does not indicate success: 400 (Bad Request).
   at System.Net.Http.HttpResponseMessage.EnsureSuccessStatusCode()
   at System.Net.Http.HttpClient.GetStringAsyncCore(HttpRequestMessage request, CancellationToken cancellationToken)
   at AutoVeo.Infrastructure.External.GoogleTrendsCollector.CollectAsync(String region, CancellationToken ct) in /Users/macbook/Documents/Coding/AutoVeo/backend/src/AutoVeo.Infrastructure/External/TrendCollectors.cs:line 256
2026-03-13 16:37:31.428 +07:00 [INF] Saved 0 trends from Google Trends (United States)
2026-03-13 16:37:31.428 +07:00 [INF] Crawling Google Trends trends for region Vietnam
2026-03-13 16:37:31.569 +07:00 [ERR] Failed to collect Google Trends for region Vietnam
System.Net.Http.HttpRequestException: Response status code does not indicate success: 400 (Bad Request).
   at System.Net.Http.HttpResponseMessage.EnsureSuccessStatusCode()
   at System.Net.Http.HttpClient.GetStringAsyncCore(HttpRequestMessage request, CancellationToken cancellationToken)
   at AutoVeo.Infrastructure.External.GoogleTrendsCollector.CollectAsync(String region, CancellationToken ct) in /Users/macbook/Documents/Coding/AutoVeo/backend/src/AutoVeo.Infrastructure/External/TrendCollectors.cs:line 256
2026-03-13 16:37:31.570 +07:00 [INF] Saved 0 trends from Google Trends (Vietnam)
2026-03-13 16:37:31.578 +07:00 [INF] TrendCrawlerWorker: Waiting 60 minutes for next crawl...
2026-03-13 16:37:40.075 +07:00 [INF] Gemini Access - Key Present: true, BaseUrl: https://generativelanguage.googleapis.com/v1beta/models/gemini-1.5-flash:generateContent
2026-03-13 16:37:40.676 +07:00 [ERR] Gemini API Error ("BadRequest"): {
  "error": {
    "code": 400,
    "message": "API key not valid. Please pass a valid API key.",
    "status": "INVALID_ARGUMENT",
    "details": [
      {
        "@type": "type.googleapis.com/google.rpc.ErrorInfo",
        "reason": "API_KEY_INVALID",
        "domain": "googleapis.com",
        "metadata": {
          "service": "generativelanguage.googleapis.com"
        }
      },
      {
        "@type": "type.googleapis.com/google.rpc.LocalizedMessage",
        "locale": "en-US",
        "message": "API key not valid. Please pass a valid API key."
      }
    ]
  }
}

2026-03-13 16:37:40.676 +07:00 [ERR] Gemini API call failed. Falling back to mock data.
System.Net.Http.HttpRequestException: Response status code does not indicate success: 400 (Bad Request).
   at System.Net.Http.HttpResponseMessage.EnsureSuccessStatusCode()
   at AutoVeo.Infrastructure.External.GeminiService.GenerateConsistentScenesAsync(String keyword, Int32 count, String characterStyle, String visualTheme, CancellationToken ct) in /Users/macbook/Documents/Coding/AutoVeo/backend/src/AutoVeo.Infrastructure/External/GeminiService.cs:line 81
2026-03-13 16:37:40.724 +07:00 [INF] HTTP POST /api/prompts/generate-series responded 201 in 676.3720 ms
2026-03-13 16:39:37.688 +07:00 [INF] Application environment: Development
2026-03-13 16:39:38.169 +07:00 [INF] AutoVeo API started on 
2026-03-13 16:39:38.184 +07:00 [INF] TrendCrawlerWorker started
2026-03-13 16:39:38.185 +07:00 [INF] Veo3GenerationWorker started with max parallelism: 3
2026-03-13 16:39:43.186 +07:00 [INF] TrendCrawlerWorker: Starting scheduled crawl...
2026-03-13 16:39:43.285 +07:00 [INF] Crawling YouTube trends for region Global
2026-03-13 16:39:44.253 +07:00 [INF] Collected 20 YouTube trends for region Global
2026-03-13 16:39:44.367 +07:00 [INF] Saved 20 trends from YouTube (Global)
2026-03-13 16:39:44.367 +07:00 [INF] Crawling YouTube trends for region United States
2026-03-13 16:39:44.508 +07:00 [ERR] YouTube API error: "BadRequest" - {
  "error": {
    "code": 400,
    "message": "The \u003ccode\u003eregionCode\u003c/code\u003e parameter specifies an invalid region code.",
    "errors": [
      {
        "message": "The \u003ccode\u003eregionCode\u003c/code\u003e parameter specifies an invalid region code.",
        "domain": "youtube.parameter",
        "reason": "invalidRegionCode",
        "location": "regionCode",
        "locationType": "parameter"
      }
    ]
  }
}

2026-03-13 16:39:44.510 +07:00 [ERR] Failed to collect YouTube trends for region United States
System.Net.Http.HttpRequestException: Response status code does not indicate success: 400 (Bad Request).
   at System.Net.Http.HttpResponseMessage.EnsureSuccessStatusCode()
   at AutoVeo.Infrastructure.External.YouTubeTrendCollector.CollectAsync(String region, CancellationToken ct) in /Users/macbook/Documents/Coding/AutoVeo/backend/src/AutoVeo.Infrastructure/External/TrendCollectors.cs:line 44
2026-03-13 16:39:44.516 +07:00 [INF] Saved 0 trends from YouTube (United States)
2026-03-13 16:39:44.516 +07:00 [INF] Crawling YouTube trends for region Vietnam
2026-03-13 16:39:44.628 +07:00 [ERR] YouTube API error: "BadRequest" - {
  "error": {
    "code": 400,
    "message": "The \u003ccode\u003eregionCode\u003c/code\u003e parameter specifies an invalid region code.",
    "errors": [
      {
        "message": "The \u003ccode\u003eregionCode\u003c/code\u003e parameter specifies an invalid region code.",
        "domain": "youtube.parameter",
        "reason": "invalidRegionCode",
        "location": "regionCode",
        "locationType": "parameter"
      }
    ]
  }
}

2026-03-13 16:39:44.628 +07:00 [ERR] Failed to collect YouTube trends for region Vietnam
System.Net.Http.HttpRequestException: Response status code does not indicate success: 400 (Bad Request).
   at System.Net.Http.HttpResponseMessage.EnsureSuccessStatusCode()
   at AutoVeo.Infrastructure.External.YouTubeTrendCollector.CollectAsync(String region, CancellationToken ct) in /Users/macbook/Documents/Coding/AutoVeo/backend/src/AutoVeo.Infrastructure/External/TrendCollectors.cs:line 44
2026-03-13 16:39:44.629 +07:00 [INF] Saved 0 trends from YouTube (Vietnam)
2026-03-13 16:39:44.631 +07:00 [INF] Crawling TikTok trends for region Global
2026-03-13 16:39:46.641 +07:00 [INF] Fetching TikTok trends from Tikwm for region: Global
2026-03-13 16:39:47.529 +07:00 [INF] Collected 0 TikTok trends from Tikwm for region Global
2026-03-13 16:39:47.530 +07:00 [INF] Saved 0 trends from TikTok (Global)
2026-03-13 16:39:47.530 +07:00 [INF] Crawling TikTok trends for region United States
2026-03-13 16:39:49.531 +07:00 [INF] Fetching TikTok trends from Tikwm for region: United States
2026-03-13 16:39:54.808 +07:00 [INF] Collected 10 TikTok trends from Tikwm for region United States
2026-03-13 16:39:54.844 +07:00 [INF] Saved 10 trends from TikTok (United States)
2026-03-13 16:39:54.844 +07:00 [INF] Crawling TikTok trends for region Vietnam
2026-03-13 16:39:56.845 +07:00 [INF] Fetching TikTok trends from Tikwm for region: Vietnam
2026-03-13 16:40:02.126 +07:00 [INF] Collected 7 TikTok trends from Tikwm for region Vietnam
2026-03-13 16:40:02.131 +07:00 [INF] Saved 7 trends from TikTok (Vietnam)
2026-03-13 16:40:02.131 +07:00 [INF] Crawling Google Trends trends for region Global
2026-03-13 16:40:03.582 +07:00 [INF] Collected 10 Google Trends for region Global
2026-03-13 16:40:03.592 +07:00 [INF] Saved 10 trends from Google Trends (Global)
2026-03-13 16:40:03.592 +07:00 [INF] Crawling Google Trends trends for region United States
2026-03-13 16:40:04.629 +07:00 [ERR] Failed to collect Google Trends for region United States
System.Net.Http.HttpRequestException: Response status code does not indicate success: 400 (Bad Request).
   at System.Net.Http.HttpResponseMessage.EnsureSuccessStatusCode()
   at System.Net.Http.HttpClient.GetStringAsyncCore(HttpRequestMessage request, CancellationToken cancellationToken)
   at AutoVeo.Infrastructure.External.GoogleTrendsCollector.CollectAsync(String region, CancellationToken ct) in /Users/macbook/Documents/Coding/AutoVeo/backend/src/AutoVeo.Infrastructure/External/TrendCollectors.cs:line 256
2026-03-13 16:40:04.631 +07:00 [INF] Saved 0 trends from Google Trends (United States)
2026-03-13 16:40:04.631 +07:00 [INF] Crawling Google Trends trends for region Vietnam
2026-03-13 16:40:04.773 +07:00 [ERR] Failed to collect Google Trends for region Vietnam
System.Net.Http.HttpRequestException: Response status code does not indicate success: 400 (Bad Request).
   at System.Net.Http.HttpResponseMessage.EnsureSuccessStatusCode()
   at System.Net.Http.HttpClient.GetStringAsyncCore(HttpRequestMessage request, CancellationToken cancellationToken)
   at AutoVeo.Infrastructure.External.GoogleTrendsCollector.CollectAsync(String region, CancellationToken ct) in /Users/macbook/Documents/Coding/AutoVeo/backend/src/AutoVeo.Infrastructure/External/TrendCollectors.cs:line 256
2026-03-13 16:40:04.774 +07:00 [INF] Saved 0 trends from Google Trends (Vietnam)
2026-03-13 16:40:04.784 +07:00 [INF] TrendCrawlerWorker: Waiting 60 minutes for next crawl...
2026-03-13 16:40:47.709 +07:00 [INF] HTTP POST /api/prompts/generate-series responded 401 in 44.8445 ms
2026-03-13 16:40:47.782 +07:00 [INF] HTTP POST /api/auth/refresh-token responded 200 in 69.1705 ms
2026-03-13 16:40:47.799 +07:00 [INF] Gemini Access - Key Present: true, BaseUrl: https://generativelanguage.googleapis.com/v1beta/models/gemini-flash-latest:generateContent
2026-03-13 16:40:48.330 +07:00 [ERR] Gemini API Error ("BadRequest"): {
  "error": {
    "code": 400,
    "message": "API key not valid. Please pass a valid API key.",
    "status": "INVALID_ARGUMENT",
    "details": [
      {
        "@type": "type.googleapis.com/google.rpc.ErrorInfo",
        "reason": "API_KEY_INVALID",
        "domain": "googleapis.com",
        "metadata": {
          "service": "generativelanguage.googleapis.com"
        }
      },
      {
        "@type": "type.googleapis.com/google.rpc.LocalizedMessage",
        "locale": "en-US",
        "message": "API key not valid. Please pass a valid API key."
      }
    ]
  }
}

2026-03-13 16:40:48.331 +07:00 [ERR] Gemini API call failed. Falling back to mock data.
System.Net.Http.HttpRequestException: Response status code does not indicate success: 400 (Bad Request).
   at System.Net.Http.HttpResponseMessage.EnsureSuccessStatusCode()
   at AutoVeo.Infrastructure.External.GeminiService.GenerateConsistentScenesAsync(String keyword, Int32 count, String characterStyle, String visualTheme, CancellationToken ct) in /Users/macbook/Documents/Coding/AutoVeo/backend/src/AutoVeo.Infrastructure/External/GeminiService.cs:line 78
2026-03-13 16:40:48.379 +07:00 [INF] HTTP POST /api/prompts/generate-series responded 201 in 595.5823 ms
2026-03-13 16:42:42.688 +07:00 [INF] Application environment: Development
2026-03-13 16:42:43.167 +07:00 [INF] AutoVeo API started on 
2026-03-13 16:42:43.191 +07:00 [INF] TrendCrawlerWorker started
2026-03-13 16:42:43.193 +07:00 [INF] Veo3GenerationWorker started with max parallelism: 3
2026-03-13 16:42:48.193 +07:00 [INF] TrendCrawlerWorker: Starting scheduled crawl...
2026-03-13 16:42:48.293 +07:00 [INF] Crawling YouTube trends for region Global
2026-03-13 16:42:48.967 +07:00 [INF] Collected 20 YouTube trends for region Global
2026-03-13 16:42:49.062 +07:00 [INF] Saved 20 trends from YouTube (Global)
2026-03-13 16:42:49.062 +07:00 [INF] Crawling YouTube trends for region United States
2026-03-13 16:42:49.192 +07:00 [ERR] YouTube API error: "BadRequest" - {
  "error": {
    "code": 400,
    "message": "The \u003ccode\u003eregionCode\u003c/code\u003e parameter specifies an invalid region code.",
    "errors": [
      {
        "message": "The \u003ccode\u003eregionCode\u003c/code\u003e parameter specifies an invalid region code.",
        "domain": "youtube.parameter",
        "reason": "invalidRegionCode",
        "location": "regionCode",
        "locationType": "parameter"
      }
    ]
  }
}

2026-03-13 16:42:49.193 +07:00 [ERR] Failed to collect YouTube trends for region United States
System.Net.Http.HttpRequestException: Response status code does not indicate success: 400 (Bad Request).
   at System.Net.Http.HttpResponseMessage.EnsureSuccessStatusCode()
   at AutoVeo.Infrastructure.External.YouTubeTrendCollector.CollectAsync(String region, CancellationToken ct) in /Users/macbook/Documents/Coding/AutoVeo/backend/src/AutoVeo.Infrastructure/External/TrendCollectors.cs:line 44
2026-03-13 16:42:49.199 +07:00 [INF] Saved 0 trends from YouTube (United States)
2026-03-13 16:42:49.199 +07:00 [INF] Crawling YouTube trends for region Vietnam
2026-03-13 16:42:49.306 +07:00 [ERR] YouTube API error: "BadRequest" - {
  "error": {
    "code": 400,
    "message": "The \u003ccode\u003eregionCode\u003c/code\u003e parameter specifies an invalid region code.",
    "errors": [
      {
        "message": "The \u003ccode\u003eregionCode\u003c/code\u003e parameter specifies an invalid region code.",
        "domain": "youtube.parameter",
        "reason": "invalidRegionCode",
        "location": "regionCode",
        "locationType": "parameter"
      }
    ]
  }
}

2026-03-13 16:42:49.306 +07:00 [ERR] Failed to collect YouTube trends for region Vietnam
System.Net.Http.HttpRequestException: Response status code does not indicate success: 400 (Bad Request).
   at System.Net.Http.HttpResponseMessage.EnsureSuccessStatusCode()
   at AutoVeo.Infrastructure.External.YouTubeTrendCollector.CollectAsync(String region, CancellationToken ct) in /Users/macbook/Documents/Coding/AutoVeo/backend/src/AutoVeo.Infrastructure/External/TrendCollectors.cs:line 44
2026-03-13 16:42:49.307 +07:00 [INF] Saved 0 trends from YouTube (Vietnam)
2026-03-13 16:42:49.309 +07:00 [INF] Crawling TikTok trends for region Global
2026-03-13 16:42:51.321 +07:00 [INF] Fetching TikTok trends from Tikwm for region: Global
2026-03-13 16:42:51.917 +07:00 [INF] Collected 0 TikTok trends from Tikwm for region Global
2026-03-13 16:42:51.918 +07:00 [INF] Saved 0 trends from TikTok (Global)
2026-03-13 16:42:51.918 +07:00 [INF] Crawling TikTok trends for region United States
2026-03-13 16:42:53.274 +07:00 [INF] Gemini Access - Key Present: true, BaseUrl: https://generativelanguage.googleapis.com/v1beta/models/gemini-flash-latest:generateContent
2026-03-13 16:42:53.919 +07:00 [INF] Fetching TikTok trends from Tikwm for region: United States
2026-03-13 16:42:58.163 +07:00 [INF] Collected 0 TikTok trends from Tikwm for region United States
2026-03-13 16:42:58.164 +07:00 [INF] Saved 0 trends from TikTok (United States)
2026-03-13 16:42:58.164 +07:00 [INF] Crawling TikTok trends for region Vietnam
2026-03-13 16:43:00.165 +07:00 [INF] Fetching TikTok trends from Tikwm for region: Vietnam
2026-03-13 16:43:03.039 +07:00 [INF] HTTP POST /api/prompts/generate-series responded 201 in 9828.4591 ms
2026-03-13 16:43:04.686 +07:00 [INF] Collected 0 TikTok trends from Tikwm for region Vietnam
2026-03-13 16:43:04.687 +07:00 [INF] Saved 0 trends from TikTok (Vietnam)
2026-03-13 16:43:04.690 +07:00 [INF] Crawling Google Trends trends for region Global
2026-03-13 16:43:05.600 +07:00 [INF] Collected 10 Google Trends for region Global
2026-03-13 16:43:05.614 +07:00 [INF] Saved 10 trends from Google Trends (Global)
2026-03-13 16:43:05.614 +07:00 [INF] Crawling Google Trends trends for region United States
2026-03-13 16:43:05.797 +07:00 [ERR] Failed to collect Google Trends for region United States
System.Net.Http.HttpRequestException: Response status code does not indicate success: 400 (Bad Request).
   at System.Net.Http.HttpResponseMessage.EnsureSuccessStatusCode()
   at System.Net.Http.HttpClient.GetStringAsyncCore(HttpRequestMessage request, CancellationToken cancellationToken)
   at AutoVeo.Infrastructure.External.GoogleTrendsCollector.CollectAsync(String region, CancellationToken ct) in /Users/macbook/Documents/Coding/AutoVeo/backend/src/AutoVeo.Infrastructure/External/TrendCollectors.cs:line 256
2026-03-13 16:43:05.799 +07:00 [INF] Saved 0 trends from Google Trends (United States)
2026-03-13 16:43:05.799 +07:00 [INF] Crawling Google Trends trends for region Vietnam
2026-03-13 16:43:05.986 +07:00 [ERR] Failed to collect Google Trends for region Vietnam
System.Net.Http.HttpRequestException: Response status code does not indicate success: 400 (Bad Request).
   at System.Net.Http.HttpResponseMessage.EnsureSuccessStatusCode()
   at System.Net.Http.HttpClient.GetStringAsyncCore(HttpRequestMessage request, CancellationToken cancellationToken)
   at AutoVeo.Infrastructure.External.GoogleTrendsCollector.CollectAsync(String region, CancellationToken ct) in /Users/macbook/Documents/Coding/AutoVeo/backend/src/AutoVeo.Infrastructure/External/TrendCollectors.cs:line 256
2026-03-13 16:43:05.987 +07:00 [INF] Saved 0 trends from Google Trends (Vietnam)
2026-03-13 16:43:05.994 +07:00 [INF] TrendCrawlerWorker: Waiting 60 minutes for next crawl...
2026-03-13 16:46:10.064 +07:00 [INF] Gemini Access - Key Present: true, BaseUrl: https://generativelanguage.googleapis.com/v1beta/models/gemini-flash-latest:generateContent
2026-03-13 16:46:22.838 +07:00 [INF] HTTP POST /api/prompts/generate-series responded 201 in 12787.8868 ms
2026-03-13 16:53:28.553 +07:00 [INF] HTTP POST /api/prompts/generate responded 201 in 59.8153 ms
2026-03-13 16:54:00.037 +07:00 [INF] Gemini Access - Key Present: true, BaseUrl: https://generativelanguage.googleapis.com/v1beta/models/gemini-flash-latest:generateContent
2026-03-13 16:54:00.055 +07:00 [ERR] Gemini API call failed. Falling back to mock data.
System.Net.Http.HttpRequestException: nodename nor servname provided, or not known (generativelanguage.googleapis.com:443)
 ---> System.Net.Sockets.SocketException (0xFFFDFFFF): nodename nor servname provided, or not known
   at System.Net.Sockets.Socket.AwaitableSocketAsyncEventArgs.ThrowException(SocketError error, CancellationToken cancellationToken)
   at System.Net.Sockets.Socket.AwaitableSocketAsyncEventArgs.System.Threading.Tasks.Sources.IValueTaskSource.GetResult(Int16 token)
   at System.Net.Sockets.Socket.<ConnectAsync>g__WaitForConnectWithCancellation|285_0(AwaitableSocketAsyncEventArgs saea, ValueTask connectTask, CancellationToken cancellationToken)
   at System.Net.Http.HttpConnectionPool.ConnectToTcpHostAsync(String host, Int32 port, HttpRequestMessage initialRequest, Boolean async, CancellationToken cancellationToken)
   --- End of inner exception stack trace ---
   at System.Net.Http.HttpConnectionPool.ConnectToTcpHostAsync(String host, Int32 port, HttpRequestMessage initialRequest, Boolean async, CancellationToken cancellationToken)
   at System.Net.Http.HttpConnectionPool.ConnectAsync(HttpRequestMessage request, Boolean async, CancellationToken cancellationToken)
   at System.Net.Http.HttpConnectionPool.CreateHttp11ConnectionAsync(HttpRequestMessage request, Boolean async, CancellationToken cancellationToken)
   at System.Net.Http.HttpConnectionPool.AddHttp11ConnectionAsync(QueueItem queueItem)
   at System.Threading.Tasks.TaskCompletionSourceWithCancellation`1.WaitWithCancellationAsync(CancellationToken cancellationToken)
   at System.Net.Http.HttpConnectionPool.SendWithVersionDetectionAndRetryAsync(HttpRequestMessage request, Boolean async, Boolean doRequestAuth, CancellationToken cancellationToken)
   at System.Net.Http.DiagnosticsHandler.SendAsyncCore(HttpRequestMessage request, Boolean async, CancellationToken cancellationToken)
   at System.Net.Http.RedirectHandler.SendAsync(HttpRequestMessage request, Boolean async, CancellationToken cancellationToken)
   at Microsoft.Extensions.Http.Logging.LoggingHttpMessageHandler.<SendCoreAsync>g__Core|5_0(HttpRequestMessage request, Boolean useAsync, CancellationToken cancellationToken)
   at Microsoft.Extensions.Http.Logging.LoggingScopeHttpMessageHandler.<SendCoreAsync>g__Core|5_0(HttpRequestMessage request, Boolean useAsync, CancellationToken cancellationToken)
   at System.Net.Http.HttpClient.<SendAsync>g__Core|83_0(HttpRequestMessage request, HttpCompletionOption completionOption, CancellationTokenSource cts, Boolean disposeCts, CancellationTokenSource pendingRequestsCts, CancellationToken originalCancellationToken)
   at AutoVeo.Infrastructure.External.GeminiService.GenerateConsistentScenesAsync(String keyword, Int32 count, String characterStyle, String visualTheme, CancellationToken ct) in /Users/macbook/Documents/Coding/AutoVeo/backend/src/AutoVeo.Infrastructure/External/GeminiService.cs:line 73
2026-03-13 16:54:00.067 +07:00 [INF] HTTP POST /api/prompts/generate-series responded 201 in 48.1592 ms
2026-03-13 16:54:11.227 +07:00 [INF] Gemini Access - Key Present: true, BaseUrl: https://generativelanguage.googleapis.com/v1beta/models/gemini-flash-latest:generateContent
2026-03-13 16:54:11.233 +07:00 [ERR] Gemini API call failed. Falling back to mock data.
System.Net.Http.HttpRequestException: nodename nor servname provided, or not known (generativelanguage.googleapis.com:443)
 ---> System.Net.Sockets.SocketException (0xFFFDFFFF): nodename nor servname provided, or not known
   at System.Net.Sockets.Socket.AwaitableSocketAsyncEventArgs.ThrowException(SocketError error, CancellationToken cancellationToken)
   at System.Net.Sockets.Socket.AwaitableSocketAsyncEventArgs.System.Threading.Tasks.Sources.IValueTaskSource.GetResult(Int16 token)
   at System.Net.Sockets.Socket.<ConnectAsync>g__WaitForConnectWithCancellation|285_0(AwaitableSocketAsyncEventArgs saea, ValueTask connectTask, CancellationToken cancellationToken)
   at System.Net.Http.HttpConnectionPool.ConnectToTcpHostAsync(String host, Int32 port, HttpRequestMessage initialRequest, Boolean async, CancellationToken cancellationToken)
   --- End of inner exception stack trace ---
   at System.Net.Http.HttpConnectionPool.ConnectToTcpHostAsync(String host, Int32 port, HttpRequestMessage initialRequest, Boolean async, CancellationToken cancellationToken)
   at System.Net.Http.HttpConnectionPool.ConnectAsync(HttpRequestMessage request, Boolean async, CancellationToken cancellationToken)
   at System.Net.Http.HttpConnectionPool.CreateHttp11ConnectionAsync(HttpRequestMessage request, Boolean async, CancellationToken cancellationToken)
   at System.Net.Http.HttpConnectionPool.AddHttp11ConnectionAsync(QueueItem queueItem)
   at System.Threading.Tasks.TaskCompletionSourceWithCancellation`1.WaitWithCancellationAsync(CancellationToken cancellationToken)
   at System.Net.Http.HttpConnectionPool.SendWithVersionDetectionAndRetryAsync(HttpRequestMessage request, Boolean async, Boolean doRequestAuth, CancellationToken cancellationToken)
   at System.Net.Http.DiagnosticsHandler.SendAsyncCore(HttpRequestMessage request, Boolean async, CancellationToken cancellationToken)
   at System.Net.Http.RedirectHandler.SendAsync(HttpRequestMessage request, Boolean async, CancellationToken cancellationToken)
   at Microsoft.Extensions.Http.Logging.LoggingHttpMessageHandler.<SendCoreAsync>g__Core|5_0(HttpRequestMessage request, Boolean useAsync, CancellationToken cancellationToken)
   at Microsoft.Extensions.Http.Logging.LoggingScopeHttpMessageHandler.<SendCoreAsync>g__Core|5_0(HttpRequestMessage request, Boolean useAsync, CancellationToken cancellationToken)
   at System.Net.Http.HttpClient.<SendAsync>g__Core|83_0(HttpRequestMessage request, HttpCompletionOption completionOption, CancellationTokenSource cts, Boolean disposeCts, CancellationTokenSource pendingRequestsCts, CancellationToken originalCancellationToken)
   at AutoVeo.Infrastructure.External.GeminiService.GenerateConsistentScenesAsync(String keyword, Int32 count, String characterStyle, String visualTheme, CancellationToken ct) in /Users/macbook/Documents/Coding/AutoVeo/backend/src/AutoVeo.Infrastructure/External/GeminiService.cs:line 73
2026-03-13 16:54:11.240 +07:00 [INF] HTTP POST /api/prompts/generate-series responded 201 in 13.9608 ms
2026-03-13 16:54:11.881 +07:00 [INF] Gemini Access - Key Present: true, BaseUrl: https://generativelanguage.googleapis.com/v1beta/models/gemini-flash-latest:generateContent
2026-03-13 16:54:11.886 +07:00 [ERR] Gemini API call failed. Falling back to mock data.
System.Net.Http.HttpRequestException: nodename nor servname provided, or not known (generativelanguage.googleapis.com:443)
 ---> System.Net.Sockets.SocketException (0xFFFDFFFF): nodename nor servname provided, or not known
   at System.Net.Sockets.Socket.AwaitableSocketAsyncEventArgs.ThrowException(SocketError error, CancellationToken cancellationToken)
   at System.Net.Sockets.Socket.AwaitableSocketAsyncEventArgs.System.Threading.Tasks.Sources.IValueTaskSource.GetResult(Int16 token)
   at System.Net.Sockets.Socket.<ConnectAsync>g__WaitForConnectWithCancellation|285_0(AwaitableSocketAsyncEventArgs saea, ValueTask connectTask, CancellationToken cancellationToken)
   at System.Net.Http.HttpConnectionPool.ConnectToTcpHostAsync(String host, Int32 port, HttpRequestMessage initialRequest, Boolean async, CancellationToken cancellationToken)
   --- End of inner exception stack trace ---
   at System.Net.Http.HttpConnectionPool.ConnectToTcpHostAsync(String host, Int32 port, HttpRequestMessage initialRequest, Boolean async, CancellationToken cancellationToken)
   at System.Net.Http.HttpConnectionPool.ConnectAsync(HttpRequestMessage request, Boolean async, CancellationToken cancellationToken)
   at System.Net.Http.HttpConnectionPool.CreateHttp11ConnectionAsync(HttpRequestMessage request, Boolean async, CancellationToken cancellationToken)
   at System.Net.Http.HttpConnectionPool.AddHttp11ConnectionAsync(QueueItem queueItem)
   at System.Threading.Tasks.TaskCompletionSourceWithCancellation`1.WaitWithCancellationAsync(CancellationToken cancellationToken)
   at System.Net.Http.HttpConnectionPool.SendWithVersionDetectionAndRetryAsync(HttpRequestMessage request, Boolean async, Boolean doRequestAuth, CancellationToken cancellationToken)
   at System.Net.Http.DiagnosticsHandler.SendAsyncCore(HttpRequestMessage request, Boolean async, CancellationToken cancellationToken)
   at System.Net.Http.RedirectHandler.SendAsync(HttpRequestMessage request, Boolean async, CancellationToken cancellationToken)
   at Microsoft.Extensions.Http.Logging.LoggingHttpMessageHandler.<SendCoreAsync>g__Core|5_0(HttpRequestMessage request, Boolean useAsync, CancellationToken cancellationToken)
   at Microsoft.Extensions.Http.Logging.LoggingScopeHttpMessageHandler.<SendCoreAsync>g__Core|5_0(HttpRequestMessage request, Boolean useAsync, CancellationToken cancellationToken)
   at System.Net.Http.HttpClient.<SendAsync>g__Core|83_0(HttpRequestMessage request, HttpCompletionOption completionOption, CancellationTokenSource cts, Boolean disposeCts, CancellationTokenSource pendingRequestsCts, CancellationToken originalCancellationToken)
   at AutoVeo.Infrastructure.External.GeminiService.GenerateConsistentScenesAsync(String keyword, Int32 count, String characterStyle, String visualTheme, CancellationToken ct) in /Users/macbook/Documents/Coding/AutoVeo/backend/src/AutoVeo.Infrastructure/External/GeminiService.cs:line 73
2026-03-13 16:54:11.893 +07:00 [INF] HTTP POST /api/prompts/generate-series responded 201 in 13.5524 ms
2026-03-13 16:54:12.058 +07:00 [INF] Gemini Access - Key Present: true, BaseUrl: https://generativelanguage.googleapis.com/v1beta/models/gemini-flash-latest:generateContent
2026-03-13 16:54:12.060 +07:00 [ERR] Gemini API call failed. Falling back to mock data.
System.Net.Http.HttpRequestException: nodename nor servname provided, or not known (generativelanguage.googleapis.com:443)
 ---> System.Net.Sockets.SocketException (0xFFFDFFFF): nodename nor servname provided, or not known
   at System.Net.Sockets.Socket.AwaitableSocketAsyncEventArgs.ThrowException(SocketError error, CancellationToken cancellationToken)
   at System.Net.Sockets.Socket.AwaitableSocketAsyncEventArgs.System.Threading.Tasks.Sources.IValueTaskSource.GetResult(Int16 token)
   at System.Net.Sockets.Socket.<ConnectAsync>g__WaitForConnectWithCancellation|285_0(AwaitableSocketAsyncEventArgs saea, ValueTask connectTask, CancellationToken cancellationToken)
   at System.Net.Http.HttpConnectionPool.ConnectToTcpHostAsync(String host, Int32 port, HttpRequestMessage initialRequest, Boolean async, CancellationToken cancellationToken)
   --- End of inner exception stack trace ---
   at System.Net.Http.HttpConnectionPool.ConnectToTcpHostAsync(String host, Int32 port, HttpRequestMessage initialRequest, Boolean async, CancellationToken cancellationToken)
   at System.Net.Http.HttpConnectionPool.ConnectAsync(HttpRequestMessage request, Boolean async, CancellationToken cancellationToken)
   at System.Net.Http.HttpConnectionPool.CreateHttp11ConnectionAsync(HttpRequestMessage request, Boolean async, CancellationToken cancellationToken)
   at System.Net.Http.HttpConnectionPool.AddHttp11ConnectionAsync(QueueItem queueItem)
   at System.Threading.Tasks.TaskCompletionSourceWithCancellation`1.WaitWithCancellationAsync(CancellationToken cancellationToken)
   at System.Net.Http.HttpConnectionPool.SendWithVersionDetectionAndRetryAsync(HttpRequestMessage request, Boolean async, Boolean doRequestAuth, CancellationToken cancellationToken)
   at System.Net.Http.DiagnosticsHandler.SendAsyncCore(HttpRequestMessage request, Boolean async, CancellationToken cancellationToken)
   at System.Net.Http.RedirectHandler.SendAsync(HttpRequestMessage request, Boolean async, CancellationToken cancellationToken)
   at Microsoft.Extensions.Http.Logging.LoggingHttpMessageHandler.<SendCoreAsync>g__Core|5_0(HttpRequestMessage request, Boolean useAsync, CancellationToken cancellationToken)
   at Microsoft.Extensions.Http.Logging.LoggingScopeHttpMessageHandler.<SendCoreAsync>g__Core|5_0(HttpRequestMessage request, Boolean useAsync, CancellationToken cancellationToken)
   at System.Net.Http.HttpClient.<SendAsync>g__Core|83_0(HttpRequestMessage request, HttpCompletionOption completionOption, CancellationTokenSource cts, Boolean disposeCts, CancellationTokenSource pendingRequestsCts, CancellationToken originalCancellationToken)
   at AutoVeo.Infrastructure.External.GeminiService.GenerateConsistentScenesAsync(String keyword, Int32 count, String characterStyle, String visualTheme, CancellationToken ct) in /Users/macbook/Documents/Coding/AutoVeo/backend/src/AutoVeo.Infrastructure/External/GeminiService.cs:line 73
2026-03-13 16:54:12.063 +07:00 [INF] HTTP POST /api/prompts/generate-series responded 201 in 6.2466 ms
2026-03-13 16:54:12.225 +07:00 [INF] Gemini Access - Key Present: true, BaseUrl: https://generativelanguage.googleapis.com/v1beta/models/gemini-flash-latest:generateContent
2026-03-13 16:54:12.228 +07:00 [ERR] Gemini API call failed. Falling back to mock data.
System.Net.Http.HttpRequestException: nodename nor servname provided, or not known (generativelanguage.googleapis.com:443)
 ---> System.Net.Sockets.SocketException (0xFFFDFFFF): nodename nor servname provided, or not known
   at System.Net.Sockets.Socket.AwaitableSocketAsyncEventArgs.ThrowException(SocketError error, CancellationToken cancellationToken)
   at System.Net.Sockets.Socket.AwaitableSocketAsyncEventArgs.System.Threading.Tasks.Sources.IValueTaskSource.GetResult(Int16 token)
   at System.Net.Sockets.Socket.<ConnectAsync>g__WaitForConnectWithCancellation|285_0(AwaitableSocketAsyncEventArgs saea, ValueTask connectTask, CancellationToken cancellationToken)
   at System.Net.Http.HttpConnectionPool.ConnectToTcpHostAsync(String host, Int32 port, HttpRequestMessage initialRequest, Boolean async, CancellationToken cancellationToken)
   --- End of inner exception stack trace ---
   at System.Net.Http.HttpConnectionPool.ConnectToTcpHostAsync(String host, Int32 port, HttpRequestMessage initialRequest, Boolean async, CancellationToken cancellationToken)
   at System.Net.Http.HttpConnectionPool.ConnectAsync(HttpRequestMessage request, Boolean async, CancellationToken cancellationToken)
   at System.Net.Http.HttpConnectionPool.CreateHttp11ConnectionAsync(HttpRequestMessage request, Boolean async, CancellationToken cancellationToken)
   at System.Net.Http.HttpConnectionPool.AddHttp11ConnectionAsync(QueueItem queueItem)
   at System.Threading.Tasks.TaskCompletionSourceWithCancellation`1.WaitWithCancellationAsync(CancellationToken cancellationToken)
   at System.Net.Http.HttpConnectionPool.SendWithVersionDetectionAndRetryAsync(HttpRequestMessage request, Boolean async, Boolean doRequestAuth, CancellationToken cancellationToken)
   at System.Net.Http.DiagnosticsHandler.SendAsyncCore(HttpRequestMessage request, Boolean async, CancellationToken cancellationToken)
   at System.Net.Http.RedirectHandler.SendAsync(HttpRequestMessage request, Boolean async, CancellationToken cancellationToken)
   at Microsoft.Extensions.Http.Logging.LoggingHttpMessageHandler.<SendCoreAsync>g__Core|5_0(HttpRequestMessage request, Boolean useAsync, CancellationToken cancellationToken)
   at Microsoft.Extensions.Http.Logging.LoggingScopeHttpMessageHandler.<SendCoreAsync>g__Core|5_0(HttpRequestMessage request, Boolean useAsync, CancellationToken cancellationToken)
   at System.Net.Http.HttpClient.<SendAsync>g__Core|83_0(HttpRequestMessage request, HttpCompletionOption completionOption, CancellationTokenSource cts, Boolean disposeCts, CancellationTokenSource pendingRequestsCts, CancellationToken originalCancellationToken)
   at AutoVeo.Infrastructure.External.GeminiService.GenerateConsistentScenesAsync(String keyword, Int32 count, String characterStyle, String visualTheme, CancellationToken ct) in /Users/macbook/Documents/Coding/AutoVeo/backend/src/AutoVeo.Infrastructure/External/GeminiService.cs:line 73
2026-03-13 16:54:12.233 +07:00 [INF] HTTP POST /api/prompts/generate-series responded 201 in 8.5962 ms
2026-03-13 16:54:12.392 +07:00 [INF] Gemini Access - Key Present: true, BaseUrl: https://generativelanguage.googleapis.com/v1beta/models/gemini-flash-latest:generateContent
2026-03-13 16:54:12.395 +07:00 [ERR] Gemini API call failed. Falling back to mock data.
System.Net.Http.HttpRequestException: nodename nor servname provided, or not known (generativelanguage.googleapis.com:443)
 ---> System.Net.Sockets.SocketException (0xFFFDFFFF): nodename nor servname provided, or not known
   at System.Net.Sockets.Socket.AwaitableSocketAsyncEventArgs.ThrowException(SocketError error, CancellationToken cancellationToken)
   at System.Net.Sockets.Socket.AwaitableSocketAsyncEventArgs.System.Threading.Tasks.Sources.IValueTaskSource.GetResult(Int16 token)
   at System.Net.Sockets.Socket.<ConnectAsync>g__WaitForConnectWithCancellation|285_0(AwaitableSocketAsyncEventArgs saea, ValueTask connectTask, CancellationToken cancellationToken)
   at System.Net.Http.HttpConnectionPool.ConnectToTcpHostAsync(String host, Int32 port, HttpRequestMessage initialRequest, Boolean async, CancellationToken cancellationToken)
   --- End of inner exception stack trace ---
   at System.Net.Http.HttpConnectionPool.ConnectToTcpHostAsync(String host, Int32 port, HttpRequestMessage initialRequest, Boolean async, CancellationToken cancellationToken)
   at System.Net.Http.HttpConnectionPool.ConnectAsync(HttpRequestMessage request, Boolean async, CancellationToken cancellationToken)
   at System.Net.Http.HttpConnectionPool.CreateHttp11ConnectionAsync(HttpRequestMessage request, Boolean async, CancellationToken cancellationToken)
   at System.Net.Http.HttpConnectionPool.AddHttp11ConnectionAsync(QueueItem queueItem)
   at System.Threading.Tasks.TaskCompletionSourceWithCancellation`1.WaitWithCancellationAsync(CancellationToken cancellationToken)
   at System.Net.Http.HttpConnectionPool.SendWithVersionDetectionAndRetryAsync(HttpRequestMessage request, Boolean async, Boolean doRequestAuth, CancellationToken cancellationToken)
   at System.Net.Http.DiagnosticsHandler.SendAsyncCore(HttpRequestMessage request, Boolean async, CancellationToken cancellationToken)
   at System.Net.Http.RedirectHandler.SendAsync(HttpRequestMessage request, Boolean async, CancellationToken cancellationToken)
   at Microsoft.Extensions.Http.Logging.LoggingHttpMessageHandler.<SendCoreAsync>g__Core|5_0(HttpRequestMessage request, Boolean useAsync, CancellationToken cancellationToken)
   at Microsoft.Extensions.Http.Logging.LoggingScopeHttpMessageHandler.<SendCoreAsync>g__Core|5_0(HttpRequestMessage request, Boolean useAsync, CancellationToken cancellationToken)
   at System.Net.Http.HttpClient.<SendAsync>g__Core|83_0(HttpRequestMessage request, HttpCompletionOption completionOption, CancellationTokenSource cts, Boolean disposeCts, CancellationTokenSource pendingRequestsCts, CancellationToken originalCancellationToken)
   at AutoVeo.Infrastructure.External.GeminiService.GenerateConsistentScenesAsync(String keyword, Int32 count, String characterStyle, String visualTheme, CancellationToken ct) in /Users/macbook/Documents/Coding/AutoVeo/backend/src/AutoVeo.Infrastructure/External/GeminiService.cs:line 73
2026-03-13 16:54:12.400 +07:00 [INF] HTTP POST /api/prompts/generate-series responded 201 in 9.2114 ms
2026-03-13 16:54:12.557 +07:00 [INF] Gemini Access - Key Present: true, BaseUrl: https://generativelanguage.googleapis.com/v1beta/models/gemini-flash-latest:generateContent
2026-03-13 16:54:12.559 +07:00 [ERR] Gemini API call failed. Falling back to mock data.
System.Net.Http.HttpRequestException: nodename nor servname provided, or not known (generativelanguage.googleapis.com:443)
 ---> System.Net.Sockets.SocketException (0xFFFDFFFF): nodename nor servname provided, or not known
   at System.Net.Sockets.Socket.AwaitableSocketAsyncEventArgs.ThrowException(SocketError error, CancellationToken cancellationToken)
   at System.Net.Sockets.Socket.AwaitableSocketAsyncEventArgs.System.Threading.Tasks.Sources.IValueTaskSource.GetResult(Int16 token)
   at System.Net.Sockets.Socket.<ConnectAsync>g__WaitForConnectWithCancellation|285_0(AwaitableSocketAsyncEventArgs saea, ValueTask connectTask, CancellationToken cancellationToken)
   at System.Net.Http.HttpConnectionPool.ConnectToTcpHostAsync(String host, Int32 port, HttpRequestMessage initialRequest, Boolean async, CancellationToken cancellationToken)
   --- End of inner exception stack trace ---
   at System.Net.Http.HttpConnectionPool.ConnectToTcpHostAsync(String host, Int32 port, HttpRequestMessage initialRequest, Boolean async, CancellationToken cancellationToken)
   at System.Net.Http.HttpConnectionPool.ConnectAsync(HttpRequestMessage request, Boolean async, CancellationToken cancellationToken)
   at System.Net.Http.HttpConnectionPool.CreateHttp11ConnectionAsync(HttpRequestMessage request, Boolean async, CancellationToken cancellationToken)
   at System.Net.Http.HttpConnectionPool.AddHttp11ConnectionAsync(QueueItem queueItem)
   at System.Threading.Tasks.TaskCompletionSourceWithCancellation`1.WaitWithCancellationAsync(CancellationToken cancellationToken)
   at System.Net.Http.HttpConnectionPool.SendWithVersionDetectionAndRetryAsync(HttpRequestMessage request, Boolean async, Boolean doRequestAuth, CancellationToken cancellationToken)
   at System.Net.Http.DiagnosticsHandler.SendAsyncCore(HttpRequestMessage request, Boolean async, CancellationToken cancellationToken)
   at System.Net.Http.RedirectHandler.SendAsync(HttpRequestMessage request, Boolean async, CancellationToken cancellationToken)
   at Microsoft.Extensions.Http.Logging.LoggingHttpMessageHandler.<SendCoreAsync>g__Core|5_0(HttpRequestMessage request, Boolean useAsync, CancellationToken cancellationToken)
   at Microsoft.Extensions.Http.Logging.LoggingScopeHttpMessageHandler.<SendCoreAsync>g__Core|5_0(HttpRequestMessage request, Boolean useAsync, CancellationToken cancellationToken)
   at System.Net.Http.HttpClient.<SendAsync>g__Core|83_0(HttpRequestMessage request, HttpCompletionOption completionOption, CancellationTokenSource cts, Boolean disposeCts, CancellationTokenSource pendingRequestsCts, CancellationToken originalCancellationToken)
   at AutoVeo.Infrastructure.External.GeminiService.GenerateConsistentScenesAsync(String keyword, Int32 count, String characterStyle, String visualTheme, CancellationToken ct) in /Users/macbook/Documents/Coding/AutoVeo/backend/src/AutoVeo.Infrastructure/External/GeminiService.cs:line 73
2026-03-13 16:54:12.563 +07:00 [INF] HTTP POST /api/prompts/generate-series responded 201 in 6.2449 ms
2026-03-13 16:54:12.725 +07:00 [INF] Gemini Access - Key Present: true, BaseUrl: https://generativelanguage.googleapis.com/v1beta/models/gemini-flash-latest:generateContent
2026-03-13 16:54:12.728 +07:00 [ERR] Gemini API call failed. Falling back to mock data.
System.Net.Http.HttpRequestException: nodename nor servname provided, or not known (generativelanguage.googleapis.com:443)
 ---> System.Net.Sockets.SocketException (0xFFFDFFFF): nodename nor servname provided, or not known
   at System.Net.Sockets.Socket.AwaitableSocketAsyncEventArgs.ThrowException(SocketError error, CancellationToken cancellationToken)
   at System.Net.Sockets.Socket.AwaitableSocketAsyncEventArgs.System.Threading.Tasks.Sources.IValueTaskSource.GetResult(Int16 token)
   at System.Net.Sockets.Socket.<ConnectAsync>g__WaitForConnectWithCancellation|285_0(AwaitableSocketAsyncEventArgs saea, ValueTask connectTask, CancellationToken cancellationToken)
   at System.Net.Http.HttpConnectionPool.ConnectToTcpHostAsync(String host, Int32 port, HttpRequestMessage initialRequest, Boolean async, CancellationToken cancellationToken)
   --- End of inner exception stack trace ---
   at System.Net.Http.HttpConnectionPool.ConnectToTcpHostAsync(String host, Int32 port, HttpRequestMessage initialRequest, Boolean async, CancellationToken cancellationToken)
   at System.Net.Http.HttpConnectionPool.ConnectAsync(HttpRequestMessage request, Boolean async, CancellationToken cancellationToken)
   at System.Net.Http.HttpConnectionPool.CreateHttp11ConnectionAsync(HttpRequestMessage request, Boolean async, CancellationToken cancellationToken)
   at System.Net.Http.HttpConnectionPool.AddHttp11ConnectionAsync(QueueItem queueItem)
   at System.Threading.Tasks.TaskCompletionSourceWithCancellation`1.WaitWithCancellationAsync(CancellationToken cancellationToken)
   at System.Net.Http.HttpConnectionPool.SendWithVersionDetectionAndRetryAsync(HttpRequestMessage request, Boolean async, Boolean doRequestAuth, CancellationToken cancellationToken)
   at System.Net.Http.DiagnosticsHandler.SendAsyncCore(HttpRequestMessage request, Boolean async, CancellationToken cancellationToken)
   at System.Net.Http.RedirectHandler.SendAsync(HttpRequestMessage request, Boolean async, CancellationToken cancellationToken)
   at Microsoft.Extensions.Http.Logging.LoggingHttpMessageHandler.<SendCoreAsync>g__Core|5_0(HttpRequestMessage request, Boolean useAsync, CancellationToken cancellationToken)
   at Microsoft.Extensions.Http.Logging.LoggingScopeHttpMessageHandler.<SendCoreAsync>g__Core|5_0(HttpRequestMessage request, Boolean useAsync, CancellationToken cancellationToken)
   at System.Net.Http.HttpClient.<SendAsync>g__Core|83_0(HttpRequestMessage request, HttpCompletionOption completionOption, CancellationTokenSource cts, Boolean disposeCts, CancellationTokenSource pendingRequestsCts, CancellationToken originalCancellationToken)
   at AutoVeo.Infrastructure.External.GeminiService.GenerateConsistentScenesAsync(String keyword, Int32 count, String characterStyle, String visualTheme, CancellationToken ct) in /Users/macbook/Documents/Coding/AutoVeo/backend/src/AutoVeo.Infrastructure/External/GeminiService.cs:line 73
2026-03-13 16:54:12.732 +07:00 [INF] HTTP POST /api/prompts/generate-series responded 201 in 7.4900 ms
2026-03-13 16:55:18.687 +07:00 [INF] Gemini Access - Key Present: true, BaseUrl: https://generativelanguage.googleapis.com/v1beta/models/gemini-flash-latest:generateContent
2026-03-13 16:55:27.610 +07:00 [INF] HTTP POST /api/prompts/generate-series responded 201 in 8932.9186 ms
2026-03-13 16:56:28.390 +07:00 [INF] HTTP POST /api/render responded 202 in 72.6589 ms
2026-03-13 16:56:28.394 +07:00 [INF] HTTP POST /api/render responded 202 in 2.5835 ms
2026-03-13 16:56:28.402 +07:00 [INF] HTTP POST /api/render responded 202 in 2.5065 ms
2026-03-13 16:56:28.407 +07:00 [INF] HTTP POST /api/render responded 202 in 1.4759 ms
2026-03-13 16:56:28.417 +07:00 [INF] HTTP POST /api/render responded 202 in 1.3102 ms
2026-03-13 16:56:28.424 +07:00 [INF] HTTP POST /api/render responded 202 in 1.3330 ms
2026-03-13 16:56:28.434 +07:00 [INF] HTTP POST /api/render responded 202 in 1.4855 ms
2026-03-13 16:56:31.433 +07:00 [INF] HTTP GET /api/render/1f2a93bb-3a8c-4fb0-a9ed-e4aa9279b089/status responded 200 in 34.9629 ms
2026-03-13 16:56:31.435 +07:00 [INF] HTTP GET /api/render/7b164997-4bd9-45a6-a8d5-3c37dd806699/status responded 200 in 27.0212 ms
2026-03-13 16:56:31.435 +07:00 [INF] HTTP GET /api/render/bdbb64a3-5a91-4642-87f3-71fcf9a3768a/status responded 200 in 16.5142 ms
2026-03-13 16:56:31.435 +07:00 [INF] HTTP GET /api/render/0478c784-8cae-4bd5-8d98-abc9de57a267/status responded 200 in 9.3100 ms
2026-03-13 16:56:31.436 +07:00 [INF] HTTP GET /api/render/0d6c0fc6-b3df-4fb9-a141-0a9065a642db/status responded 200 in 32.7252 ms
2026-03-13 16:56:31.436 +07:00 [INF] HTTP GET /api/render/9ac2187f-1382-4a0d-9fa2-2fe77cbc8806/status responded 200 in 1.6294 ms
2026-03-13 16:56:31.444 +07:00 [INF] HTTP GET /api/render/730ab574-a1c2-4fbd-86b9-70610b61940f/status responded 200 in 1.0940 ms
2026-03-13 16:56:33.545 +07:00 [INF] Found 7 pending renders. Attempting to process in parallel...
2026-03-13 16:56:33.566 +07:00 [INF] Starting generation for render "1f2a93bb-3a8c-4fb0-a9ed-e4aa9279b089". Prompt: Create a 8s cinematic video featuring A spirited young monkey warrior in a vibrant anime style, wearing a red headband and carrying a golden bo staff.. Theme: A mystical ancient forest with towering trees, glowing flora, and dappled sunlight.. Scene: The monkey warrior treks through a dense thicket of giant ferns, his bo staff resting on his shoulders as he looks ahead with a determined grin.. Optimized for TikTok vertical format.
2026-03-13 16:56:33.643 +07:00 [INF] Starting generation for render "0d6c0fc6-b3df-4fb9-a141-0a9065a642db". Prompt: Create a 8s cinematic video featuring A spirited young monkey warrior in a vibrant anime style, wearing a red headband and carrying a golden bo staff.. Theme: A mystical ancient forest with towering trees, glowing flora, and dappled sunlight.. Scene: Crouching low on a mossy log, the monkey narrows his eyes as a multi-eyed shadow creature emerges from the dark hollow of a massive tree.. Optimized for TikTok vertical format.
2026-03-13 16:56:33.666 +07:00 [INF] Starting generation for render "7b164997-4bd9-45a6-a8d5-3c37dd806699". Prompt: Create a 8s cinematic video featuring A spirited young monkey warrior in a vibrant anime style, wearing a red headband and carrying a golden bo staff.. Theme: A mystical ancient forest with towering trees, glowing flora, and dappled sunlight.. Scene: Mid-air, the monkey swings his staff in a wide arc, striking a crystalline forest golem and causing blue sparks to fly against the emerald green foliage.. Optimized for TikTok vertical format.
2026-03-13 16:56:34.403 +07:00 [INF] HTTP GET /api/render/0d6c0fc6-b3df-4fb9-a141-0a9065a642db/status responded 200 in 1.8633 ms
2026-03-13 16:56:34.403 +07:00 [INF] HTTP GET /api/render/1f2a93bb-3a8c-4fb0-a9ed-e4aa9279b089/status responded 200 in 6.4772 ms
2026-03-13 16:56:34.409 +07:00 [INF] HTTP GET /api/render/7b164997-4bd9-45a6-a8d5-3c37dd806699/status responded 200 in 1.8102 ms
2026-03-13 16:56:34.418 +07:00 [INF] HTTP GET /api/render/bdbb64a3-5a91-4642-87f3-71fcf9a3768a/status responded 200 in 0.9860 ms
2026-03-13 16:56:34.426 +07:00 [INF] HTTP GET /api/render/0478c784-8cae-4bd5-8d98-abc9de57a267/status responded 200 in 1.5127 ms
2026-03-13 16:56:34.435 +07:00 [INF] HTTP GET /api/render/9ac2187f-1382-4a0d-9fa2-2fe77cbc8806/status responded 200 in 0.9053 ms
2026-03-13 16:56:34.445 +07:00 [INF] HTTP GET /api/render/730ab574-a1c2-4fbd-86b9-70610b61940f/status responded 200 in 1.7265 ms
2026-03-13 16:56:37.747 +07:00 [INF] HTTP GET /api/render/0478c784-8cae-4bd5-8d98-abc9de57a267/status responded 200 in 26.5736 ms
2026-03-13 16:56:37.748 +07:00 [INF] HTTP GET /api/render/730ab574-a1c2-4fbd-86b9-70610b61940f/status responded 200 in 132.1608 ms
2026-03-13 16:56:37.747 +07:00 [INF] HTTP GET /api/render/1f2a93bb-3a8c-4fb0-a9ed-e4aa9279b089/status responded 200 in 334.0793 ms
2026-03-13 16:56:37.747 +07:00 [INF] HTTP GET /api/render/7b164997-4bd9-45a6-a8d5-3c37dd806699/status responded 200 in 131.6863 ms
2026-03-13 16:56:37.748 +07:00 [INF] HTTP GET /api/render/0d6c0fc6-b3df-4fb9-a141-0a9065a642db/status responded 200 in 336.1450 ms
2026-03-13 16:56:37.786 +07:00 [INF] HTTP GET /api/render/bdbb64a3-5a91-4642-87f3-71fcf9a3768a/status responded 200 in 164.1771 ms
2026-03-13 16:56:37.801 +07:00 [INF] HTTP GET /api/render/9ac2187f-1382-4a0d-9fa2-2fe77cbc8806/status responded 200 in 34.5011 ms
2026-03-13 16:56:40.414 +07:00 [INF] HTTP GET /api/render/0d6c0fc6-b3df-4fb9-a141-0a9065a642db/status responded 200 in 13.3455 ms
2026-03-13 16:56:40.414 +07:00 [INF] HTTP GET /api/render/1f2a93bb-3a8c-4fb0-a9ed-e4aa9279b089/status responded 200 in 17.4191 ms
2026-03-13 16:56:40.414 +07:00 [INF] HTTP GET /api/render/7b164997-4bd9-45a6-a8d5-3c37dd806699/status responded 200 in 4.5523 ms
2026-03-13 16:56:40.435 +07:00 [INF] HTTP GET /api/render/0478c784-8cae-4bd5-8d98-abc9de57a267/status responded 200 in 1.8124 ms
2026-03-13 16:56:40.435 +07:00 [INF] HTTP GET /api/render/9ac2187f-1382-4a0d-9fa2-2fe77cbc8806/status responded 200 in 1.8123 ms
2026-03-13 16:56:40.435 +07:00 [INF] HTTP GET /api/render/bdbb64a3-5a91-4642-87f3-71fcf9a3768a/status responded 200 in 1.8123 ms
2026-03-13 16:56:40.446 +07:00 [INF] HTTP GET /api/render/730ab574-a1c2-4fbd-86b9-70610b61940f/status responded 200 in 1.8439 ms
2026-03-13 16:56:43.422 +07:00 [INF] HTTP GET /api/render/7b164997-4bd9-45a6-a8d5-3c37dd806699/status responded 200 in 14.0871 ms
2026-03-13 16:56:43.422 +07:00 [INF] HTTP GET /api/render/1f2a93bb-3a8c-4fb0-a9ed-e4aa9279b089/status responded 200 in 24.3788 ms
2026-03-13 16:56:43.422 +07:00 [INF] HTTP GET /api/render/bdbb64a3-5a91-4642-87f3-71fcf9a3768a/status responded 200 in 4.1003 ms
2026-03-13 16:56:43.422 +07:00 [INF] HTTP GET /api/render/0d6c0fc6-b3df-4fb9-a141-0a9065a642db/status responded 200 in 16.9603 ms
2026-03-13 16:56:43.430 +07:00 [INF] HTTP GET /api/render/0478c784-8cae-4bd5-8d98-abc9de57a267/status responded 200 in 1.5762 ms
2026-03-13 16:56:43.438 +07:00 [INF] HTTP GET /api/render/9ac2187f-1382-4a0d-9fa2-2fe77cbc8806/status responded 200 in 1.4444 ms
2026-03-13 16:56:43.448 +07:00 [INF] HTTP GET /api/render/730ab574-a1c2-4fbd-86b9-70610b61940f/status responded 200 in 4.3416 ms
2026-03-13 16:56:46.397 +07:00 [INF] HTTP GET /api/render/1f2a93bb-3a8c-4fb0-a9ed-e4aa9279b089/status responded 200 in 2.9948 ms
2026-03-13 16:56:46.401 +07:00 [INF] HTTP GET /api/render/0d6c0fc6-b3df-4fb9-a141-0a9065a642db/status responded 200 in 1.2220 ms
2026-03-13 16:56:46.409 +07:00 [INF] HTTP GET /api/render/7b164997-4bd9-45a6-a8d5-3c37dd806699/status responded 200 in 1.9791 ms
2026-03-13 16:56:46.417 +07:00 [INF] HTTP GET /api/render/bdbb64a3-5a91-4642-87f3-71fcf9a3768a/status responded 200 in 1.1596 ms
2026-03-13 16:56:46.427 +07:00 [INF] HTTP GET /api/render/0478c784-8cae-4bd5-8d98-abc9de57a267/status responded 200 in 1.6036 ms
2026-03-13 16:56:46.433 +07:00 [INF] HTTP GET /api/render/9ac2187f-1382-4a0d-9fa2-2fe77cbc8806/status responded 200 in 0.7659 ms
2026-03-13 16:56:46.445 +07:00 [INF] HTTP GET /api/render/730ab574-a1c2-4fbd-86b9-70610b61940f/status responded 200 in 2.2453 ms
2026-03-13 16:56:49.404 +07:00 [INF] HTTP GET /api/render/1f2a93bb-3a8c-4fb0-a9ed-e4aa9279b089/status responded 200 in 4.4723 ms
2026-03-13 16:56:49.408 +07:00 [INF] HTTP GET /api/render/0d6c0fc6-b3df-4fb9-a141-0a9065a642db/status responded 200 in 5.2182 ms
2026-03-13 16:56:49.411 +07:00 [INF] HTTP GET /api/render/7b164997-4bd9-45a6-a8d5-3c37dd806699/status responded 200 in 3.0140 ms
2026-03-13 16:56:49.417 +07:00 [INF] HTTP GET /api/render/bdbb64a3-5a91-4642-87f3-71fcf9a3768a/status responded 200 in 1.3479 ms
2026-03-13 16:56:49.428 +07:00 [INF] HTTP GET /api/render/0478c784-8cae-4bd5-8d98-abc9de57a267/status responded 200 in 1.9073 ms
2026-03-13 16:56:49.434 +07:00 [INF] HTTP GET /api/render/9ac2187f-1382-4a0d-9fa2-2fe77cbc8806/status responded 200 in 0.8606 ms
2026-03-13 16:56:49.444 +07:00 [INF] HTTP GET /api/render/730ab574-a1c2-4fbd-86b9-70610b61940f/status responded 200 in 0.8264 ms
2026-03-13 16:56:52.393 +07:00 [INF] HTTP GET /api/render/1f2a93bb-3a8c-4fb0-a9ed-e4aa9279b089/status responded 200 in 1.2004 ms
2026-03-13 16:56:52.400 +07:00 [INF] HTTP GET /api/render/0d6c0fc6-b3df-4fb9-a141-0a9065a642db/status responded 200 in 0.9800 ms
2026-03-13 16:56:52.408 +07:00 [INF] HTTP GET /api/render/7b164997-4bd9-45a6-a8d5-3c37dd806699/status responded 200 in 1.6258 ms
2026-03-13 16:56:52.416 +07:00 [INF] HTTP GET /api/render/bdbb64a3-5a91-4642-87f3-71fcf9a3768a/status responded 200 in 1.1703 ms
2026-03-13 16:56:52.423 +07:00 [INF] HTTP GET /api/render/0478c784-8cae-4bd5-8d98-abc9de57a267/status responded 200 in 0.8633 ms
2026-03-13 16:56:52.434 +07:00 [INF] HTTP GET /api/render/9ac2187f-1382-4a0d-9fa2-2fe77cbc8806/status responded 200 in 0.8141 ms
2026-03-13 16:56:52.442 +07:00 [INF] HTTP GET /api/render/730ab574-a1c2-4fbd-86b9-70610b61940f/status responded 200 in 0.7603 ms
2026-03-13 16:56:55.397 +07:00 [INF] HTTP GET /api/render/1f2a93bb-3a8c-4fb0-a9ed-e4aa9279b089/status responded 200 in 1.8200 ms
2026-03-13 16:56:55.402 +07:00 [INF] HTTP GET /api/render/0d6c0fc6-b3df-4fb9-a141-0a9065a642db/status responded 200 in 1.5458 ms
2026-03-13 16:56:55.408 +07:00 [INF] HTTP GET /api/render/7b164997-4bd9-45a6-a8d5-3c37dd806699/status responded 200 in 1.8553 ms
2026-03-13 16:56:55.419 +07:00 [INF] HTTP GET /api/render/bdbb64a3-5a91-4642-87f3-71fcf9a3768a/status responded 200 in 1.8178 ms
2026-03-13 16:56:55.426 +07:00 [INF] HTTP GET /api/render/0478c784-8cae-4bd5-8d98-abc9de57a267/status responded 200 in 0.9070 ms
2026-03-13 16:56:55.436 +07:00 [INF] HTTP GET /api/render/9ac2187f-1382-4a0d-9fa2-2fe77cbc8806/status responded 200 in 0.9773 ms
2026-03-13 16:56:55.443 +07:00 [INF] HTTP GET /api/render/730ab574-a1c2-4fbd-86b9-70610b61940f/status responded 200 in 0.9822 ms
2026-03-13 16:56:58.392 +07:00 [INF] HTTP GET /api/render/1f2a93bb-3a8c-4fb0-a9ed-e4aa9279b089/status responded 200 in 0.6645 ms
2026-03-13 16:56:58.399 +07:00 [INF] HTTP GET /api/render/0d6c0fc6-b3df-4fb9-a141-0a9065a642db/status responded 200 in 0.6930 ms
2026-03-13 16:56:58.406 +07:00 [INF] HTTP GET /api/render/7b164997-4bd9-45a6-a8d5-3c37dd806699/status responded 200 in 0.7330 ms
2026-03-13 16:56:58.416 +07:00 [INF] HTTP GET /api/render/bdbb64a3-5a91-4642-87f3-71fcf9a3768a/status responded 200 in 0.6732 ms
2026-03-13 16:56:58.425 +07:00 [INF] HTTP GET /api/render/0478c784-8cae-4bd5-8d98-abc9de57a267/status responded 200 in 1.3973 ms
2026-03-13 16:56:58.432 +07:00 [INF] HTTP GET /api/render/9ac2187f-1382-4a0d-9fa2-2fe77cbc8806/status responded 200 in 0.6739 ms
2026-03-13 16:56:58.443 +07:00 [INF] HTTP GET /api/render/730ab574-a1c2-4fbd-86b9-70610b61940f/status responded 200 in 0.6378 ms
2026-03-13 16:57:01.397 +07:00 [INF] HTTP GET /api/render/1f2a93bb-3a8c-4fb0-a9ed-e4aa9279b089/status responded 200 in 2.4672 ms
2026-03-13 16:57:01.401 +07:00 [INF] HTTP GET /api/render/0d6c0fc6-b3df-4fb9-a141-0a9065a642db/status responded 200 in 0.9998 ms
2026-03-13 16:57:01.406 +07:00 [INF] HTTP GET /api/render/7b164997-4bd9-45a6-a8d5-3c37dd806699/status responded 200 in 0.9375 ms
2026-03-13 16:57:01.417 +07:00 [INF] HTTP GET /api/render/bdbb64a3-5a91-4642-87f3-71fcf9a3768a/status responded 200 in 0.7546 ms
2026-03-13 16:57:01.426 +07:00 [INF] HTTP GET /api/render/0478c784-8cae-4bd5-8d98-abc9de57a267/status responded 200 in 0.6789 ms
2026-03-13 16:57:01.432 +07:00 [INF] HTTP GET /api/render/9ac2187f-1382-4a0d-9fa2-2fe77cbc8806/status responded 200 in 0.6661 ms
2026-03-13 16:57:01.445 +07:00 [INF] HTTP GET /api/render/730ab574-a1c2-4fbd-86b9-70610b61940f/status responded 200 in 0.7234 ms
2026-03-13 16:57:04.395 +07:00 [INF] HTTP GET /api/render/1f2a93bb-3a8c-4fb0-a9ed-e4aa9279b089/status responded 200 in 2.2115 ms
2026-03-13 16:57:04.399 +07:00 [INF] HTTP GET /api/render/0d6c0fc6-b3df-4fb9-a141-0a9065a642db/status responded 200 in 0.7107 ms
2026-03-13 16:57:04.405 +07:00 [INF] HTTP GET /api/render/7b164997-4bd9-45a6-a8d5-3c37dd806699/status responded 200 in 0.6805 ms
2026-03-13 16:57:04.416 +07:00 [INF] HTTP GET /api/render/bdbb64a3-5a91-4642-87f3-71fcf9a3768a/status responded 200 in 0.8348 ms
2026-03-13 16:57:04.423 +07:00 [INF] HTTP GET /api/render/0478c784-8cae-4bd5-8d98-abc9de57a267/status responded 200 in 0.7558 ms
2026-03-13 16:57:04.434 +07:00 [INF] HTTP GET /api/render/9ac2187f-1382-4a0d-9fa2-2fe77cbc8806/status responded 200 in 1.5064 ms
2026-03-13 16:57:04.442 +07:00 [INF] HTTP GET /api/render/730ab574-a1c2-4fbd-86b9-70610b61940f/status responded 200 in 1.3132 ms
2026-03-13 16:57:07.398 +07:00 [INF] HTTP GET /api/render/1f2a93bb-3a8c-4fb0-a9ed-e4aa9279b089/status responded 200 in 3.0720 ms
2026-03-13 16:57:07.402 +07:00 [INF] HTTP GET /api/render/0d6c0fc6-b3df-4fb9-a141-0a9065a642db/status responded 200 in 0.9270 ms
2026-03-13 16:57:07.408 +07:00 [INF] HTTP GET /api/render/7b164997-4bd9-45a6-a8d5-3c37dd806699/status responded 200 in 2.3446 ms
2026-03-13 16:57:07.416 +07:00 [INF] HTTP GET /api/render/bdbb64a3-5a91-4642-87f3-71fcf9a3768a/status responded 200 in 0.8738 ms
2026-03-13 16:57:07.425 +07:00 [INF] HTTP GET /api/render/0478c784-8cae-4bd5-8d98-abc9de57a267/status responded 200 in 0.7457 ms
2026-03-13 16:57:07.433 +07:00 [INF] HTTP GET /api/render/9ac2187f-1382-4a0d-9fa2-2fe77cbc8806/status responded 200 in 0.9080 ms
2026-03-13 16:57:07.443 +07:00 [INF] HTTP GET /api/render/730ab574-a1c2-4fbd-86b9-70610b61940f/status responded 200 in 0.8240 ms
2026-03-13 16:57:09.534 +07:00 [INF] Node script completed for "1f2a93bb-3a8c-4fb0-a9ed-e4aa9279b089". Exit code: 0
2026-03-13 16:57:09.536 +07:00 [ERR] Failed to generate video for render "1f2a93bb-3a8c-4fb0-a9ed-e4aa9279b089"
System.Exception: Script exited 0 but no valid [RESULT] path found in output.
   at AutoVeo.Infrastructure.BackgroundJobs.Veo3GenerationWorker.ProcessSingleRenderAsync(Guid renderId, CancellationToken ct) in /Users/macbook/Documents/Coding/AutoVeo/backend/src/AutoVeo.Infrastructure/BackgroundJobs/Workers.cs:line 285
2026-03-13 16:57:09.585 +07:00 [INF] Starting generation for render "bdbb64a3-5a91-4642-87f3-71fcf9a3768a". Prompt: Create a 8s cinematic video featuring A spirited young monkey warrior in a vibrant anime style, wearing a red headband and carrying a golden bo staff.. Theme: A mystical ancient forest with towering trees, glowing flora, and dappled sunlight.. Scene: Standing atop a massive oak branch, the monkey enters a combat stance as golden energy swirls around him, illuminating the surrounding misty woods.. Optimized for TikTok vertical format.
2026-03-13 16:57:10.402 +07:00 [INF] HTTP GET /api/render/0d6c0fc6-b3df-4fb9-a141-0a9065a642db/status responded 200 in 3.3358 ms
2026-03-13 16:57:10.406 +07:00 [INF] HTTP GET /api/render/1f2a93bb-3a8c-4fb0-a9ed-e4aa9279b089/status responded 200 in 6.6921 ms
2026-03-13 16:57:10.463 +07:00 [INF] Node script completed for "0d6c0fc6-b3df-4fb9-a141-0a9065a642db". Exit code: 0
2026-03-13 16:57:10.463 +07:00 [ERR] Failed to generate video for render "0d6c0fc6-b3df-4fb9-a141-0a9065a642db"
System.Exception: Script exited 0 but no valid [RESULT] path found in output.
   at AutoVeo.Infrastructure.BackgroundJobs.Veo3GenerationWorker.ProcessSingleRenderAsync(Guid renderId, CancellationToken ct) in /Users/macbook/Documents/Coding/AutoVeo/backend/src/AutoVeo.Infrastructure/BackgroundJobs/Workers.cs:line 285
2026-03-13 16:57:10.467 +07:00 [INF] Starting generation for render "0478c784-8cae-4bd5-8d98-abc9de57a267". Prompt: Create a 8s cinematic video featuring A spirited young monkey warrior in a vibrant anime style, wearing a red headband and carrying a golden bo staff.. Theme: A mystical ancient forest with towering trees, glowing flora, and dappled sunlight.. Scene: The monkey dodges a flurry of razor-sharp leaves thrown by a winged serpent monster, performing a fluid backflip over a patch of glowing blue flowers.. Optimized for TikTok vertical format.
2026-03-13 16:57:18.738 +07:00 [INF] HTTP GET /api/render/bdbb64a3-5a91-4642-87f3-71fcf9a3768a/status responded 200 in 8309.1487 ms
2026-03-13 16:57:18.739 +07:00 [INF] HTTP GET /api/render/7b164997-4bd9-45a6-a8d5-3c37dd806699/status responded 200 in 8334.6642 ms
2026-03-13 16:57:18.738 +07:00 [INF] HTTP GET /api/render/730ab574-a1c2-4fbd-86b9-70610b61940f/status responded 200 in 8296.5584 ms
2026-03-13 16:57:18.738 +07:00 [INF] HTTP GET /api/render/0478c784-8cae-4bd5-8d98-abc9de57a267/status responded 200 in 8309.2443 ms
2026-03-13 16:57:18.739 +07:00 [INF] HTTP GET /api/render/9ac2187f-1382-4a0d-9fa2-2fe77cbc8806/status responded 200 in 8308.6164 ms
2026-03-13 16:57:18.756 +07:00 [INF] HTTP GET /api/render/bdbb64a3-5a91-4642-87f3-71fcf9a3768a/status responded 200 in 4.4045 ms
2026-03-13 16:57:18.760 +07:00 [INF] HTTP GET /api/render/9ac2187f-1382-4a0d-9fa2-2fe77cbc8806/status responded 200 in 4.5843 ms
2026-03-13 16:57:18.760 +07:00 [INF] HTTP GET /api/render/bdbb64a3-5a91-4642-87f3-71fcf9a3768a/status responded 200 in 0.5420 ms
2026-03-13 16:57:18.764 +07:00 [INF] HTTP GET /api/render/0d6c0fc6-b3df-4fb9-a141-0a9065a642db/status responded 200 in 5300.2431 ms
2026-03-13 16:57:18.765 +07:00 [INF] HTTP GET /api/render/9ac2187f-1382-4a0d-9fa2-2fe77cbc8806/status responded 200 in 1.8548 ms
2026-03-13 16:57:18.767 +07:00 [INF] HTTP GET /api/render/0478c784-8cae-4bd5-8d98-abc9de57a267/status responded 200 in 11.8990 ms
2026-03-13 16:57:18.767 +07:00 [INF] HTTP GET /api/render/7b164997-4bd9-45a6-a8d5-3c37dd806699/status responded 200 in 15.7894 ms
2026-03-13 16:57:18.767 +07:00 [INF] HTTP GET /api/render/730ab574-a1c2-4fbd-86b9-70610b61940f/status responded 200 in 11.8802 ms
2026-03-13 16:57:18.770 +07:00 [INF] HTTP GET /api/render/7b164997-4bd9-45a6-a8d5-3c37dd806699/status responded 200 in 0.9328 ms
2026-03-13 16:57:18.770 +07:00 [INF] HTTP GET /api/render/730ab574-a1c2-4fbd-86b9-70610b61940f/status responded 200 in 0.9057 ms
2026-03-13 16:57:18.770 +07:00 [INF] HTTP GET /api/render/0d6c0fc6-b3df-4fb9-a141-0a9065a642db/status responded 200 in 2.9683 ms
2026-03-13 16:57:18.772 +07:00 [INF] HTTP GET /api/render/0478c784-8cae-4bd5-8d98-abc9de57a267/status responded 200 in 2.4577 ms
2026-03-13 16:57:19.407 +07:00 [INF] HTTP GET /api/render/7b164997-4bd9-45a6-a8d5-3c37dd806699/status responded 200 in 1.1435 ms
2026-03-13 16:57:19.418 +07:00 [INF] HTTP GET /api/render/bdbb64a3-5a91-4642-87f3-71fcf9a3768a/status responded 200 in 2.1964 ms
2026-03-13 16:57:19.423 +07:00 [INF] HTTP GET /api/render/0478c784-8cae-4bd5-8d98-abc9de57a267/status responded 200 in 1.3650 ms
2026-03-13 16:57:19.433 +07:00 [INF] HTTP GET /api/render/9ac2187f-1382-4a0d-9fa2-2fe77cbc8806/status responded 200 in 1.0660 ms
2026-03-13 16:57:19.441 +07:00 [INF] HTTP GET /api/render/730ab574-a1c2-4fbd-86b9-70610b61940f/status responded 200 in 1.2718 ms
2026-03-13 16:57:22.405 +07:00 [INF] HTTP GET /api/render/7b164997-4bd9-45a6-a8d5-3c37dd806699/status responded 200 in 0.9018 ms
2026-03-13 16:57:22.415 +07:00 [INF] HTTP GET /api/render/bdbb64a3-5a91-4642-87f3-71fcf9a3768a/status responded 200 in 1.0049 ms
2026-03-13 16:57:22.425 +07:00 [INF] HTTP GET /api/render/0478c784-8cae-4bd5-8d98-abc9de57a267/status responded 200 in 1.6490 ms
2026-03-13 16:57:22.432 +07:00 [INF] HTTP GET /api/render/9ac2187f-1382-4a0d-9fa2-2fe77cbc8806/status responded 200 in 0.9333 ms
2026-03-13 16:57:22.441 +07:00 [INF] HTTP GET /api/render/730ab574-a1c2-4fbd-86b9-70610b61940f/status responded 200 in 0.7825 ms
2026-03-13 16:57:25.460 +07:00 [INF] HTTP GET /api/render/0478c784-8cae-4bd5-8d98-abc9de57a267/status responded 200 in 17.8918 ms
2026-03-13 16:57:25.460 +07:00 [INF] HTTP GET /api/render/7b164997-4bd9-45a6-a8d5-3c37dd806699/status responded 200 in 18.0548 ms
2026-03-13 16:57:25.460 +07:00 [INF] HTTP GET /api/render/bdbb64a3-5a91-4642-87f3-71fcf9a3768a/status responded 200 in 18.5492 ms
2026-03-13 16:57:25.460 +07:00 [INF] HTTP GET /api/render/730ab574-a1c2-4fbd-86b9-70610b61940f/status responded 200 in 16.1167 ms
2026-03-13 16:57:25.460 +07:00 [INF] HTTP GET /api/render/9ac2187f-1382-4a0d-9fa2-2fe77cbc8806/status responded 200 in 18.6245 ms
2026-03-13 16:57:28.405 +07:00 [INF] HTTP GET /api/render/7b164997-4bd9-45a6-a8d5-3c37dd806699/status responded 200 in 0.7950 ms
2026-03-13 16:57:28.414 +07:00 [INF] HTTP GET /api/render/bdbb64a3-5a91-4642-87f3-71fcf9a3768a/status responded 200 in 0.7169 ms
2026-03-13 16:57:28.423 +07:00 [INF] HTTP GET /api/render/0478c784-8cae-4bd5-8d98-abc9de57a267/status responded 200 in 1.8290 ms
2026-03-13 16:57:28.432 +07:00 [INF] HTTP GET /api/render/9ac2187f-1382-4a0d-9fa2-2fe77cbc8806/status responded 200 in 0.7999 ms
2026-03-13 16:57:28.444 +07:00 [INF] HTTP GET /api/render/730ab574-a1c2-4fbd-86b9-70610b61940f/status responded 200 in 2.0723 ms
2026-03-13 16:57:31.408 +07:00 [INF] HTTP GET /api/render/7b164997-4bd9-45a6-a8d5-3c37dd806699/status responded 200 in 1.2145 ms
2026-03-13 16:57:31.414 +07:00 [INF] HTTP GET /api/render/bdbb64a3-5a91-4642-87f3-71fcf9a3768a/status responded 200 in 0.9454 ms
2026-03-13 16:57:31.422 +07:00 [INF] HTTP GET /api/render/0478c784-8cae-4bd5-8d98-abc9de57a267/status responded 200 in 0.7674 ms
2026-03-13 16:57:31.431 +07:00 [INF] HTTP GET /api/render/9ac2187f-1382-4a0d-9fa2-2fe77cbc8806/status responded 200 in 0.9673 ms
2026-03-13 16:57:31.443 +07:00 [INF] HTTP GET /api/render/730ab574-a1c2-4fbd-86b9-70610b61940f/status responded 200 in 1.1640 ms
2026-03-13 16:57:34.408 +07:00 [INF] HTTP GET /api/render/7b164997-4bd9-45a6-a8d5-3c37dd806699/status responded 200 in 3.3665 ms
2026-03-13 16:57:34.413 +07:00 [INF] HTTP GET /api/render/bdbb64a3-5a91-4642-87f3-71fcf9a3768a/status responded 200 in 0.6592 ms
2026-03-13 16:57:34.421 +07:00 [INF] HTTP GET /api/render/0478c784-8cae-4bd5-8d98-abc9de57a267/status responded 200 in 0.7892 ms
2026-03-13 16:57:34.431 +07:00 [INF] HTTP GET /api/render/9ac2187f-1382-4a0d-9fa2-2fe77cbc8806/status responded 200 in 0.9427 ms
2026-03-13 16:57:34.441 +07:00 [INF] HTTP GET /api/render/730ab574-a1c2-4fbd-86b9-70610b61940f/status responded 200 in 1.4194 ms
2026-03-13 16:57:37.405 +07:00 [INF] HTTP GET /api/render/7b164997-4bd9-45a6-a8d5-3c37dd806699/status responded 200 in 0.8165 ms
2026-03-13 16:57:37.415 +07:00 [INF] HTTP GET /api/render/bdbb64a3-5a91-4642-87f3-71fcf9a3768a/status responded 200 in 0.7368 ms
2026-03-13 16:57:37.422 +07:00 [INF] HTTP GET /api/render/0478c784-8cae-4bd5-8d98-abc9de57a267/status responded 200 in 1.4345 ms
2026-03-13 16:57:37.431 +07:00 [INF] HTTP GET /api/render/9ac2187f-1382-4a0d-9fa2-2fe77cbc8806/status responded 200 in 0.8170 ms
2026-03-13 16:57:37.439 +07:00 [INF] HTTP GET /api/render/730ab574-a1c2-4fbd-86b9-70610b61940f/status responded 200 in 1.3643 ms
2026-03-13 16:57:40.403 +07:00 [INF] HTTP GET /api/render/7b164997-4bd9-45a6-a8d5-3c37dd806699/status responded 200 in 0.8745 ms
2026-03-13 16:57:40.414 +07:00 [INF] HTTP GET /api/render/bdbb64a3-5a91-4642-87f3-71fcf9a3768a/status responded 200 in 0.7678 ms
2026-03-13 16:57:40.420 +07:00 [INF] HTTP GET /api/render/0478c784-8cae-4bd5-8d98-abc9de57a267/status responded 200 in 0.6937 ms
2026-03-13 16:57:40.431 +07:00 [INF] HTTP GET /api/render/9ac2187f-1382-4a0d-9fa2-2fe77cbc8806/status responded 200 in 0.8247 ms
2026-03-13 16:57:40.440 +07:00 [INF] HTTP GET /api/render/730ab574-a1c2-4fbd-86b9-70610b61940f/status responded 200 in 1.6970 ms
2026-03-13 16:57:43.407 +07:00 [INF] HTTP GET /api/render/7b164997-4bd9-45a6-a8d5-3c37dd806699/status responded 200 in 2.3326 ms
2026-03-13 16:57:43.414 +07:00 [INF] HTTP GET /api/render/bdbb64a3-5a91-4642-87f3-71fcf9a3768a/status responded 200 in 0.7828 ms
2026-03-13 16:57:43.421 +07:00 [INF] HTTP GET /api/render/0478c784-8cae-4bd5-8d98-abc9de57a267/status responded 200 in 0.8644 ms
2026-03-13 16:57:43.431 +07:00 [INF] HTTP GET /api/render/9ac2187f-1382-4a0d-9fa2-2fe77cbc8806/status responded 200 in 0.8668 ms
2026-03-13 16:57:43.441 +07:00 [INF] HTTP GET /api/render/730ab574-a1c2-4fbd-86b9-70610b61940f/status responded 200 in 1.3158 ms
2026-03-13 16:57:46.403 +07:00 [INF] HTTP GET /api/render/7b164997-4bd9-45a6-a8d5-3c37dd806699/status responded 200 in 1.0425 ms
2026-03-13 16:57:46.412 +07:00 [INF] HTTP GET /api/render/bdbb64a3-5a91-4642-87f3-71fcf9a3768a/status responded 200 in 0.7152 ms
2026-03-13 16:57:46.420 +07:00 [INF] HTTP GET /api/render/0478c784-8cae-4bd5-8d98-abc9de57a267/status responded 200 in 0.6350 ms
2026-03-13 16:57:46.429 +07:00 [INF] HTTP GET /api/render/9ac2187f-1382-4a0d-9fa2-2fe77cbc8806/status responded 200 in 0.9493 ms
2026-03-13 16:57:46.440 +07:00 [INF] HTTP GET /api/render/730ab574-a1c2-4fbd-86b9-70610b61940f/status responded 200 in 1.0467 ms
2026-03-13 16:57:49.406 +07:00 [INF] HTTP GET /api/render/7b164997-4bd9-45a6-a8d5-3c37dd806699/status responded 200 in 1.5234 ms
2026-03-13 16:57:49.413 +07:00 [INF] HTTP GET /api/render/bdbb64a3-5a91-4642-87f3-71fcf9a3768a/status responded 200 in 0.7940 ms
2026-03-13 16:57:49.420 +07:00 [INF] HTTP GET /api/render/0478c784-8cae-4bd5-8d98-abc9de57a267/status responded 200 in 0.7771 ms
2026-03-13 16:57:49.430 +07:00 [INF] HTTP GET /api/render/9ac2187f-1382-4a0d-9fa2-2fe77cbc8806/status responded 200 in 0.7721 ms
2026-03-13 16:57:49.440 +07:00 [INF] HTTP GET /api/render/730ab574-a1c2-4fbd-86b9-70610b61940f/status responded 200 in 1.9793 ms
2026-03-13 16:57:52.404 +07:00 [INF] HTTP GET /api/render/7b164997-4bd9-45a6-a8d5-3c37dd806699/status responded 200 in 0.9487 ms
2026-03-13 16:57:52.413 +07:00 [INF] HTTP GET /api/render/bdbb64a3-5a91-4642-87f3-71fcf9a3768a/status responded 200 in 0.8296 ms
2026-03-13 16:57:52.420 +07:00 [INF] HTTP GET /api/render/0478c784-8cae-4bd5-8d98-abc9de57a267/status responded 200 in 0.7292 ms
2026-03-13 16:57:52.430 +07:00 [INF] HTTP GET /api/render/9ac2187f-1382-4a0d-9fa2-2fe77cbc8806/status responded 200 in 0.7388 ms
2026-03-13 16:57:52.438 +07:00 [INF] HTTP GET /api/render/730ab574-a1c2-4fbd-86b9-70610b61940f/status responded 200 in 0.9156 ms
2026-03-13 16:57:55.409 +07:00 [INF] HTTP GET /api/render/7b164997-4bd9-45a6-a8d5-3c37dd806699/status responded 200 in 3.5460 ms
2026-03-13 16:57:55.460 +07:00 [INF] HTTP GET /api/render/bdbb64a3-5a91-4642-87f3-71fcf9a3768a/status responded 200 in 1.3730 ms
2026-03-13 16:57:55.460 +07:00 [INF] HTTP GET /api/render/730ab574-a1c2-4fbd-86b9-70610b61940f/status responded 200 in 1.4648 ms
2026-03-13 16:57:55.460 +07:00 [INF] HTTP GET /api/render/9ac2187f-1382-4a0d-9fa2-2fe77cbc8806/status responded 200 in 1.9896 ms
2026-03-13 16:57:55.460 +07:00 [INF] HTTP GET /api/render/0478c784-8cae-4bd5-8d98-abc9de57a267/status responded 200 in 2.0105 ms
2026-03-13 16:57:58.404 +07:00 [INF] HTTP GET /api/render/7b164997-4bd9-45a6-a8d5-3c37dd806699/status responded 200 in 0.7471 ms
2026-03-13 16:57:58.413 +07:00 [INF] HTTP GET /api/render/bdbb64a3-5a91-4642-87f3-71fcf9a3768a/status responded 200 in 0.9208 ms
2026-03-13 16:57:58.420 +07:00 [INF] HTTP GET /api/render/0478c784-8cae-4bd5-8d98-abc9de57a267/status responded 200 in 0.7740 ms
2026-03-13 16:57:58.441 +07:00 [INF] HTTP GET /api/render/9ac2187f-1382-4a0d-9fa2-2fe77cbc8806/status responded 200 in 1.2643 ms
2026-03-13 16:57:58.441 +07:00 [INF] HTTP GET /api/render/730ab574-a1c2-4fbd-86b9-70610b61940f/status responded 200 in 1.2374 ms
2026-03-13 16:58:01.407 +07:00 [INF] HTTP GET /api/render/7b164997-4bd9-45a6-a8d5-3c37dd806699/status responded 200 in 3.1848 ms
2026-03-13 16:58:01.413 +07:00 [INF] HTTP GET /api/render/bdbb64a3-5a91-4642-87f3-71fcf9a3768a/status responded 200 in 1.1672 ms
2026-03-13 16:58:01.423 +07:00 [INF] HTTP GET /api/render/0478c784-8cae-4bd5-8d98-abc9de57a267/status responded 200 in 2.6758 ms
2026-03-13 16:58:01.430 +07:00 [INF] HTTP GET /api/render/9ac2187f-1382-4a0d-9fa2-2fe77cbc8806/status responded 200 in 1.1169 ms
2026-03-13 16:58:01.441 +07:00 [INF] HTTP GET /api/render/730ab574-a1c2-4fbd-86b9-70610b61940f/status responded 200 in 1.4576 ms
2026-03-13 16:58:04.403 +07:00 [INF] HTTP GET /api/render/7b164997-4bd9-45a6-a8d5-3c37dd806699/status responded 200 in 1.2632 ms
2026-03-13 16:58:04.413 +07:00 [INF] HTTP GET /api/render/bdbb64a3-5a91-4642-87f3-71fcf9a3768a/status responded 200 in 0.9953 ms
2026-03-13 16:58:04.420 +07:00 [INF] HTTP GET /api/render/0478c784-8cae-4bd5-8d98-abc9de57a267/status responded 200 in 0.9830 ms
2026-03-13 16:58:04.429 +07:00 [INF] HTTP GET /api/render/9ac2187f-1382-4a0d-9fa2-2fe77cbc8806/status responded 200 in 0.8760 ms
2026-03-13 16:58:04.440 +07:00 [INF] HTTP GET /api/render/730ab574-a1c2-4fbd-86b9-70610b61940f/status responded 200 in 1.8110 ms
2026-03-13 16:58:07.403 +07:00 [INF] HTTP GET /api/render/7b164997-4bd9-45a6-a8d5-3c37dd806699/status responded 200 in 1.0320 ms
2026-03-13 16:58:07.412 +07:00 [INF] HTTP GET /api/render/bdbb64a3-5a91-4642-87f3-71fcf9a3768a/status responded 200 in 0.9490 ms
2026-03-13 16:58:07.421 +07:00 [INF] HTTP GET /api/render/0478c784-8cae-4bd5-8d98-abc9de57a267/status responded 200 in 1.2452 ms
2026-03-13 16:58:18.721 +07:00 [INF] HTTP GET /api/render/730ab574-a1c2-4fbd-86b9-70610b61940f/status responded 200 in 11283.4343 ms
2026-03-13 16:58:18.724 +07:00 [INF] HTTP GET /api/render/7b164997-4bd9-45a6-a8d5-3c37dd806699/status responded 200 in 8323.1081 ms
2026-03-13 16:58:18.724 +07:00 [INF] HTTP GET /api/render/0478c784-8cae-4bd5-8d98-abc9de57a267/status responded 200 in 8306.2886 ms
2026-03-13 16:58:18.727 +07:00 [INF] HTTP GET /api/render/9ac2187f-1382-4a0d-9fa2-2fe77cbc8806/status responded 200 in 11298.4556 ms
2026-03-13 16:58:18.727 +07:00 [INF] HTTP GET /api/render/bdbb64a3-5a91-4642-87f3-71fcf9a3768a/status responded 200 in 8316.5278 ms
2026-03-13 16:58:18.732 +07:00 [INF] HTTP GET /api/render/bdbb64a3-5a91-4642-87f3-71fcf9a3768a/status responded 200 in 1.3042 ms
2026-03-13 16:58:18.733 +07:00 [INF] HTTP GET /api/render/0478c784-8cae-4bd5-8d98-abc9de57a267/status responded 200 in 6.3173 ms
2026-03-13 16:58:18.736 +07:00 [INF] HTTP GET /api/render/730ab574-a1c2-4fbd-86b9-70610b61940f/status responded 200 in 8.4430 ms
2026-03-13 16:58:18.739 +07:00 [INF] HTTP GET /api/render/7b164997-4bd9-45a6-a8d5-3c37dd806699/status responded 200 in 7.7238 ms
2026-03-13 16:58:18.791 +07:00 [INF] HTTP GET /api/render/bdbb64a3-5a91-4642-87f3-71fcf9a3768a/status responded 200 in 52.2295 ms
2026-03-13 16:58:18.791 +07:00 [INF] HTTP GET /api/render/9ac2187f-1382-4a0d-9fa2-2fe77cbc8806/status responded 200 in 59.6780 ms
2026-03-13 16:58:18.791 +07:00 [INF] HTTP GET /api/render/0478c784-8cae-4bd5-8d98-abc9de57a267/status responded 200 in 52.3549 ms
2026-03-13 16:58:18.795 +07:00 [INF] HTTP GET /api/render/9ac2187f-1382-4a0d-9fa2-2fe77cbc8806/status responded 200 in 1.1239 ms
2026-03-13 16:58:18.795 +07:00 [INF] HTTP GET /api/render/730ab574-a1c2-4fbd-86b9-70610b61940f/status responded 200 in 54.0480 ms
2026-03-13 16:58:18.795 +07:00 [INF] HTTP GET /api/render/7b164997-4bd9-45a6-a8d5-3c37dd806699/status responded 200 in 53.5945 ms
2026-03-13 16:58:18.798 +07:00 [INF] HTTP GET /api/render/9ac2187f-1382-4a0d-9fa2-2fe77cbc8806/status responded 200 in 1.1549 ms
2026-03-13 16:58:18.798 +07:00 [INF] HTTP GET /api/render/730ab574-a1c2-4fbd-86b9-70610b61940f/status responded 200 in 1.2078 ms
2026-03-13 16:58:19.406 +07:00 [INF] HTTP GET /api/render/7b164997-4bd9-45a6-a8d5-3c37dd806699/status responded 200 in 1.5692 ms
2026-03-13 16:58:19.412 +07:00 [INF] HTTP GET /api/render/bdbb64a3-5a91-4642-87f3-71fcf9a3768a/status responded 200 in 1.1080 ms
2026-03-13 16:58:19.421 +07:00 [INF] HTTP GET /api/render/0478c784-8cae-4bd5-8d98-abc9de57a267/status responded 200 in 2.4818 ms
2026-03-13 16:58:19.430 +07:00 [INF] HTTP GET /api/render/9ac2187f-1382-4a0d-9fa2-2fe77cbc8806/status responded 200 in 1.0548 ms
2026-03-13 16:58:19.439 +07:00 [INF] HTTP GET /api/render/730ab574-a1c2-4fbd-86b9-70610b61940f/status responded 200 in 2.1586 ms
2026-03-13 16:58:22.405 +07:00 [INF] HTTP GET /api/render/7b164997-4bd9-45a6-a8d5-3c37dd806699/status responded 200 in 3.0162 ms
2026-03-13 16:58:22.410 +07:00 [INF] HTTP GET /api/render/bdbb64a3-5a91-4642-87f3-71fcf9a3768a/status responded 200 in 0.6689 ms
2026-03-13 16:58:22.418 +07:00 [INF] HTTP GET /api/render/0478c784-8cae-4bd5-8d98-abc9de57a267/status responded 200 in 0.7792 ms
2026-03-13 16:58:22.429 +07:00 [INF] HTTP GET /api/render/9ac2187f-1382-4a0d-9fa2-2fe77cbc8806/status responded 200 in 1.1430 ms
2026-03-13 16:58:22.436 +07:00 [INF] HTTP GET /api/render/730ab574-a1c2-4fbd-86b9-70610b61940f/status responded 200 in 0.8877 ms
2026-03-13 16:58:25.403 +07:00 [INF] HTTP GET /api/render/7b164997-4bd9-45a6-a8d5-3c37dd806699/status responded 200 in 1.0400 ms
2026-03-13 16:58:25.413 +07:00 [INF] HTTP GET /api/render/bdbb64a3-5a91-4642-87f3-71fcf9a3768a/status responded 200 in 1.1722 ms
2026-03-13 16:58:25.419 +07:00 [INF] HTTP GET /api/render/0478c784-8cae-4bd5-8d98-abc9de57a267/status responded 200 in 1.1203 ms
2026-03-13 16:58:25.429 +07:00 [INF] HTTP GET /api/render/9ac2187f-1382-4a0d-9fa2-2fe77cbc8806/status responded 200 in 1.1166 ms
2026-03-13 16:58:25.440 +07:00 [INF] HTTP GET /api/render/730ab574-a1c2-4fbd-86b9-70610b61940f/status responded 200 in 2.2715 ms
2026-03-13 16:58:28.403 +07:00 [INF] HTTP GET /api/render/7b164997-4bd9-45a6-a8d5-3c37dd806699/status responded 200 in 1.7490 ms
2026-03-13 16:58:28.412 +07:00 [INF] HTTP GET /api/render/bdbb64a3-5a91-4642-87f3-71fcf9a3768a/status responded 200 in 1.7451 ms
2026-03-13 16:58:28.419 +07:00 [INF] HTTP GET /api/render/0478c784-8cae-4bd5-8d98-abc9de57a267/status responded 200 in 1.1422 ms
2026-03-13 16:58:28.429 +07:00 [INF] HTTP GET /api/render/9ac2187f-1382-4a0d-9fa2-2fe77cbc8806/status responded 200 in 1.1295 ms
2026-03-13 16:58:28.439 +07:00 [INF] HTTP GET /api/render/730ab574-a1c2-4fbd-86b9-70610b61940f/status responded 200 in 1.8545 ms
2026-03-13 16:58:31.403 +07:00 [INF] HTTP GET /api/render/7b164997-4bd9-45a6-a8d5-3c37dd806699/status responded 200 in 1.6787 ms
2026-03-13 16:58:31.411 +07:00 [INF] HTTP GET /api/render/bdbb64a3-5a91-4642-87f3-71fcf9a3768a/status responded 200 in 1.0126 ms
2026-03-13 16:58:31.419 +07:00 [INF] HTTP GET /api/render/0478c784-8cae-4bd5-8d98-abc9de57a267/status responded 200 in 0.8188 ms
2026-03-13 16:58:31.429 +07:00 [INF] HTTP GET /api/render/9ac2187f-1382-4a0d-9fa2-2fe77cbc8806/status responded 200 in 0.8726 ms
2026-03-13 16:58:31.438 +07:00 [INF] HTTP GET /api/render/730ab574-a1c2-4fbd-86b9-70610b61940f/status responded 200 in 1.9413 ms
2026-03-13 16:58:34.402 +07:00 [INF] HTTP GET /api/render/7b164997-4bd9-45a6-a8d5-3c37dd806699/status responded 200 in 1.2950 ms
2026-03-13 16:58:34.410 +07:00 [INF] HTTP GET /api/render/bdbb64a3-5a91-4642-87f3-71fcf9a3768a/status responded 200 in 1.2142 ms
2026-03-13 16:58:34.418 +07:00 [INF] HTTP GET /api/render/0478c784-8cae-4bd5-8d98-abc9de57a267/status responded 200 in 1.0703 ms
2026-03-13 16:58:34.427 +07:00 [INF] HTTP GET /api/render/9ac2187f-1382-4a0d-9fa2-2fe77cbc8806/status responded 200 in 1.0788 ms
2026-03-13 16:58:34.437 +07:00 [INF] HTTP GET /api/render/730ab574-a1c2-4fbd-86b9-70610b61940f/status responded 200 in 1.9880 ms
2026-03-13 16:58:37.401 +07:00 [INF] HTTP GET /api/render/7b164997-4bd9-45a6-a8d5-3c37dd806699/status responded 200 in 1.1366 ms
2026-03-13 16:58:37.412 +07:00 [INF] HTTP GET /api/render/bdbb64a3-5a91-4642-87f3-71fcf9a3768a/status responded 200 in 1.2112 ms
2026-03-13 16:58:37.420 +07:00 [INF] HTTP GET /api/render/0478c784-8cae-4bd5-8d98-abc9de57a267/status responded 200 in 1.7552 ms
2026-03-13 16:58:37.428 +07:00 [INF] HTTP GET /api/render/9ac2187f-1382-4a0d-9fa2-2fe77cbc8806/status responded 200 in 1.2525 ms
2026-03-13 16:58:37.438 +07:00 [INF] HTTP GET /api/render/730ab574-a1c2-4fbd-86b9-70610b61940f/status responded 200 in 1.6512 ms
2026-03-13 16:58:40.401 +07:00 [INF] HTTP GET /api/render/7b164997-4bd9-45a6-a8d5-3c37dd806699/status responded 200 in 1.2983 ms
2026-03-13 16:58:40.411 +07:00 [INF] HTTP GET /api/render/bdbb64a3-5a91-4642-87f3-71fcf9a3768a/status responded 200 in 1.2595 ms
2026-03-13 16:58:40.418 +07:00 [INF] HTTP GET /api/render/0478c784-8cae-4bd5-8d98-abc9de57a267/status responded 200 in 1.1831 ms
2026-03-13 16:58:40.427 +07:00 [INF] HTTP GET /api/render/9ac2187f-1382-4a0d-9fa2-2fe77cbc8806/status responded 200 in 1.0366 ms
2026-03-13 16:58:40.435 +07:00 [INF] HTTP GET /api/render/730ab574-a1c2-4fbd-86b9-70610b61940f/status responded 200 in 1.0166 ms
2026-03-13 16:58:43.403 +07:00 [INF] HTTP GET /api/render/7b164997-4bd9-45a6-a8d5-3c37dd806699/status responded 200 in 1.9837 ms
2026-03-13 16:58:43.411 +07:00 [INF] HTTP GET /api/render/bdbb64a3-5a91-4642-87f3-71fcf9a3768a/status responded 200 in 1.2708 ms
2026-03-13 16:58:43.420 +07:00 [INF] HTTP GET /api/render/0478c784-8cae-4bd5-8d98-abc9de57a267/status responded 200 in 2.1842 ms
2026-03-13 16:58:43.428 +07:00 [INF] HTTP GET /api/render/9ac2187f-1382-4a0d-9fa2-2fe77cbc8806/status responded 200 in 1.0590 ms
2026-03-13 16:58:43.437 +07:00 [INF] HTTP GET /api/render/730ab574-a1c2-4fbd-86b9-70610b61940f/status responded 200 in 1.6203 ms
2026-03-13 16:58:46.400 +07:00 [INF] HTTP GET /api/render/7b164997-4bd9-45a6-a8d5-3c37dd806699/status responded 200 in 0.6828 ms
2026-03-13 16:58:46.409 +07:00 [INF] HTTP GET /api/render/bdbb64a3-5a91-4642-87f3-71fcf9a3768a/status responded 200 in 0.6915 ms
2026-03-13 16:58:46.417 +07:00 [INF] HTTP GET /api/render/0478c784-8cae-4bd5-8d98-abc9de57a267/status responded 200 in 0.7130 ms
2026-03-13 16:58:46.426 +07:00 [INF] HTTP GET /api/render/9ac2187f-1382-4a0d-9fa2-2fe77cbc8806/status responded 200 in 0.7352 ms
2026-03-13 16:58:46.442 +07:00 [INF] HTTP GET /api/render/730ab574-a1c2-4fbd-86b9-70610b61940f/status responded 200 in 5.5330 ms
2026-03-13 16:58:49.404 +07:00 [INF] HTTP GET /api/render/7b164997-4bd9-45a6-a8d5-3c37dd806699/status responded 200 in 1.9437 ms
2026-03-13 16:58:49.411 +07:00 [INF] HTTP GET /api/render/bdbb64a3-5a91-4642-87f3-71fcf9a3768a/status responded 200 in 1.5078 ms
2026-03-13 16:58:49.420 +07:00 [INF] HTTP GET /api/render/0478c784-8cae-4bd5-8d98-abc9de57a267/status responded 200 in 2.1415 ms
2026-03-13 16:58:49.427 +07:00 [INF] HTTP GET /api/render/9ac2187f-1382-4a0d-9fa2-2fe77cbc8806/status responded 200 in 1.2233 ms
2026-03-13 16:58:49.437 +07:00 [INF] HTTP GET /api/render/730ab574-a1c2-4fbd-86b9-70610b61940f/status responded 200 in 2.1186 ms
2026-03-13 16:58:52.402 +07:00 [INF] HTTP GET /api/render/7b164997-4bd9-45a6-a8d5-3c37dd806699/status responded 200 in 1.3114 ms
2026-03-13 16:58:52.410 +07:00 [INF] HTTP GET /api/render/bdbb64a3-5a91-4642-87f3-71fcf9a3768a/status responded 200 in 1.3188 ms
2026-03-13 16:58:52.418 +07:00 [INF] HTTP GET /api/render/0478c784-8cae-4bd5-8d98-abc9de57a267/status responded 200 in 1.2431 ms
2026-03-13 16:58:52.427 +07:00 [INF] HTTP GET /api/render/9ac2187f-1382-4a0d-9fa2-2fe77cbc8806/status responded 200 in 1.1207 ms
2026-03-13 16:58:52.435 +07:00 [INF] HTTP GET /api/render/730ab574-a1c2-4fbd-86b9-70610b61940f/status responded 200 in 1.1369 ms
2026-03-13 16:58:55.403 +07:00 [INF] HTTP GET /api/render/7b164997-4bd9-45a6-a8d5-3c37dd806699/status responded 200 in 2.0014 ms
2026-03-13 16:58:55.411 +07:00 [INF] HTTP GET /api/render/bdbb64a3-5a91-4642-87f3-71fcf9a3768a/status responded 200 in 1.1133 ms
2026-03-13 16:58:55.418 +07:00 [INF] HTTP GET /api/render/0478c784-8cae-4bd5-8d98-abc9de57a267/status responded 200 in 1.0865 ms
2026-03-13 16:58:55.426 +07:00 [INF] HTTP GET /api/render/9ac2187f-1382-4a0d-9fa2-2fe77cbc8806/status responded 200 in 1.0508 ms
2026-03-13 16:58:55.437 +07:00 [INF] HTTP GET /api/render/730ab574-a1c2-4fbd-86b9-70610b61940f/status responded 200 in 2.0088 ms
2026-03-13 16:58:58.400 +07:00 [INF] HTTP GET /api/render/7b164997-4bd9-45a6-a8d5-3c37dd806699/status responded 200 in 1.1908 ms
2026-03-13 16:58:58.410 +07:00 [INF] HTTP GET /api/render/bdbb64a3-5a91-4642-87f3-71fcf9a3768a/status responded 200 in 1.1478 ms
2026-03-13 16:58:58.417 +07:00 [INF] HTTP GET /api/render/0478c784-8cae-4bd5-8d98-abc9de57a267/status responded 200 in 1.1237 ms
2026-03-13 16:58:58.426 +07:00 [INF] HTTP GET /api/render/9ac2187f-1382-4a0d-9fa2-2fe77cbc8806/status responded 200 in 0.9541 ms
2026-03-13 16:58:58.435 +07:00 [INF] HTTP GET /api/render/730ab574-a1c2-4fbd-86b9-70610b61940f/status responded 200 in 0.8742 ms
2026-03-13 16:59:01.400 +07:00 [INF] HTTP GET /api/render/7b164997-4bd9-45a6-a8d5-3c37dd806699/status responded 200 in 0.6563 ms
2026-03-13 16:59:01.409 +07:00 [INF] HTTP GET /api/render/bdbb64a3-5a91-4642-87f3-71fcf9a3768a/status responded 200 in 0.7215 ms
2026-03-13 16:59:01.416 +07:00 [INF] HTTP GET /api/render/0478c784-8cae-4bd5-8d98-abc9de57a267/status responded 200 in 0.8947 ms
2026-03-13 16:59:01.426 +07:00 [INF] HTTP GET /api/render/9ac2187f-1382-4a0d-9fa2-2fe77cbc8806/status responded 200 in 0.7572 ms
2026-03-13 16:59:01.434 +07:00 [INF] HTTP GET /api/render/730ab574-a1c2-4fbd-86b9-70610b61940f/status responded 200 in 0.7040 ms
2026-03-13 16:59:04.401 +07:00 [INF] HTTP GET /api/render/7b164997-4bd9-45a6-a8d5-3c37dd806699/status responded 200 in 1.2964 ms
2026-03-13 16:59:04.409 +07:00 [INF] HTTP GET /api/render/bdbb64a3-5a91-4642-87f3-71fcf9a3768a/status responded 200 in 1.2051 ms
2026-03-13 16:59:04.417 +07:00 [INF] HTTP GET /api/render/0478c784-8cae-4bd5-8d98-abc9de57a267/status responded 200 in 1.2173 ms
2026-03-13 16:59:04.426 +07:00 [INF] HTTP GET /api/render/9ac2187f-1382-4a0d-9fa2-2fe77cbc8806/status responded 200 in 1.1369 ms
2026-03-13 16:59:04.435 +07:00 [INF] HTTP GET /api/render/730ab574-a1c2-4fbd-86b9-70610b61940f/status responded 200 in 1.1240 ms
2026-03-13 16:59:07.404 +07:00 [INF] HTTP GET /api/render/7b164997-4bd9-45a6-a8d5-3c37dd806699/status responded 200 in 1.8936 ms
2026-03-13 16:59:07.410 +07:00 [INF] HTTP GET /api/render/bdbb64a3-5a91-4642-87f3-71fcf9a3768a/status responded 200 in 1.2605 ms
2026-03-13 16:59:07.419 +07:00 [INF] HTTP GET /api/render/0478c784-8cae-4bd5-8d98-abc9de57a267/status responded 200 in 2.1621 ms
2026-03-13 16:59:18.716 +07:00 [INF] HTTP GET /api/render/7b164997-4bd9-45a6-a8d5-3c37dd806699/status responded 200 in 8318.1018 ms
2026-03-13 16:59:18.716 +07:00 [INF] HTTP GET /api/render/0478c784-8cae-4bd5-8d98-abc9de57a267/status responded 200 in 8301.0100 ms
2026-03-13 16:59:18.716 +07:00 [INF] HTTP GET /api/render/730ab574-a1c2-4fbd-86b9-70610b61940f/status responded 200 in 11281.9990 ms
2026-03-13 16:59:18.716 +07:00 [INF] HTTP GET /api/render/9ac2187f-1382-4a0d-9fa2-2fe77cbc8806/status responded 200 in 11291.8622 ms
2026-03-13 16:59:18.717 +07:00 [INF] HTTP GET /api/render/bdbb64a3-5a91-4642-87f3-71fcf9a3768a/status responded 200 in 8309.9192 ms
2026-03-13 16:59:18.723 +07:00 [INF] HTTP GET /api/render/9ac2187f-1382-4a0d-9fa2-2fe77cbc8806/status responded 200 in 1.3436 ms
2026-03-13 16:59:18.723 +07:00 [INF] HTTP GET /api/render/730ab574-a1c2-4fbd-86b9-70610b61940f/status responded 200 in 1.8118 ms
2026-03-13 16:59:18.725 +07:00 [INF] HTTP GET /api/render/7b164997-4bd9-45a6-a8d5-3c37dd806699/status responded 200 in 1.3878 ms
2026-03-13 16:59:18.723 +07:00 [INF] HTTP GET /api/render/0478c784-8cae-4bd5-8d98-abc9de57a267/status responded 200 in 1.2098 ms
2026-03-13 16:59:18.730 +07:00 [INF] HTTP GET /api/render/bdbb64a3-5a91-4642-87f3-71fcf9a3768a/status responded 200 in 7.9929 ms
2026-03-13 16:59:18.734 +07:00 [INF] HTTP GET /api/render/0478c784-8cae-4bd5-8d98-abc9de57a267/status responded 200 in 3.9260 ms
2026-03-13 16:59:18.734 +07:00 [INF] HTTP GET /api/render/9ac2187f-1382-4a0d-9fa2-2fe77cbc8806/status responded 200 in 1.1993 ms
2026-03-13 16:59:18.734 +07:00 [INF] HTTP GET /api/render/730ab574-a1c2-4fbd-86b9-70610b61940f/status responded 200 in 2.5150 ms
2026-03-13 16:59:18.739 +07:00 [INF] HTTP GET /api/render/bdbb64a3-5a91-4642-87f3-71fcf9a3768a/status responded 200 in 5.6853 ms
2026-03-13 16:59:18.739 +07:00 [INF] HTTP GET /api/render/7b164997-4bd9-45a6-a8d5-3c37dd806699/status responded 200 in 0.6966 ms
2026-03-13 16:59:18.739 +07:00 [INF] HTTP GET /api/render/9ac2187f-1382-4a0d-9fa2-2fe77cbc8806/status responded 200 in 1.4700 ms
2026-03-13 16:59:18.739 +07:00 [INF] HTTP GET /api/render/730ab574-a1c2-4fbd-86b9-70610b61940f/status responded 200 in 1.2328 ms
2026-03-13 16:59:19.400 +07:00 [INF] HTTP GET /api/render/7b164997-4bd9-45a6-a8d5-3c37dd806699/status responded 200 in 1.3615 ms
2026-03-13 16:59:19.409 +07:00 [INF] HTTP GET /api/render/bdbb64a3-5a91-4642-87f3-71fcf9a3768a/status responded 200 in 1.3231 ms
2026-03-13 16:59:19.416 +07:00 [INF] HTTP GET /api/render/0478c784-8cae-4bd5-8d98-abc9de57a267/status responded 200 in 1.0823 ms
2026-03-13 16:59:19.426 +07:00 [INF] HTTP GET /api/render/9ac2187f-1382-4a0d-9fa2-2fe77cbc8806/status responded 200 in 1.1867 ms
2026-03-13 16:59:19.435 +07:00 [INF] HTTP GET /api/render/730ab574-a1c2-4fbd-86b9-70610b61940f/status responded 200 in 1.4855 ms
2026-03-13 16:59:22.400 +07:00 [INF] HTTP GET /api/render/7b164997-4bd9-45a6-a8d5-3c37dd806699/status responded 200 in 1.1967 ms
2026-03-13 16:59:22.408 +07:00 [INF] HTTP GET /api/render/bdbb64a3-5a91-4642-87f3-71fcf9a3768a/status responded 200 in 1.2048 ms
2026-03-13 16:59:22.415 +07:00 [INF] HTTP GET /api/render/0478c784-8cae-4bd5-8d98-abc9de57a267/status responded 200 in 0.9792 ms
2026-03-13 16:59:22.424 +07:00 [INF] HTTP GET /api/render/9ac2187f-1382-4a0d-9fa2-2fe77cbc8806/status responded 200 in 0.9395 ms
2026-03-13 16:59:22.433 +07:00 [INF] HTTP GET /api/render/730ab574-a1c2-4fbd-86b9-70610b61940f/status responded 200 in 0.9679 ms
2026-03-13 16:59:25.400 +07:00 [INF] HTTP GET /api/render/7b164997-4bd9-45a6-a8d5-3c37dd806699/status responded 200 in 1.5244 ms
2026-03-13 16:59:25.410 +07:00 [INF] HTTP GET /api/render/bdbb64a3-5a91-4642-87f3-71fcf9a3768a/status responded 200 in 2.2566 ms
2026-03-13 16:59:25.415 +07:00 [INF] HTTP GET /api/render/0478c784-8cae-4bd5-8d98-abc9de57a267/status responded 200 in 1.1264 ms
2026-03-13 16:59:25.426 +07:00 [INF] HTTP GET /api/render/9ac2187f-1382-4a0d-9fa2-2fe77cbc8806/status responded 200 in 1.2125 ms
2026-03-13 16:59:25.433 +07:00 [INF] HTTP GET /api/render/730ab574-a1c2-4fbd-86b9-70610b61940f/status responded 200 in 0.9660 ms
2026-03-13 16:59:28.399 +07:00 [INF] HTTP GET /api/render/7b164997-4bd9-45a6-a8d5-3c37dd806699/status responded 200 in 1.2743 ms
2026-03-13 16:59:28.408 +07:00 [INF] HTTP GET /api/render/bdbb64a3-5a91-4642-87f3-71fcf9a3768a/status responded 200 in 1.2185 ms
2026-03-13 16:59:28.416 +07:00 [INF] HTTP GET /api/render/0478c784-8cae-4bd5-8d98-abc9de57a267/status responded 200 in 1.6633 ms
2026-03-13 16:59:28.425 +07:00 [INF] HTTP GET /api/render/9ac2187f-1382-4a0d-9fa2-2fe77cbc8806/status responded 200 in 1.5500 ms
2026-03-13 16:59:28.433 +07:00 [INF] HTTP GET /api/render/730ab574-a1c2-4fbd-86b9-70610b61940f/status responded 200 in 0.9720 ms
2026-03-13 16:59:31.400 +07:00 [INF] HTTP GET /api/render/7b164997-4bd9-45a6-a8d5-3c37dd806699/status responded 200 in 1.5110 ms
2026-03-13 16:59:31.408 +07:00 [INF] HTTP GET /api/render/bdbb64a3-5a91-4642-87f3-71fcf9a3768a/status responded 200 in 1.3475 ms
2026-03-13 16:59:31.417 +07:00 [INF] HTTP GET /api/render/0478c784-8cae-4bd5-8d98-abc9de57a267/status responded 200 in 1.3486 ms
2026-03-13 16:59:31.425 +07:00 [INF] HTTP GET /api/render/9ac2187f-1382-4a0d-9fa2-2fe77cbc8806/status responded 200 in 1.7132 ms
2026-03-13 16:59:31.433 +07:00 [INF] HTTP GET /api/render/730ab574-a1c2-4fbd-86b9-70610b61940f/status responded 200 in 1.0548 ms
2026-03-13 16:59:34.400 +07:00 [INF] HTTP GET /api/render/7b164997-4bd9-45a6-a8d5-3c37dd806699/status responded 200 in 1.6248 ms
2026-03-13 16:59:34.407 +07:00 [INF] HTTP GET /api/render/bdbb64a3-5a91-4642-87f3-71fcf9a3768a/status responded 200 in 1.2293 ms
2026-03-13 16:59:34.415 +07:00 [INF] HTTP GET /api/render/0478c784-8cae-4bd5-8d98-abc9de57a267/status responded 200 in 1.3367 ms
2026-03-13 16:59:34.424 +07:00 [INF] HTTP GET /api/render/9ac2187f-1382-4a0d-9fa2-2fe77cbc8806/status responded 200 in 1.2921 ms
2026-03-13 16:59:34.433 +07:00 [INF] HTTP GET /api/render/730ab574-a1c2-4fbd-86b9-70610b61940f/status responded 200 in 1.0968 ms
2026-03-13 16:59:37.399 +07:00 [INF] HTTP GET /api/render/7b164997-4bd9-45a6-a8d5-3c37dd806699/status responded 200 in 1.5852 ms
2026-03-13 16:59:37.407 +07:00 [INF] HTTP GET /api/render/bdbb64a3-5a91-4642-87f3-71fcf9a3768a/status responded 200 in 0.7516 ms
2026-03-13 16:59:37.415 +07:00 [INF] HTTP GET /api/render/0478c784-8cae-4bd5-8d98-abc9de57a267/status responded 200 in 1.2190 ms
2026-03-13 16:59:37.424 +07:00 [INF] HTTP GET /api/render/9ac2187f-1382-4a0d-9fa2-2fe77cbc8806/status responded 200 in 1.1175 ms
2026-03-13 16:59:37.443 +07:00 [INF] HTTP GET /api/render/730ab574-a1c2-4fbd-86b9-70610b61940f/status responded 200 in 0.9922 ms
2026-03-13 16:59:40.400 +07:00 [INF] HTTP GET /api/render/7b164997-4bd9-45a6-a8d5-3c37dd806699/status responded 200 in 1.6391 ms
2026-03-13 16:59:40.407 +07:00 [INF] HTTP GET /api/render/bdbb64a3-5a91-4642-87f3-71fcf9a3768a/status responded 200 in 1.1661 ms
2026-03-13 16:59:40.414 +07:00 [INF] HTTP GET /api/render/0478c784-8cae-4bd5-8d98-abc9de57a267/status responded 200 in 1.1045 ms
2026-03-13 16:59:40.424 +07:00 [INF] HTTP GET /api/render/9ac2187f-1382-4a0d-9fa2-2fe77cbc8806/status responded 200 in 1.1590 ms
2026-03-13 16:59:40.433 +07:00 [INF] HTTP GET /api/render/730ab574-a1c2-4fbd-86b9-70610b61940f/status responded 200 in 1.6772 ms
2026-03-13 16:59:43.403 +07:00 [INF] HTTP GET /api/render/7b164997-4bd9-45a6-a8d5-3c37dd806699/status responded 200 in 1.5235 ms
2026-03-13 16:59:43.409 +07:00 [INF] HTTP GET /api/render/bdbb64a3-5a91-4642-87f3-71fcf9a3768a/status responded 200 in 1.6718 ms
2026-03-13 16:59:43.414 +07:00 [INF] HTTP GET /api/render/0478c784-8cae-4bd5-8d98-abc9de57a267/status responded 200 in 0.8748 ms
2026-03-13 16:59:43.424 +07:00 [INF] HTTP GET /api/render/9ac2187f-1382-4a0d-9fa2-2fe77cbc8806/status responded 200 in 0.9667 ms
2026-03-13 16:59:43.433 +07:00 [INF] HTTP GET /api/render/730ab574-a1c2-4fbd-86b9-70610b61940f/status responded 200 in 1.5298 ms
2026-03-13 16:59:46.399 +07:00 [INF] HTTP GET /api/render/7b164997-4bd9-45a6-a8d5-3c37dd806699/status responded 200 in 1.4768 ms
2026-03-13 16:59:46.406 +07:00 [INF] HTTP GET /api/render/bdbb64a3-5a91-4642-87f3-71fcf9a3768a/status responded 200 in 1.1563 ms
2026-03-13 16:59:46.415 +07:00 [INF] HTTP GET /api/render/0478c784-8cae-4bd5-8d98-abc9de57a267/status responded 200 in 1.2434 ms
2026-03-13 16:59:46.423 +07:00 [INF] HTTP GET /api/render/9ac2187f-1382-4a0d-9fa2-2fe77cbc8806/status responded 200 in 1.0499 ms
2026-03-13 16:59:46.432 +07:00 [INF] HTTP GET /api/render/730ab574-a1c2-4fbd-86b9-70610b61940f/status responded 200 in 1.0305 ms
2026-03-13 16:59:49.400 +07:00 [INF] HTTP GET /api/render/7b164997-4bd9-45a6-a8d5-3c37dd806699/status responded 200 in 1.5140 ms
2026-03-13 16:59:49.407 +07:00 [INF] HTTP GET /api/render/bdbb64a3-5a91-4642-87f3-71fcf9a3768a/status responded 200 in 1.2344 ms
2026-03-13 16:59:49.415 +07:00 [INF] HTTP GET /api/render/0478c784-8cae-4bd5-8d98-abc9de57a267/status responded 200 in 1.4104 ms
2026-03-13 16:59:49.424 +07:00 [INF] HTTP GET /api/render/9ac2187f-1382-4a0d-9fa2-2fe77cbc8806/status responded 200 in 1.1032 ms
2026-03-13 16:59:49.432 +07:00 [INF] HTTP GET /api/render/730ab574-a1c2-4fbd-86b9-70610b61940f/status responded 200 in 1.1953 ms
2026-03-13 16:59:52.396 +07:00 [INF] HTTP GET /api/render/7b164997-4bd9-45a6-a8d5-3c37dd806699/status responded 200 in 0.8089 ms
2026-03-13 16:59:52.405 +07:00 [INF] HTTP GET /api/render/bdbb64a3-5a91-4642-87f3-71fcf9a3768a/status responded 200 in 0.8113 ms
2026-03-13 16:59:52.413 +07:00 [INF] HTTP GET /api/render/0478c784-8cae-4bd5-8d98-abc9de57a267/status responded 200 in 0.7498 ms
2026-03-13 16:59:52.422 +07:00 [INF] HTTP GET /api/render/9ac2187f-1382-4a0d-9fa2-2fe77cbc8806/status responded 200 in 0.7355 ms
2026-03-13 16:59:52.431 +07:00 [INF] HTTP GET /api/render/730ab574-a1c2-4fbd-86b9-70610b61940f/status responded 200 in 0.7655 ms
2026-03-13 16:59:55.399 +07:00 [INF] HTTP GET /api/render/7b164997-4bd9-45a6-a8d5-3c37dd806699/status responded 200 in 1.5181 ms
2026-03-13 16:59:55.408 +07:00 [INF] HTTP GET /api/render/bdbb64a3-5a91-4642-87f3-71fcf9a3768a/status responded 200 in 1.7606 ms
2026-03-13 16:59:55.414 +07:00 [INF] HTTP GET /api/render/0478c784-8cae-4bd5-8d98-abc9de57a267/status responded 200 in 1.1817 ms
2026-03-13 16:59:55.423 +07:00 [INF] HTTP GET /api/render/9ac2187f-1382-4a0d-9fa2-2fe77cbc8806/status responded 200 in 1.2349 ms
2026-03-13 16:59:55.432 +07:00 [INF] HTTP GET /api/render/730ab574-a1c2-4fbd-86b9-70610b61940f/status responded 200 in 1.2464 ms
2026-03-13 16:59:58.398 +07:00 [INF] HTTP GET /api/render/7b164997-4bd9-45a6-a8d5-3c37dd806699/status responded 200 in 1.7074 ms
2026-03-13 16:59:58.406 +07:00 [INF] HTTP GET /api/render/bdbb64a3-5a91-4642-87f3-71fcf9a3768a/status responded 200 in 1.1718 ms
2026-03-13 16:59:58.413 +07:00 [INF] HTTP GET /api/render/0478c784-8cae-4bd5-8d98-abc9de57a267/status responded 200 in 1.1595 ms
2026-03-13 16:59:58.422 +07:00 [INF] HTTP GET /api/render/9ac2187f-1382-4a0d-9fa2-2fe77cbc8806/status responded 200 in 1.0763 ms
2026-03-13 16:59:58.431 +07:00 [INF] HTTP GET /api/render/730ab574-a1c2-4fbd-86b9-70610b61940f/status responded 200 in 1.0870 ms
2026-03-13 17:00:01.399 +07:00 [INF] HTTP GET /api/render/7b164997-4bd9-45a6-a8d5-3c37dd806699/status responded 200 in 1.3262 ms
2026-03-13 17:00:01.406 +07:00 [INF] HTTP GET /api/render/bdbb64a3-5a91-4642-87f3-71fcf9a3768a/status responded 200 in 1.1686 ms
2026-03-13 17:00:01.414 +07:00 [INF] HTTP GET /api/render/0478c784-8cae-4bd5-8d98-abc9de57a267/status responded 200 in 1.0698 ms
2026-03-13 17:00:01.423 +07:00 [INF] HTTP GET /api/render/9ac2187f-1382-4a0d-9fa2-2fe77cbc8806/status responded 200 in 1.1495 ms
2026-03-13 17:00:01.432 +07:00 [INF] HTTP GET /api/render/730ab574-a1c2-4fbd-86b9-70610b61940f/status responded 200 in 1.3443 ms
2026-03-13 17:00:04.397 +07:00 [INF] HTTP GET /api/render/7b164997-4bd9-45a6-a8d5-3c37dd806699/status responded 200 in 1.5566 ms
2026-03-13 17:00:04.405 +07:00 [INF] HTTP GET /api/render/bdbb64a3-5a91-4642-87f3-71fcf9a3768a/status responded 200 in 1.3133 ms
2026-03-13 17:00:04.413 +07:00 [INF] HTTP GET /api/render/0478c784-8cae-4bd5-8d98-abc9de57a267/status responded 200 in 1.5990 ms
2026-03-13 17:00:04.422 +07:00 [INF] HTTP GET /api/render/9ac2187f-1382-4a0d-9fa2-2fe77cbc8806/status responded 200 in 1.0887 ms
2026-03-13 17:00:04.431 +07:00 [INF] HTTP GET /api/render/730ab574-a1c2-4fbd-86b9-70610b61940f/status responded 200 in 1.1724 ms
2026-03-13 17:00:07.396 +07:00 [INF] HTTP GET /api/render/7b164997-4bd9-45a6-a8d5-3c37dd806699/status responded 200 in 1.1540 ms
2026-03-13 17:00:07.407 +07:00 [INF] HTTP GET /api/render/bdbb64a3-5a91-4642-87f3-71fcf9a3768a/status responded 200 in 1.6028 ms
2026-03-13 17:00:07.413 +07:00 [INF] HTTP GET /api/render/0478c784-8cae-4bd5-8d98-abc9de57a267/status responded 200 in 1.0482 ms
2026-03-13 17:00:18.292 +07:00 [INF] Node script completed for "7b164997-4bd9-45a6-a8d5-3c37dd806699". Exit code: 0
2026-03-13 17:00:18.293 +07:00 [ERR] Failed to generate video for render "7b164997-4bd9-45a6-a8d5-3c37dd806699"
System.Exception: Script exited 0 but no valid [RESULT] path found in output.
   at AutoVeo.Infrastructure.BackgroundJobs.Veo3GenerationWorker.ProcessSingleRenderAsync(Guid renderId, CancellationToken ct) in /Users/macbook/Documents/Coding/AutoVeo/backend/src/AutoVeo.Infrastructure/BackgroundJobs/Workers.cs:line 285
2026-03-13 17:00:18.297 +07:00 [INF] Starting generation for render "9ac2187f-1382-4a0d-9fa2-2fe77cbc8806". Prompt: Create a 8s cinematic video featuring A spirited young monkey warrior in a vibrant anime style, wearing a red headband and carrying a golden bo staff.. Theme: A mystical ancient forest with towering trees, glowing flora, and dappled sunlight.. Scene: A high-speed chase through the upper canopy where the monkey leaps from vine to vine, skillfully pursued by a swarm of fire-breathing hornets.. Optimized for TikTok vertical format.
2026-03-13 17:00:18.822 +07:00 [INF] HTTP GET /api/render/9ac2187f-1382-4a0d-9fa2-2fe77cbc8806/status responded 200 in 11401.3218 ms
2026-03-13 17:00:18.822 +07:00 [INF] HTTP GET /api/render/0478c784-8cae-4bd5-8d98-abc9de57a267/status responded 200 in 8410.8080 ms
2026-03-13 17:00:18.822 +07:00 [INF] HTTP GET /api/render/730ab574-a1c2-4fbd-86b9-70610b61940f/status responded 200 in 11393.0829 ms
2026-03-13 17:00:18.824 +07:00 [INF] HTTP GET /api/render/7b164997-4bd9-45a6-a8d5-3c37dd806699/status responded 200 in 8429.2981 ms
2026-03-13 17:00:18.825 +07:00 [INF] HTTP GET /api/render/bdbb64a3-5a91-4642-87f3-71fcf9a3768a/status responded 200 in 8421.8443 ms
2026-03-13 17:00:18.825 +07:00 [INF] HTTP GET /api/render/730ab574-a1c2-4fbd-86b9-70610b61940f/status responded 200 in 0.7183 ms
2026-03-13 17:00:18.825 +07:00 [INF] HTTP GET /api/render/0478c784-8cae-4bd5-8d98-abc9de57a267/status responded 200 in 1.2134 ms
2026-03-13 17:00:18.830 +07:00 [INF] HTTP GET /api/render/bdbb64a3-5a91-4642-87f3-71fcf9a3768a/status responded 200 in 3.6553 ms
2026-03-13 17:00:18.830 +07:00 [INF] HTTP GET /api/render/7b164997-4bd9-45a6-a8d5-3c37dd806699/status responded 200 in 5.0525 ms
2026-03-13 17:00:18.836 +07:00 [INF] HTTP GET /api/render/730ab574-a1c2-4fbd-86b9-70610b61940f/status responded 200 in 9.8852 ms
2026-03-13 17:00:18.837 +07:00 [INF] HTTP GET /api/render/0478c784-8cae-4bd5-8d98-abc9de57a267/status responded 200 in 6.1193 ms
2026-03-13 17:00:18.837 +07:00 [INF] HTTP GET /api/render/7b164997-4bd9-45a6-a8d5-3c37dd806699/status responded 200 in 0.9376 ms
2026-03-13 17:00:18.837 +07:00 [INF] HTTP GET /api/render/bdbb64a3-5a91-4642-87f3-71fcf9a3768a/status responded 200 in 1.4596 ms
2026-03-13 17:00:18.839 +07:00 [INF] HTTP GET /api/render/730ab574-a1c2-4fbd-86b9-70610b61940f/status responded 200 in 1.4071 ms
2026-03-13 17:00:18.839 +07:00 [INF] HTTP GET /api/render/9ac2187f-1382-4a0d-9fa2-2fe77cbc8806/status responded 200 in 1.9790 ms
2026-03-13 17:00:18.841 +07:00 [INF] HTTP GET /api/render/9ac2187f-1382-4a0d-9fa2-2fe77cbc8806/status responded 200 in 0.8215 ms
2026-03-13 17:00:18.843 +07:00 [INF] HTTP GET /api/render/9ac2187f-1382-4a0d-9fa2-2fe77cbc8806/status responded 200 in 0.7416 ms
2026-03-13 17:00:19.441 +07:00 [INF] HTTP GET /api/render/0478c784-8cae-4bd5-8d98-abc9de57a267/status responded 200 in 2.7530 ms
2026-03-13 17:00:19.441 +07:00 [INF] HTTP GET /api/render/9ac2187f-1382-4a0d-9fa2-2fe77cbc8806/status responded 200 in 2.8270 ms
2026-03-13 17:00:19.460 +07:00 [INF] HTTP GET /api/render/bdbb64a3-5a91-4642-87f3-71fcf9a3768a/status responded 200 in 24.6058 ms
2026-03-13 17:00:19.469 +07:00 [INF] HTTP GET /api/render/730ab574-a1c2-4fbd-86b9-70610b61940f/status responded 200 in 30.4714 ms
2026-03-13 17:00:22.405 +07:00 [INF] HTTP GET /api/render/bdbb64a3-5a91-4642-87f3-71fcf9a3768a/status responded 200 in 1.3214 ms
2026-03-13 17:00:22.411 +07:00 [INF] HTTP GET /api/render/0478c784-8cae-4bd5-8d98-abc9de57a267/status responded 200 in 0.8405 ms
2026-03-13 17:00:22.420 +07:00 [INF] HTTP GET /api/render/9ac2187f-1382-4a0d-9fa2-2fe77cbc8806/status responded 200 in 0.9561 ms
2026-03-13 17:00:22.429 +07:00 [INF] HTTP GET /api/render/730ab574-a1c2-4fbd-86b9-70610b61940f/status responded 200 in 0.9658 ms
2026-03-13 17:00:25.409 +07:00 [INF] HTTP GET /api/render/bdbb64a3-5a91-4642-87f3-71fcf9a3768a/status responded 200 in 3.0431 ms
2026-03-13 17:00:25.412 +07:00 [INF] HTTP GET /api/render/0478c784-8cae-4bd5-8d98-abc9de57a267/status responded 200 in 0.8397 ms
2026-03-13 17:00:25.422 +07:00 [INF] HTTP GET /api/render/9ac2187f-1382-4a0d-9fa2-2fe77cbc8806/status responded 200 in 1.8487 ms
2026-03-13 17:00:25.430 +07:00 [INF] HTTP GET /api/render/730ab574-a1c2-4fbd-86b9-70610b61940f/status responded 200 in 0.7663 ms
2026-03-13 17:00:28.407 +07:00 [INF] HTTP GET /api/render/bdbb64a3-5a91-4642-87f3-71fcf9a3768a/status responded 200 in 1.8159 ms
2026-03-13 17:00:28.410 +07:00 [INF] HTTP GET /api/render/0478c784-8cae-4bd5-8d98-abc9de57a267/status responded 200 in 0.8370 ms
2026-03-13 17:00:28.420 +07:00 [INF] HTTP GET /api/render/9ac2187f-1382-4a0d-9fa2-2fe77cbc8806/status responded 200 in 1.2259 ms
2026-03-13 17:00:28.441 +07:00 [INF] HTTP GET /api/render/730ab574-a1c2-4fbd-86b9-70610b61940f/status responded 200 in 0.7295 ms
2026-03-13 17:00:31.407 +07:00 [INF] HTTP GET /api/render/bdbb64a3-5a91-4642-87f3-71fcf9a3768a/status responded 200 in 1.4567 ms
2026-03-13 17:00:31.412 +07:00 [INF] HTTP GET /api/render/0478c784-8cae-4bd5-8d98-abc9de57a267/status responded 200 in 1.5107 ms
2026-03-13 17:00:31.424 +07:00 [INF] HTTP GET /api/render/9ac2187f-1382-4a0d-9fa2-2fe77cbc8806/status responded 200 in 2.1275 ms
2026-03-13 17:00:31.430 +07:00 [INF] HTTP GET /api/render/730ab574-a1c2-4fbd-86b9-70610b61940f/status responded 200 in 1.1477 ms
2026-03-13 17:00:34.403 +07:00 [INF] HTTP GET /api/render/bdbb64a3-5a91-4642-87f3-71fcf9a3768a/status responded 200 in 1.0303 ms
2026-03-13 17:00:34.411 +07:00 [INF] HTTP GET /api/render/0478c784-8cae-4bd5-8d98-abc9de57a267/status responded 200 in 1.1242 ms
2026-03-13 17:00:34.420 +07:00 [INF] HTTP GET /api/render/9ac2187f-1382-4a0d-9fa2-2fe77cbc8806/status responded 200 in 1.0656 ms
2026-03-13 17:00:34.428 +07:00 [INF] HTTP GET /api/render/730ab574-a1c2-4fbd-86b9-70610b61940f/status responded 200 in 0.8705 ms
2026-03-13 17:00:37.413 +07:00 [INF] HTTP GET /api/render/bdbb64a3-5a91-4642-87f3-71fcf9a3768a/status responded 200 in 9.0833 ms
2026-03-13 17:00:37.414 +07:00 [INF] HTTP GET /api/render/0478c784-8cae-4bd5-8d98-abc9de57a267/status responded 200 in 1.2059 ms
2026-03-13 17:00:37.419 +07:00 [INF] HTTP GET /api/render/9ac2187f-1382-4a0d-9fa2-2fe77cbc8806/status responded 200 in 0.6825 ms
2026-03-13 17:00:37.430 +07:00 [INF] HTTP GET /api/render/730ab574-a1c2-4fbd-86b9-70610b61940f/status responded 200 in 1.1467 ms
2026-03-13 17:00:40.403 +07:00 [INF] HTTP GET /api/render/bdbb64a3-5a91-4642-87f3-71fcf9a3768a/status responded 200 in 0.9525 ms
2026-03-13 17:00:40.409 +07:00 [INF] HTTP GET /api/render/0478c784-8cae-4bd5-8d98-abc9de57a267/status responded 200 in 0.7929 ms
2026-03-13 17:00:40.419 +07:00 [INF] HTTP GET /api/render/9ac2187f-1382-4a0d-9fa2-2fe77cbc8806/status responded 200 in 1.0901 ms
2026-03-13 17:00:40.429 +07:00 [INF] HTTP GET /api/render/730ab574-a1c2-4fbd-86b9-70610b61940f/status responded 200 in 1.0890 ms
2026-03-13 17:00:43.403 +07:00 [INF] HTTP GET /api/render/bdbb64a3-5a91-4642-87f3-71fcf9a3768a/status responded 200 in 0.8854 ms
2026-03-13 17:00:43.411 +07:00 [INF] HTTP GET /api/render/0478c784-8cae-4bd5-8d98-abc9de57a267/status responded 200 in 0.7444 ms
2026-03-13 17:00:43.419 +07:00 [INF] HTTP GET /api/render/9ac2187f-1382-4a0d-9fa2-2fe77cbc8806/status responded 200 in 0.7731 ms
2026-03-13 17:00:43.428 +07:00 [INF] HTTP GET /api/render/730ab574-a1c2-4fbd-86b9-70610b61940f/status responded 200 in 0.8715 ms
2026-03-13 17:00:46.404 +07:00 [INF] HTTP GET /api/render/bdbb64a3-5a91-4642-87f3-71fcf9a3768a/status responded 200 in 1.8860 ms
2026-03-13 17:00:46.409 +07:00 [INF] HTTP GET /api/render/0478c784-8cae-4bd5-8d98-abc9de57a267/status responded 200 in 0.7814 ms
2026-03-13 17:00:46.419 +07:00 [INF] HTTP GET /api/render/9ac2187f-1382-4a0d-9fa2-2fe77cbc8806/status responded 200 in 0.9320 ms
2026-03-13 17:00:46.430 +07:00 [INF] HTTP GET /api/render/730ab574-a1c2-4fbd-86b9-70610b61940f/status responded 200 in 1.6336 ms
2026-03-13 17:00:49.403 +07:00 [INF] HTTP GET /api/render/bdbb64a3-5a91-4642-87f3-71fcf9a3768a/status responded 200 in 0.8611 ms
2026-03-13 17:00:49.409 +07:00 [INF] HTTP GET /api/render/0478c784-8cae-4bd5-8d98-abc9de57a267/status responded 200 in 0.7837 ms
2026-03-13 17:00:49.419 +07:00 [INF] HTTP GET /api/render/9ac2187f-1382-4a0d-9fa2-2fe77cbc8806/status responded 200 in 0.7429 ms
2026-03-13 17:00:49.428 +07:00 [INF] HTTP GET /api/render/730ab574-a1c2-4fbd-86b9-70610b61940f/status responded 200 in 0.7287 ms
2026-03-13 17:00:52.403 +07:00 [INF] HTTP GET /api/render/bdbb64a3-5a91-4642-87f3-71fcf9a3768a/status responded 200 in 1.0917 ms
2026-03-13 17:00:52.410 +07:00 [INF] HTTP GET /api/render/0478c784-8cae-4bd5-8d98-abc9de57a267/status responded 200 in 1.1145 ms
2026-03-13 17:00:52.419 +07:00 [INF] HTTP GET /api/render/9ac2187f-1382-4a0d-9fa2-2fe77cbc8806/status responded 200 in 0.8451 ms
2026-03-13 17:00:52.429 +07:00 [INF] HTTP GET /api/render/730ab574-a1c2-4fbd-86b9-70610b61940f/status responded 200 in 0.8874 ms
2026-03-13 17:00:55.402 +07:00 [INF] HTTP GET /api/render/bdbb64a3-5a91-4642-87f3-71fcf9a3768a/status responded 200 in 0.9263 ms
2026-03-13 17:00:55.410 +07:00 [INF] HTTP GET /api/render/0478c784-8cae-4bd5-8d98-abc9de57a267/status responded 200 in 0.8689 ms
2026-03-13 17:00:55.420 +07:00 [INF] HTTP GET /api/render/9ac2187f-1382-4a0d-9fa2-2fe77cbc8806/status responded 200 in 1.0005 ms
2026-03-13 17:00:55.428 +07:00 [INF] HTTP GET /api/render/730ab574-a1c2-4fbd-86b9-70610b61940f/status responded 200 in 0.8561 ms
2026-03-13 17:00:58.402 +07:00 [INF] HTTP GET /api/render/bdbb64a3-5a91-4642-87f3-71fcf9a3768a/status responded 200 in 0.9487 ms
2026-03-13 17:00:58.409 +07:00 [INF] HTTP GET /api/render/0478c784-8cae-4bd5-8d98-abc9de57a267/status responded 200 in 0.7764 ms
2026-03-13 17:00:58.419 +07:00 [INF] HTTP GET /api/render/9ac2187f-1382-4a0d-9fa2-2fe77cbc8806/status responded 200 in 0.8945 ms
2026-03-13 17:00:58.427 +07:00 [INF] HTTP GET /api/render/730ab574-a1c2-4fbd-86b9-70610b61940f/status responded 200 in 0.7710 ms
2026-03-13 17:00:58.710 +07:00 [INF] Node script completed for "bdbb64a3-5a91-4642-87f3-71fcf9a3768a". Exit code: 0
2026-03-13 17:00:58.710 +07:00 [ERR] Failed to generate video for render "bdbb64a3-5a91-4642-87f3-71fcf9a3768a"
System.Exception: Script exited 0 but no valid [RESULT] path found in output.
   at AutoVeo.Infrastructure.BackgroundJobs.Veo3GenerationWorker.ProcessSingleRenderAsync(Guid renderId, CancellationToken ct) in /Users/macbook/Documents/Coding/AutoVeo/backend/src/AutoVeo.Infrastructure/BackgroundJobs/Workers.cs:line 285
2026-03-13 17:00:58.718 +07:00 [INF] Starting generation for render "730ab574-a1c2-4fbd-86b9-70610b61940f". Prompt: Create a 8s cinematic video featuring A spirited young monkey warrior in a vibrant anime style, wearing a red headband and carrying a golden bo staff.. Theme: A mystical ancient forest with towering trees, glowing flora, and dappled sunlight.. Scene: Leaning against a bioluminescent tree trunk, the monkey catches his breath and wipes sweat from his brow while gazing at the sun setting through the forest canopy.. Optimized for TikTok vertical format.
2026-03-13 17:01:01.412 +07:00 [INF] HTTP GET /api/render/0478c784-8cae-4bd5-8d98-abc9de57a267/status responded 200 in 2.6100 ms
2026-03-13 17:01:01.417 +07:00 [INF] HTTP GET /api/render/bdbb64a3-5a91-4642-87f3-71fcf9a3768a/status responded 200 in 12.3949 ms
2026-03-13 17:01:01.424 +07:00 [INF] HTTP GET /api/render/9ac2187f-1382-4a0d-9fa2-2fe77cbc8806/status responded 200 in 3.5878 ms
2026-03-13 17:01:01.447 +07:00 [INF] HTTP GET /api/render/730ab574-a1c2-4fbd-86b9-70610b61940f/status responded 200 in 1.7146 ms
2026-03-13 17:01:04.419 +07:00 [INF] HTTP GET /api/render/9ac2187f-1382-4a0d-9fa2-2fe77cbc8806/status responded 200 in 1.1638 ms
2026-03-13 17:01:04.419 +07:00 [INF] HTTP GET /api/render/0478c784-8cae-4bd5-8d98-abc9de57a267/status responded 200 in 7.5110 ms
2026-03-13 17:01:04.427 +07:00 [INF] HTTP GET /api/render/730ab574-a1c2-4fbd-86b9-70610b61940f/status responded 200 in 0.7143 ms
2026-03-13 17:01:07.411 +07:00 [INF] HTTP GET /api/render/0478c784-8cae-4bd5-8d98-abc9de57a267/status responded 200 in 1.2080 ms
2026-03-13 17:01:07.419 +07:00 [INF] HTTP GET /api/render/9ac2187f-1382-4a0d-9fa2-2fe77cbc8806/status responded 200 in 0.9332 ms
2026-03-13 17:01:07.429 +07:00 [INF] HTTP GET /api/render/730ab574-a1c2-4fbd-86b9-70610b61940f/status responded 200 in 0.8209 ms
2026-03-13 17:01:10.461 +07:00 [INF] HTTP GET /api/render/0478c784-8cae-4bd5-8d98-abc9de57a267/status responded 200 in 17.0183 ms
2026-03-13 17:01:10.461 +07:00 [INF] HTTP GET /api/render/730ab574-a1c2-4fbd-86b9-70610b61940f/status responded 200 in 17.1866 ms
2026-03-13 17:01:10.461 +07:00 [INF] HTTP GET /api/render/9ac2187f-1382-4a0d-9fa2-2fe77cbc8806/status responded 200 in 17.0159 ms
2026-03-13 17:01:13.410 +07:00 [INF] HTTP GET /api/render/0478c784-8cae-4bd5-8d98-abc9de57a267/status responded 200 in 1.1708 ms
2026-03-13 17:01:13.419 +07:00 [INF] HTTP GET /api/render/9ac2187f-1382-4a0d-9fa2-2fe77cbc8806/status responded 200 in 0.9806 ms
2026-03-13 17:01:13.427 +07:00 [INF] HTTP GET /api/render/730ab574-a1c2-4fbd-86b9-70610b61940f/status responded 200 in 1.0464 ms
2026-03-13 17:01:16.411 +07:00 [INF] HTTP GET /api/render/0478c784-8cae-4bd5-8d98-abc9de57a267/status responded 200 in 2.2130 ms
2026-03-13 17:01:16.420 +07:00 [INF] HTTP GET /api/render/9ac2187f-1382-4a0d-9fa2-2fe77cbc8806/status responded 200 in 1.7008 ms
2026-03-13 17:01:16.426 +07:00 [INF] HTTP GET /api/render/730ab574-a1c2-4fbd-86b9-70610b61940f/status responded 200 in 1.4084 ms
2026-03-13 17:01:19.410 +07:00 [INF] HTTP GET /api/render/0478c784-8cae-4bd5-8d98-abc9de57a267/status responded 200 in 1.0880 ms
2026-03-13 17:01:19.419 +07:00 [INF] HTTP GET /api/render/9ac2187f-1382-4a0d-9fa2-2fe77cbc8806/status responded 200 in 1.0503 ms
2026-03-13 17:01:19.427 +07:00 [INF] HTTP GET /api/render/730ab574-a1c2-4fbd-86b9-70610b61940f/status responded 200 in 0.9362 ms
2026-03-13 17:01:22.409 +07:00 [INF] HTTP GET /api/render/0478c784-8cae-4bd5-8d98-abc9de57a267/status responded 200 in 0.9588 ms
2026-03-13 17:01:22.417 +07:00 [INF] HTTP GET /api/render/9ac2187f-1382-4a0d-9fa2-2fe77cbc8806/status responded 200 in 0.9281 ms
2026-03-13 17:01:22.426 +07:00 [INF] HTTP GET /api/render/730ab574-a1c2-4fbd-86b9-70610b61940f/status responded 200 in 0.7743 ms
2026-03-13 17:01:25.410 +07:00 [INF] HTTP GET /api/render/0478c784-8cae-4bd5-8d98-abc9de57a267/status responded 200 in 0.8575 ms
2026-03-13 17:01:25.420 +07:00 [INF] HTTP GET /api/render/9ac2187f-1382-4a0d-9fa2-2fe77cbc8806/status responded 200 in 1.3149 ms
2026-03-13 17:01:25.426 +07:00 [INF] HTTP GET /api/render/730ab574-a1c2-4fbd-86b9-70610b61940f/status responded 200 in 0.7047 ms
2026-03-13 17:01:28.410 +07:00 [INF] HTTP GET /api/render/0478c784-8cae-4bd5-8d98-abc9de57a267/status responded 200 in 2.4552 ms
2026-03-13 17:01:28.417 +07:00 [INF] HTTP GET /api/render/9ac2187f-1382-4a0d-9fa2-2fe77cbc8806/status responded 200 in 1.1173 ms
2026-03-13 17:01:28.427 +07:00 [INF] HTTP GET /api/render/730ab574-a1c2-4fbd-86b9-70610b61940f/status responded 200 in 2.1330 ms
2026-03-13 17:01:31.410 +07:00 [INF] HTTP GET /api/render/0478c784-8cae-4bd5-8d98-abc9de57a267/status responded 200 in 1.1532 ms
2026-03-13 17:01:31.417 +07:00 [INF] HTTP GET /api/render/9ac2187f-1382-4a0d-9fa2-2fe77cbc8806/status responded 200 in 0.7437 ms
2026-03-13 17:01:31.426 +07:00 [INF] HTTP GET /api/render/730ab574-a1c2-4fbd-86b9-70610b61940f/status responded 200 in 0.7398 ms
2026-03-13 17:01:34.420 +07:00 [INF] HTTP GET /api/render/9ac2187f-1382-4a0d-9fa2-2fe77cbc8806/status responded 200 in 3.7860 ms
2026-03-13 17:01:34.420 +07:00 [INF] HTTP GET /api/render/0478c784-8cae-4bd5-8d98-abc9de57a267/status responded 200 in 13.3922 ms
2026-03-13 17:01:34.424 +07:00 [INF] HTTP GET /api/render/730ab574-a1c2-4fbd-86b9-70610b61940f/status responded 200 in 1.0224 ms
2026-03-13 17:01:37.409 +07:00 [INF] HTTP GET /api/render/0478c784-8cae-4bd5-8d98-abc9de57a267/status responded 200 in 1.3069 ms
2026-03-13 17:01:37.418 +07:00 [INF] HTTP GET /api/render/9ac2187f-1382-4a0d-9fa2-2fe77cbc8806/status responded 200 in 0.9543 ms
2026-03-13 17:01:37.425 +07:00 [INF] HTTP GET /api/render/730ab574-a1c2-4fbd-86b9-70610b61940f/status responded 200 in 0.8220 ms
2026-03-13 17:01:40.409 +07:00 [INF] HTTP GET /api/render/0478c784-8cae-4bd5-8d98-abc9de57a267/status responded 200 in 1.4075 ms
2026-03-13 17:01:40.420 +07:00 [INF] HTTP GET /api/render/9ac2187f-1382-4a0d-9fa2-2fe77cbc8806/status responded 200 in 2.9880 ms
2026-03-13 17:01:40.424 +07:00 [INF] HTTP GET /api/render/730ab574-a1c2-4fbd-86b9-70610b61940f/status responded 200 in 0.8908 ms
2026-03-13 17:01:43.418 +07:00 [INF] HTTP GET /api/render/0478c784-8cae-4bd5-8d98-abc9de57a267/status responded 200 in 7.1127 ms
2026-03-13 17:01:43.420 +07:00 [INF] HTTP GET /api/render/9ac2187f-1382-4a0d-9fa2-2fe77cbc8806/status responded 200 in 2.1082 ms
2026-03-13 17:01:43.425 +07:00 [INF] HTTP GET /api/render/730ab574-a1c2-4fbd-86b9-70610b61940f/status responded 200 in 0.9821 ms
2026-03-13 17:01:46.407 +07:00 [INF] HTTP GET /api/render/0478c784-8cae-4bd5-8d98-abc9de57a267/status responded 200 in 1.3173 ms
2026-03-13 17:01:46.416 +07:00 [INF] HTTP GET /api/render/9ac2187f-1382-4a0d-9fa2-2fe77cbc8806/status responded 200 in 0.9365 ms
2026-03-13 17:01:46.424 +07:00 [INF] HTTP GET /api/render/730ab574-a1c2-4fbd-86b9-70610b61940f/status responded 200 in 0.8218 ms
2026-03-13 17:01:49.409 +07:00 [INF] HTTP GET /api/render/0478c784-8cae-4bd5-8d98-abc9de57a267/status responded 200 in 1.8423 ms
2026-03-13 17:01:49.419 +07:00 [INF] HTTP GET /api/render/9ac2187f-1382-4a0d-9fa2-2fe77cbc8806/status responded 200 in 2.3864 ms
2026-03-13 17:01:49.424 +07:00 [INF] HTTP GET /api/render/730ab574-a1c2-4fbd-86b9-70610b61940f/status responded 200 in 0.8467 ms
2026-03-13 17:01:52.418 +07:00 [INF] HTTP GET /api/render/0478c784-8cae-4bd5-8d98-abc9de57a267/status responded 200 in 5.1991 ms
2026-03-13 17:01:52.418 +07:00 [INF] HTTP GET /api/render/9ac2187f-1382-4a0d-9fa2-2fe77cbc8806/status responded 200 in 1.6178 ms
2026-03-13 17:01:52.424 +07:00 [INF] HTTP GET /api/render/730ab574-a1c2-4fbd-86b9-70610b61940f/status responded 200 in 0.7418 ms
2026-03-13 17:01:55.485 +07:00 [INF] HTTP GET /api/render/0478c784-8cae-4bd5-8d98-abc9de57a267/status responded 200 in 61.3534 ms
2026-03-13 17:01:55.485 +07:00 [INF] HTTP GET /api/render/730ab574-a1c2-4fbd-86b9-70610b61940f/status responded 200 in 26.1973 ms
2026-03-13 17:01:55.496 +07:00 [INF] HTTP GET /api/render/9ac2187f-1382-4a0d-9fa2-2fe77cbc8806/status responded 200 in 67.5079 ms
2026-03-13 17:01:58.408 +07:00 [INF] HTTP GET /api/render/0478c784-8cae-4bd5-8d98-abc9de57a267/status responded 200 in 1.7947 ms
2026-03-13 17:01:58.416 +07:00 [INF] HTTP GET /api/render/9ac2187f-1382-4a0d-9fa2-2fe77cbc8806/status responded 200 in 1.1328 ms
2026-03-13 17:01:58.423 +07:00 [INF] HTTP GET /api/render/730ab574-a1c2-4fbd-86b9-70610b61940f/status responded 200 in 0.8313 ms
2026-03-13 17:02:01.409 +07:00 [INF] HTTP GET /api/render/0478c784-8cae-4bd5-8d98-abc9de57a267/status responded 200 in 3.6543 ms
2026-03-13 17:02:01.418 +07:00 [INF] HTTP GET /api/render/9ac2187f-1382-4a0d-9fa2-2fe77cbc8806/status responded 200 in 2.1732 ms
2026-03-13 17:02:01.423 +07:00 [INF] HTTP GET /api/render/730ab574-a1c2-4fbd-86b9-70610b61940f/status responded 200 in 0.8022 ms
2026-03-13 17:02:04.411 +07:00 [INF] HTTP GET /api/render/0478c784-8cae-4bd5-8d98-abc9de57a267/status responded 200 in 1.7856 ms
2026-03-13 17:02:04.414 +07:00 [INF] HTTP GET /api/render/9ac2187f-1382-4a0d-9fa2-2fe77cbc8806/status responded 200 in 1.0887 ms
2026-03-13 17:02:04.423 +07:00 [INF] HTTP GET /api/render/730ab574-a1c2-4fbd-86b9-70610b61940f/status responded 200 in 0.8532 ms
2026-03-13 17:02:07.408 +07:00 [INF] HTTP GET /api/render/0478c784-8cae-4bd5-8d98-abc9de57a267/status responded 200 in 2.2840 ms
2026-03-13 17:02:07.417 +07:00 [INF] HTTP GET /api/render/9ac2187f-1382-4a0d-9fa2-2fe77cbc8806/status responded 200 in 1.4213 ms
2026-03-13 17:02:07.424 +07:00 [INF] HTTP GET /api/render/730ab574-a1c2-4fbd-86b9-70610b61940f/status responded 200 in 1.1272 ms
2026-03-13 17:02:10.426 +07:00 [INF] HTTP GET /api/render/9ac2187f-1382-4a0d-9fa2-2fe77cbc8806/status responded 200 in 11.3748 ms
2026-03-13 17:02:10.427 +07:00 [INF] HTTP GET /api/render/0478c784-8cae-4bd5-8d98-abc9de57a267/status responded 200 in 14.8081 ms
2026-03-13 17:02:10.432 +07:00 [INF] HTTP GET /api/render/730ab574-a1c2-4fbd-86b9-70610b61940f/status responded 200 in 5.9547 ms
2026-03-13 17:02:10.465 +07:00 [INF] Node script completed for "0478c784-8cae-4bd5-8d98-abc9de57a267". Exit code: 0
2026-03-13 17:02:10.466 +07:00 [ERR] Failed to generate video for render "0478c784-8cae-4bd5-8d98-abc9de57a267"
System.Exception: Script exited 0 but no valid [RESULT] path found in output.
   at AutoVeo.Infrastructure.BackgroundJobs.Veo3GenerationWorker.ProcessSingleRenderAsync(Guid renderId, CancellationToken ct) in /Users/macbook/Documents/Coding/AutoVeo/backend/src/AutoVeo.Infrastructure/BackgroundJobs/Workers.cs:line 285
2026-03-13 17:02:13.426 +07:00 [INF] HTTP GET /api/render/9ac2187f-1382-4a0d-9fa2-2fe77cbc8806/status responded 200 in 5.7706 ms
2026-03-13 17:02:13.426 +07:00 [INF] HTTP GET /api/render/730ab574-a1c2-4fbd-86b9-70610b61940f/status responded 200 in 0.7074 ms
2026-03-13 17:02:13.430 +07:00 [INF] HTTP GET /api/render/0478c784-8cae-4bd5-8d98-abc9de57a267/status responded 200 in 7.4758 ms
2026-03-13 17:02:16.420 +07:00 [INF] HTTP GET /api/render/9ac2187f-1382-4a0d-9fa2-2fe77cbc8806/status responded 200 in 2.4217 ms
2026-03-13 17:02:16.423 +07:00 [INF] HTTP GET /api/render/730ab574-a1c2-4fbd-86b9-70610b61940f/status responded 200 in 1.2180 ms
2026-03-13 17:02:19.416 +07:00 [INF] HTTP GET /api/render/9ac2187f-1382-4a0d-9fa2-2fe77cbc8806/status responded 200 in 1.1353 ms
2026-03-13 17:02:19.423 +07:00 [INF] HTTP GET /api/render/730ab574-a1c2-4fbd-86b9-70610b61940f/status responded 200 in 0.9576 ms
2026-03-13 17:02:22.416 +07:00 [INF] HTTP GET /api/render/9ac2187f-1382-4a0d-9fa2-2fe77cbc8806/status responded 200 in 1.4398 ms
2026-03-13 17:02:22.421 +07:00 [INF] HTTP GET /api/render/730ab574-a1c2-4fbd-86b9-70610b61940f/status responded 200 in 0.5926 ms
2026-03-13 17:02:25.419 +07:00 [INF] HTTP GET /api/render/9ac2187f-1382-4a0d-9fa2-2fe77cbc8806/status responded 200 in 1.7326 ms
2026-03-13 17:02:25.423 +07:00 [INF] HTTP GET /api/render/730ab574-a1c2-4fbd-86b9-70610b61940f/status responded 200 in 1.3475 ms
2026-03-13 17:02:28.415 +07:00 [INF] HTTP GET /api/render/9ac2187f-1382-4a0d-9fa2-2fe77cbc8806/status responded 200 in 1.7590 ms
2026-03-13 17:02:28.421 +07:00 [INF] HTTP GET /api/render/730ab574-a1c2-4fbd-86b9-70610b61940f/status responded 200 in 0.7124 ms
2026-03-13 17:02:31.416 +07:00 [INF] HTTP GET /api/render/9ac2187f-1382-4a0d-9fa2-2fe77cbc8806/status responded 200 in 1.2075 ms
2026-03-13 17:02:31.421 +07:00 [INF] HTTP GET /api/render/730ab574-a1c2-4fbd-86b9-70610b61940f/status responded 200 in 0.8135 ms
2026-03-13 17:02:37.797 +07:00 [INF] Application environment: Development
2026-03-13 17:02:38.346 +07:00 [INF] AutoVeo API started on 
2026-03-13 17:02:38.385 +07:00 [INF] TrendCrawlerWorker started
2026-03-13 17:02:38.386 +07:00 [INF] Veo3GenerationWorker started with max parallelism: 3
2026-03-13 17:02:40.781 +07:00 [INF] HTTP GET /api/render/730ab574-a1c2-4fbd-86b9-70610b61940f/status responded 200 in 293.6063 ms
2026-03-13 17:02:40.781 +07:00 [INF] HTTP GET /api/render/9ac2187f-1382-4a0d-9fa2-2fe77cbc8806/status responded 200 in 293.6193 ms
2026-03-13 17:02:43.386 +07:00 [INF] TrendCrawlerWorker: Starting scheduled crawl...
2026-03-13 17:02:43.409 +07:00 [INF] Crawling YouTube trends for region Global
2026-03-13 17:02:43.419 +07:00 [INF] HTTP GET /api/render/9ac2187f-1382-4a0d-9fa2-2fe77cbc8806/status responded 200 in 2.8307 ms
2026-03-13 17:02:43.423 +07:00 [INF] HTTP GET /api/render/730ab574-a1c2-4fbd-86b9-70610b61940f/status responded 200 in 1.7508 ms
2026-03-13 17:02:44.224 +07:00 [INF] Collected 20 YouTube trends for region Global
2026-03-13 17:02:44.335 +07:00 [INF] Saved 20 trends from YouTube (Global)
2026-03-13 17:02:44.335 +07:00 [INF] Crawling YouTube trends for region United States
2026-03-13 17:02:44.514 +07:00 [ERR] YouTube API error: "BadRequest" - {
  "error": {
    "code": 400,
    "message": "The \u003ccode\u003eregionCode\u003c/code\u003e parameter specifies an invalid region code.",
    "errors": [
      {
        "message": "The \u003ccode\u003eregionCode\u003c/code\u003e parameter specifies an invalid region code.",
        "domain": "youtube.parameter",
        "reason": "invalidRegionCode",
        "location": "regionCode",
        "locationType": "parameter"
      }
    ]
  }
}

2026-03-13 17:02:44.515 +07:00 [ERR] Failed to collect YouTube trends for region United States
System.Net.Http.HttpRequestException: Response status code does not indicate success: 400 (Bad Request).
   at System.Net.Http.HttpResponseMessage.EnsureSuccessStatusCode()
   at AutoVeo.Infrastructure.External.YouTubeTrendCollector.CollectAsync(String region, CancellationToken ct) in /Users/macbook/Documents/Coding/AutoVeo/backend/src/AutoVeo.Infrastructure/External/TrendCollectors.cs:line 44
2026-03-13 17:02:44.520 +07:00 [INF] Saved 0 trends from YouTube (United States)
2026-03-13 17:02:44.520 +07:00 [INF] Crawling YouTube trends for region Vietnam
2026-03-13 17:02:44.662 +07:00 [ERR] YouTube API error: "BadRequest" - {
  "error": {
    "code": 400,
    "message": "The \u003ccode\u003eregionCode\u003c/code\u003e parameter specifies an invalid region code.",
    "errors": [
      {
        "message": "The \u003ccode\u003eregionCode\u003c/code\u003e parameter specifies an invalid region code.",
        "domain": "youtube.parameter",
        "reason": "invalidRegionCode",
        "location": "regionCode",
        "locationType": "parameter"
      }
    ]
  }
}

2026-03-13 17:02:44.662 +07:00 [ERR] Failed to collect YouTube trends for region Vietnam
System.Net.Http.HttpRequestException: Response status code does not indicate success: 400 (Bad Request).
   at System.Net.Http.HttpResponseMessage.EnsureSuccessStatusCode()
   at AutoVeo.Infrastructure.External.YouTubeTrendCollector.CollectAsync(String region, CancellationToken ct) in /Users/macbook/Documents/Coding/AutoVeo/backend/src/AutoVeo.Infrastructure/External/TrendCollectors.cs:line 44
2026-03-13 17:02:44.663 +07:00 [INF] Saved 0 trends from YouTube (Vietnam)
2026-03-13 17:02:44.665 +07:00 [INF] Crawling TikTok trends for region Global
2026-03-13 17:02:46.424 +07:00 [INF] HTTP GET /api/render/730ab574-a1c2-4fbd-86b9-70610b61940f/status responded 200 in 3.1603 ms
2026-03-13 17:02:46.424 +07:00 [INF] HTTP GET /api/render/9ac2187f-1382-4a0d-9fa2-2fe77cbc8806/status responded 200 in 4.5149 ms
2026-03-13 17:02:46.669 +07:00 [INF] Fetching TikTok trends from Tikwm for region: Global
2026-03-13 17:02:47.190 +07:00 [INF] Collected 0 TikTok trends from Tikwm for region Global
2026-03-13 17:02:47.191 +07:00 [INF] Saved 0 trends from TikTok (Global)
2026-03-13 17:02:47.191 +07:00 [INF] Crawling TikTok trends for region United States
2026-03-13 17:02:49.192 +07:00 [INF] Fetching TikTok trends from Tikwm for region: United States
2026-03-13 17:02:49.416 +07:00 [INF] HTTP GET /api/render/9ac2187f-1382-4a0d-9fa2-2fe77cbc8806/status responded 200 in 2.3565 ms
2026-03-13 17:02:49.421 +07:00 [INF] HTTP GET /api/render/730ab574-a1c2-4fbd-86b9-70610b61940f/status responded 200 in 1.3194 ms
2026-03-13 17:02:50.032 +07:00 [INF] HTTP POST /api/prompts/generate-series responded 201 in 6822.5350 ms
2026-03-13 17:02:52.444 +07:00 [INF] HTTP GET /api/render/9ac2187f-1382-4a0d-9fa2-2fe77cbc8806/status responded 200 in 19.6655 ms
2026-03-13 17:02:52.447 +07:00 [INF] HTTP GET /api/render/730ab574-a1c2-4fbd-86b9-70610b61940f/status responded 200 in 22.5044 ms
2026-03-13 17:02:55.417 +07:00 [INF] HTTP GET /api/render/9ac2187f-1382-4a0d-9fa2-2fe77cbc8806/status responded 200 in 4.0878 ms
2026-03-13 17:02:55.421 +07:00 [INF] HTTP GET /api/render/730ab574-a1c2-4fbd-86b9-70610b61940f/status responded 200 in 1.2838 ms
2026-03-13 17:02:56.328 +07:00 [INF] Collected 15 TikTok trends from Tikwm for region United States
2026-03-13 17:02:56.347 +07:00 [INF] Saved 15 trends from TikTok (United States)
2026-03-13 17:02:56.347 +07:00 [INF] Crawling TikTok trends for region Vietnam
2026-03-13 17:02:58.348 +07:00 [INF] Fetching TikTok trends from Tikwm for region: Vietnam
2026-03-13 17:02:58.417 +07:00 [INF] HTTP GET /api/render/9ac2187f-1382-4a0d-9fa2-2fe77cbc8806/status responded 200 in 2.1350 ms
2026-03-13 17:02:58.420 +07:00 [INF] HTTP GET /api/render/730ab574-a1c2-4fbd-86b9-70610b61940f/status responded 200 in 1.0169 ms
2026-03-13 17:03:01.428 +07:00 [INF] HTTP GET /api/render/9ac2187f-1382-4a0d-9fa2-2fe77cbc8806/status responded 200 in 13.9988 ms
2026-03-13 17:03:01.429 +07:00 [INF] HTTP GET /api/render/730ab574-a1c2-4fbd-86b9-70610b61940f/status responded 200 in 8.5672 ms
2026-03-13 17:03:03.539 +07:00 [INF] Collected 8 TikTok trends from Tikwm for region Vietnam
2026-03-13 17:03:03.550 +07:00 [INF] Saved 8 trends from TikTok (Vietnam)
2026-03-13 17:03:03.550 +07:00 [INF] Crawling Google Trends trends for region Global
2026-03-13 17:03:04.416 +07:00 [INF] HTTP GET /api/render/9ac2187f-1382-4a0d-9fa2-2fe77cbc8806/status responded 200 in 2.0701 ms
2026-03-13 17:03:04.419 +07:00 [INF] HTTP GET /api/render/730ab574-a1c2-4fbd-86b9-70610b61940f/status responded 200 in 0.9767 ms
2026-03-13 17:03:04.619 +07:00 [INF] Collected 10 Google Trends for region Global
2026-03-13 17:03:04.624 +07:00 [INF] Saved 10 trends from Google Trends (Global)
2026-03-13 17:03:04.624 +07:00 [INF] Crawling Google Trends trends for region United States
2026-03-13 17:03:04.846 +07:00 [ERR] Failed to collect Google Trends for region United States
System.Net.Http.HttpRequestException: Response status code does not indicate success: 400 (Bad Request).
   at System.Net.Http.HttpResponseMessage.EnsureSuccessStatusCode()
   at System.Net.Http.HttpClient.GetStringAsyncCore(HttpRequestMessage request, CancellationToken cancellationToken)
   at AutoVeo.Infrastructure.External.GoogleTrendsCollector.CollectAsync(String region, CancellationToken ct) in /Users/macbook/Documents/Coding/AutoVeo/backend/src/AutoVeo.Infrastructure/External/TrendCollectors.cs:line 256
2026-03-13 17:03:04.847 +07:00 [INF] Saved 0 trends from Google Trends (United States)
2026-03-13 17:03:04.847 +07:00 [INF] Crawling Google Trends trends for region Vietnam
2026-03-13 17:03:05.007 +07:00 [ERR] Failed to collect Google Trends for region Vietnam
System.Net.Http.HttpRequestException: Response status code does not indicate success: 400 (Bad Request).
   at System.Net.Http.HttpResponseMessage.EnsureSuccessStatusCode()
   at System.Net.Http.HttpClient.GetStringAsyncCore(HttpRequestMessage request, CancellationToken cancellationToken)
   at AutoVeo.Infrastructure.External.GoogleTrendsCollector.CollectAsync(String region, CancellationToken ct) in /Users/macbook/Documents/Coding/AutoVeo/backend/src/AutoVeo.Infrastructure/External/TrendCollectors.cs:line 256
2026-03-13 17:03:05.007 +07:00 [INF] Saved 0 trends from Google Trends (Vietnam)
2026-03-13 17:03:05.017 +07:00 [INF] TrendCrawlerWorker: Waiting 60 minutes for next crawl...
2026-03-13 17:03:07.437 +07:00 [INF] HTTP GET /api/render/730ab574-a1c2-4fbd-86b9-70610b61940f/status responded 200 in 15.7163 ms
2026-03-13 17:03:07.437 +07:00 [INF] HTTP GET /api/render/9ac2187f-1382-4a0d-9fa2-2fe77cbc8806/status responded 200 in 15.7164 ms
2026-03-13 17:03:10.416 +07:00 [INF] HTTP GET /api/render/9ac2187f-1382-4a0d-9fa2-2fe77cbc8806/status responded 200 in 2.4465 ms
2026-03-13 17:03:10.420 +07:00 [INF] HTTP GET /api/render/730ab574-a1c2-4fbd-86b9-70610b61940f/status responded 200 in 1.0815 ms
2026-03-13 17:03:13.416 +07:00 [INF] HTTP GET /api/render/9ac2187f-1382-4a0d-9fa2-2fe77cbc8806/status responded 200 in 2.3165 ms
2026-03-13 17:03:13.418 +07:00 [INF] HTTP GET /api/render/730ab574-a1c2-4fbd-86b9-70610b61940f/status responded 200 in 0.9937 ms
2026-03-13 17:03:16.435 +07:00 [INF] HTTP GET /api/render/730ab574-a1c2-4fbd-86b9-70610b61940f/status responded 200 in 15.1065 ms
2026-03-13 17:03:16.435 +07:00 [INF] HTTP GET /api/render/9ac2187f-1382-4a0d-9fa2-2fe77cbc8806/status responded 200 in 15.2489 ms
2026-03-13 17:03:19.419 +07:00 [INF] HTTP GET /api/render/9ac2187f-1382-4a0d-9fa2-2fe77cbc8806/status responded 200 in 5.5509 ms
2026-03-13 17:03:19.421 +07:00 [INF] HTTP GET /api/render/730ab574-a1c2-4fbd-86b9-70610b61940f/status responded 200 in 2.9201 ms
2026-03-13 17:03:22.428 +07:00 [INF] HTTP GET /api/render/730ab574-a1c2-4fbd-86b9-70610b61940f/status responded 200 in 7.9070 ms
2026-03-13 17:03:22.428 +07:00 [INF] HTTP GET /api/render/9ac2187f-1382-4a0d-9fa2-2fe77cbc8806/status responded 200 in 13.5448 ms
2026-03-13 17:03:25.416 +07:00 [INF] HTTP GET /api/render/9ac2187f-1382-4a0d-9fa2-2fe77cbc8806/status responded 200 in 5.1024 ms
2026-03-13 17:03:25.419 +07:00 [INF] HTTP GET /api/render/730ab574-a1c2-4fbd-86b9-70610b61940f/status responded 200 in 1.3171 ms
2026-03-13 17:03:28.442 +07:00 [INF] HTTP GET /api/render/9ac2187f-1382-4a0d-9fa2-2fe77cbc8806/status responded 200 in 14.6344 ms
2026-03-13 17:03:28.442 +07:00 [INF] HTTP GET /api/render/730ab574-a1c2-4fbd-86b9-70610b61940f/status responded 200 in 14.8143 ms
2026-03-13 17:03:31.418 +07:00 [INF] HTTP GET /api/render/9ac2187f-1382-4a0d-9fa2-2fe77cbc8806/status responded 200 in 5.6140 ms
2026-03-13 17:03:31.419 +07:00 [INF] HTTP GET /api/render/730ab574-a1c2-4fbd-86b9-70610b61940f/status responded 200 in 1.2742 ms
2026-03-13 17:03:34.416 +07:00 [INF] HTTP GET /api/render/9ac2187f-1382-4a0d-9fa2-2fe77cbc8806/status responded 200 in 3.1669 ms
2026-03-13 17:03:34.420 +07:00 [INF] HTTP GET /api/render/730ab574-a1c2-4fbd-86b9-70610b61940f/status responded 200 in 1.7563 ms
2026-03-13 17:03:37.414 +07:00 [INF] HTTP GET /api/render/9ac2187f-1382-4a0d-9fa2-2fe77cbc8806/status responded 200 in 2.4818 ms
2026-03-13 17:03:37.418 +07:00 [INF] HTTP GET /api/render/730ab574-a1c2-4fbd-86b9-70610b61940f/status responded 200 in 1.4229 ms
2026-03-13 17:03:40.414 +07:00 [INF] HTTP GET /api/render/9ac2187f-1382-4a0d-9fa2-2fe77cbc8806/status responded 200 in 1.6046 ms
2026-03-13 17:03:40.420 +07:00 [INF] HTTP GET /api/render/730ab574-a1c2-4fbd-86b9-70610b61940f/status responded 200 in 1.4288 ms
2026-03-13 17:03:43.428 +07:00 [INF] HTTP GET /api/render/730ab574-a1c2-4fbd-86b9-70610b61940f/status responded 200 in 10.1795 ms
2026-03-13 17:03:43.428 +07:00 [INF] HTTP GET /api/render/9ac2187f-1382-4a0d-9fa2-2fe77cbc8806/status responded 200 in 11.1843 ms
2026-03-13 17:03:46.414 +07:00 [INF] HTTP GET /api/render/9ac2187f-1382-4a0d-9fa2-2fe77cbc8806/status responded 200 in 1.7005 ms
2026-03-13 17:03:46.419 +07:00 [INF] HTTP GET /api/render/730ab574-a1c2-4fbd-86b9-70610b61940f/status responded 200 in 1.5976 ms
2026-03-13 17:03:49.412 +07:00 [INF] HTTP GET /api/render/9ac2187f-1382-4a0d-9fa2-2fe77cbc8806/status responded 200 in 2.0310 ms
2026-03-13 17:03:49.418 +07:00 [INF] HTTP GET /api/render/730ab574-a1c2-4fbd-86b9-70610b61940f/status responded 200 in 1.5137 ms
2026-03-13 17:03:52.412 +07:00 [INF] HTTP GET /api/render/9ac2187f-1382-4a0d-9fa2-2fe77cbc8806/status responded 200 in 1.7272 ms
2026-03-13 17:03:52.416 +07:00 [INF] HTTP GET /api/render/730ab574-a1c2-4fbd-86b9-70610b61940f/status responded 200 in 0.9050 ms
2026-03-13 17:03:55.412 +07:00 [INF] HTTP GET /api/render/9ac2187f-1382-4a0d-9fa2-2fe77cbc8806/status responded 200 in 2.3553 ms
2026-03-13 17:03:55.418 +07:00 [INF] HTTP GET /api/render/730ab574-a1c2-4fbd-86b9-70610b61940f/status responded 200 in 1.9233 ms
2026-03-13 17:03:58.425 +07:00 [INF] HTTP GET /api/render/730ab574-a1c2-4fbd-86b9-70610b61940f/status responded 200 in 9.2464 ms
2026-03-13 17:03:58.425 +07:00 [INF] HTTP GET /api/render/9ac2187f-1382-4a0d-9fa2-2fe77cbc8806/status responded 200 in 9.9600 ms
2026-03-13 17:04:01.409 +07:00 [INF] HTTP GET /api/render/9ac2187f-1382-4a0d-9fa2-2fe77cbc8806/status responded 200 in 2.2142 ms
2026-03-13 17:04:01.417 +07:00 [INF] HTTP GET /api/render/730ab574-a1c2-4fbd-86b9-70610b61940f/status responded 200 in 1.5324 ms
2026-03-13 17:04:04.412 +07:00 [INF] HTTP GET /api/render/9ac2187f-1382-4a0d-9fa2-2fe77cbc8806/status responded 200 in 2.3375 ms
2026-03-13 17:04:04.416 +07:00 [INF] HTTP GET /api/render/730ab574-a1c2-4fbd-86b9-70610b61940f/status responded 200 in 1.1415 ms
2026-03-13 17:04:07.408 +07:00 [INF] HTTP GET /api/render/9ac2187f-1382-4a0d-9fa2-2fe77cbc8806/status responded 200 in 1.7749 ms
2026-03-13 17:04:07.417 +07:00 [INF] HTTP GET /api/render/730ab574-a1c2-4fbd-86b9-70610b61940f/status responded 200 in 1.5293 ms
2026-03-13 17:04:10.413 +07:00 [INF] HTTP GET /api/render/9ac2187f-1382-4a0d-9fa2-2fe77cbc8806/status responded 200 in 3.2510 ms
2026-03-13 17:04:10.419 +07:00 [INF] HTTP GET /api/render/730ab574-a1c2-4fbd-86b9-70610b61940f/status responded 200 in 2.1003 ms
2026-03-13 17:04:13.410 +07:00 [INF] HTTP GET /api/render/9ac2187f-1382-4a0d-9fa2-2fe77cbc8806/status responded 200 in 1.8357 ms
2026-03-13 17:04:13.415 +07:00 [INF] HTTP GET /api/render/730ab574-a1c2-4fbd-86b9-70610b61940f/status responded 200 in 1.3588 ms
2026-03-13 17:04:16.417 +07:00 [INF] HTTP GET /api/render/9ac2187f-1382-4a0d-9fa2-2fe77cbc8806/status responded 200 in 5.2909 ms
2026-03-13 17:04:16.419 +07:00 [INF] HTTP GET /api/render/730ab574-a1c2-4fbd-86b9-70610b61940f/status responded 200 in 1.7813 ms
2026-03-13 17:04:19.409 +07:00 [INF] HTTP GET /api/render/9ac2187f-1382-4a0d-9fa2-2fe77cbc8806/status responded 200 in 1.5068 ms
2026-03-13 17:04:19.414 +07:00 [INF] HTTP GET /api/render/730ab574-a1c2-4fbd-86b9-70610b61940f/status responded 200 in 0.6183 ms
2026-03-13 17:04:22.411 +07:00 [INF] HTTP GET /api/render/9ac2187f-1382-4a0d-9fa2-2fe77cbc8806/status responded 200 in 1.2558 ms
2026-03-13 17:04:22.416 +07:00 [INF] HTTP GET /api/render/730ab574-a1c2-4fbd-86b9-70610b61940f/status responded 200 in 1.2113 ms
2026-03-13 17:04:25.407 +07:00 [INF] HTTP GET /api/render/9ac2187f-1382-4a0d-9fa2-2fe77cbc8806/status responded 200 in 1.4499 ms
2026-03-13 17:04:25.415 +07:00 [INF] HTTP GET /api/render/730ab574-a1c2-4fbd-86b9-70610b61940f/status responded 200 in 0.8803 ms
2026-03-13 17:04:28.427 +07:00 [INF] HTTP GET /api/render/730ab574-a1c2-4fbd-86b9-70610b61940f/status responded 200 in 11.8101 ms
2026-03-13 17:04:28.427 +07:00 [INF] HTTP GET /api/render/9ac2187f-1382-4a0d-9fa2-2fe77cbc8806/status responded 200 in 11.6845 ms
2026-03-13 17:04:31.412 +07:00 [INF] HTTP GET /api/render/9ac2187f-1382-4a0d-9fa2-2fe77cbc8806/status responded 200 in 2.1741 ms
2026-03-13 17:04:31.415 +07:00 [INF] HTTP GET /api/render/730ab574-a1c2-4fbd-86b9-70610b61940f/status responded 200 in 1.1422 ms
2026-03-13 17:04:34.410 +07:00 [INF] HTTP GET /api/render/9ac2187f-1382-4a0d-9fa2-2fe77cbc8806/status responded 200 in 2.2852 ms
2026-03-13 17:04:34.413 +07:00 [INF] HTTP GET /api/render/730ab574-a1c2-4fbd-86b9-70610b61940f/status responded 200 in 0.7465 ms
2026-03-13 17:04:37.408 +07:00 [INF] HTTP GET /api/render/9ac2187f-1382-4a0d-9fa2-2fe77cbc8806/status responded 200 in 1.4622 ms
2026-03-13 17:04:37.414 +07:00 [INF] HTTP GET /api/render/730ab574-a1c2-4fbd-86b9-70610b61940f/status responded 200 in 0.6403 ms
2026-03-13 17:04:40.421 +07:00 [INF] HTTP GET /api/render/9ac2187f-1382-4a0d-9fa2-2fe77cbc8806/status responded 200 in 9.0703 ms
2026-03-13 17:04:40.421 +07:00 [INF] HTTP GET /api/render/730ab574-a1c2-4fbd-86b9-70610b61940f/status responded 200 in 7.3658 ms
2026-03-13 17:04:44.207 +07:00 [INF] HTTP GET /api/render/9ac2187f-1382-4a0d-9fa2-2fe77cbc8806/status responded 200 in 3.3345 ms
2026-03-13 17:04:44.207 +07:00 [INF] HTTP GET /api/render/730ab574-a1c2-4fbd-86b9-70610b61940f/status responded 200 in 3.3347 ms
2026-03-13 17:04:47.202 +07:00 [INF] HTTP GET /api/render/9ac2187f-1382-4a0d-9fa2-2fe77cbc8806/status responded 200 in 1.0029 ms
2026-03-13 17:04:47.203 +07:00 [INF] HTTP GET /api/render/730ab574-a1c2-4fbd-86b9-70610b61940f/status responded 200 in 1.7208 ms
2026-03-13 17:04:50.201 +07:00 [INF] HTTP GET /api/render/730ab574-a1c2-4fbd-86b9-70610b61940f/status responded 200 in 0.6298 ms
2026-03-13 17:04:50.201 +07:00 [INF] HTTP GET /api/render/9ac2187f-1382-4a0d-9fa2-2fe77cbc8806/status responded 200 in 0.6469 ms
2026-03-13 17:04:53.202 +07:00 [INF] HTTP GET /api/render/730ab574-a1c2-4fbd-86b9-70610b61940f/status responded 200 in 1.1918 ms
2026-03-13 17:04:53.202 +07:00 [INF] HTTP GET /api/render/9ac2187f-1382-4a0d-9fa2-2fe77cbc8806/status responded 200 in 1.2888 ms
2026-03-13 17:04:55.408 +07:00 [INF] HTTP GET /api/render/9ac2187f-1382-4a0d-9fa2-2fe77cbc8806/status responded 200 in 1.0112 ms
2026-03-13 17:04:55.411 +07:00 [INF] HTTP GET /api/render/730ab574-a1c2-4fbd-86b9-70610b61940f/status responded 200 in 0.6255 ms
2026-03-13 17:04:58.405 +07:00 [INF] HTTP GET /api/render/9ac2187f-1382-4a0d-9fa2-2fe77cbc8806/status responded 200 in 1.2137 ms
2026-03-13 17:04:58.413 +07:00 [INF] HTTP GET /api/render/730ab574-a1c2-4fbd-86b9-70610b61940f/status responded 200 in 1.1740 ms
2026-03-13 17:05:02.200 +07:00 [INF] HTTP GET /api/render/730ab574-a1c2-4fbd-86b9-70610b61940f/status responded 200 in 0.6972 ms
2026-03-13 17:05:02.200 +07:00 [INF] HTTP GET /api/render/9ac2187f-1382-4a0d-9fa2-2fe77cbc8806/status responded 200 in 0.6924 ms
2026-03-13 17:05:05.203 +07:00 [INF] HTTP GET /api/render/730ab574-a1c2-4fbd-86b9-70610b61940f/status responded 200 in 1.0901 ms
2026-03-13 17:05:05.203 +07:00 [INF] HTTP GET /api/render/9ac2187f-1382-4a0d-9fa2-2fe77cbc8806/status responded 200 in 1.1173 ms
2026-03-13 17:05:08.199 +07:00 [INF] HTTP GET /api/render/9ac2187f-1382-4a0d-9fa2-2fe77cbc8806/status responded 200 in 0.7443 ms
2026-03-13 17:05:08.199 +07:00 [INF] HTTP GET /api/render/730ab574-a1c2-4fbd-86b9-70610b61940f/status responded 200 in 0.8300 ms
2026-03-13 17:05:11.205 +07:00 [INF] HTTP GET /api/render/9ac2187f-1382-4a0d-9fa2-2fe77cbc8806/status responded 200 in 1.8949 ms
2026-03-13 17:05:11.205 +07:00 [INF] HTTP GET /api/render/730ab574-a1c2-4fbd-86b9-70610b61940f/status responded 200 in 1.8375 ms
2026-03-13 17:05:14.201 +07:00 [INF] HTTP GET /api/render/730ab574-a1c2-4fbd-86b9-70610b61940f/status responded 200 in 1.1972 ms
2026-03-13 17:05:14.201 +07:00 [INF] HTTP GET /api/render/9ac2187f-1382-4a0d-9fa2-2fe77cbc8806/status responded 200 in 1.0615 ms
2026-03-13 17:05:17.205 +07:00 [INF] HTTP GET /api/render/730ab574-a1c2-4fbd-86b9-70610b61940f/status responded 200 in 1.5299 ms
2026-03-13 17:05:17.205 +07:00 [INF] HTTP GET /api/render/9ac2187f-1382-4a0d-9fa2-2fe77cbc8806/status responded 200 in 1.4210 ms
2026-03-13 17:05:20.203 +07:00 [INF] HTTP GET /api/render/730ab574-a1c2-4fbd-86b9-70610b61940f/status responded 200 in 2.1019 ms
2026-03-13 17:05:20.203 +07:00 [INF] HTTP GET /api/render/9ac2187f-1382-4a0d-9fa2-2fe77cbc8806/status responded 200 in 2.1289 ms
2026-03-13 17:05:23.200 +07:00 [INF] HTTP GET /api/render/9ac2187f-1382-4a0d-9fa2-2fe77cbc8806/status responded 200 in 0.9654 ms
2026-03-13 17:05:23.200 +07:00 [INF] HTTP GET /api/render/730ab574-a1c2-4fbd-86b9-70610b61940f/status responded 200 in 0.9888 ms
2026-03-13 17:05:26.202 +07:00 [INF] HTTP GET /api/render/9ac2187f-1382-4a0d-9fa2-2fe77cbc8806/status responded 200 in 1.6043 ms
2026-03-13 17:05:26.202 +07:00 [INF] HTTP GET /api/render/730ab574-a1c2-4fbd-86b9-70610b61940f/status responded 200 in 1.6116 ms
2026-03-13 17:05:29.203 +07:00 [INF] HTTP GET /api/render/9ac2187f-1382-4a0d-9fa2-2fe77cbc8806/status responded 200 in 1.4080 ms
2026-03-13 17:05:29.203 +07:00 [INF] HTTP GET /api/render/730ab574-a1c2-4fbd-86b9-70610b61940f/status responded 200 in 1.4450 ms
2026-03-13 17:05:32.202 +07:00 [INF] HTTP GET /api/render/9ac2187f-1382-4a0d-9fa2-2fe77cbc8806/status responded 200 in 2.0042 ms
2026-03-13 17:05:32.202 +07:00 [INF] HTTP GET /api/render/730ab574-a1c2-4fbd-86b9-70610b61940f/status responded 200 in 1.9957 ms
2026-03-13 17:05:35.203 +07:00 [INF] HTTP GET /api/render/730ab574-a1c2-4fbd-86b9-70610b61940f/status responded 200 in 1.5755 ms
2026-03-13 17:05:35.203 +07:00 [INF] HTTP GET /api/render/9ac2187f-1382-4a0d-9fa2-2fe77cbc8806/status responded 200 in 1.5816 ms
2026-03-13 17:05:38.198 +07:00 [INF] HTTP GET /api/render/730ab574-a1c2-4fbd-86b9-70610b61940f/status responded 200 in 0.7034 ms
2026-03-13 17:05:38.198 +07:00 [INF] HTTP GET /api/render/9ac2187f-1382-4a0d-9fa2-2fe77cbc8806/status responded 200 in 0.6872 ms
2026-03-13 17:05:41.199 +07:00 [INF] HTTP GET /api/render/730ab574-a1c2-4fbd-86b9-70610b61940f/status responded 200 in 0.7095 ms
2026-03-13 17:05:41.199 +07:00 [INF] HTTP GET /api/render/9ac2187f-1382-4a0d-9fa2-2fe77cbc8806/status responded 200 in 0.7294 ms
2026-03-13 17:05:43.404 +07:00 [INF] HTTP GET /api/render/9ac2187f-1382-4a0d-9fa2-2fe77cbc8806/status responded 200 in 2.1935 ms
2026-03-13 17:05:43.409 +07:00 [INF] HTTP GET /api/render/730ab574-a1c2-4fbd-86b9-70610b61940f/status responded 200 in 0.6063 ms
2026-03-13 17:05:46.407 +07:00 [INF] HTTP GET /api/render/9ac2187f-1382-4a0d-9fa2-2fe77cbc8806/status responded 200 in 1.5522 ms
2026-03-13 17:05:46.410 +07:00 [INF] HTTP GET /api/render/730ab574-a1c2-4fbd-86b9-70610b61940f/status responded 200 in 0.9042 ms
2026-03-13 17:06:03.347 +07:00 [INF] HTTP GET /api/trends responded 200 in 57.7355 ms
2026-03-13 17:06:03.350 +07:00 [INF] HTTP GET /api/trends responded 200 in 1.5964 ms
2026-03-13 17:06:07.360 +07:00 [INF] HTTP GET /api/trends responded 200 in 2.7355 ms
2026-03-13 17:06:15.821 +07:00 [INF] HTTP GET /api/trends responded 200 in 2.2293 ms
2026-03-13 17:06:31.667 +07:00 [INF] HTTP POST /api/prompts/generate responded 201 in 46.3608 ms
2026-03-13 17:06:52.472 +07:00 [INF] HTTP POST /api/prompts/generate-series responded 201 in 10506.5116 ms
2026-03-13 17:07:20.325 +07:00 [INF] Application environment: Development
2026-03-13 17:07:20.817 +07:00 [INF] AutoVeo API started on 
2026-03-13 17:07:20.850 +07:00 [INF] TrendCrawlerWorker started
2026-03-13 17:07:20.851 +07:00 [INF] Veo3GenerationWorker started with max parallelism: 3
2026-03-13 17:07:25.851 +07:00 [INF] TrendCrawlerWorker: Starting scheduled crawl...
2026-03-13 17:07:25.936 +07:00 [INF] Crawling YouTube trends for region Global
2026-03-13 17:07:26.786 +07:00 [INF] Collected 20 YouTube trends for region Global
2026-03-13 17:07:26.874 +07:00 [INF] Saved 20 trends from YouTube (Global)
2026-03-13 17:07:26.874 +07:00 [INF] Crawling YouTube trends for region United States
2026-03-13 17:07:27.018 +07:00 [ERR] YouTube API error: "BadRequest" - {
  "error": {
    "code": 400,
    "message": "The \u003ccode\u003eregionCode\u003c/code\u003e parameter specifies an invalid region code.",
    "errors": [
      {
        "message": "The \u003ccode\u003eregionCode\u003c/code\u003e parameter specifies an invalid region code.",
        "domain": "youtube.parameter",
        "reason": "invalidRegionCode",
        "location": "regionCode",
        "locationType": "parameter"
      }
    ]
  }
}

2026-03-13 17:07:27.019 +07:00 [ERR] Failed to collect YouTube trends for region United States
System.Net.Http.HttpRequestException: Response status code does not indicate success: 400 (Bad Request).
   at System.Net.Http.HttpResponseMessage.EnsureSuccessStatusCode()
   at AutoVeo.Infrastructure.External.YouTubeTrendCollector.CollectAsync(String region, CancellationToken ct) in /Users/macbook/Documents/Coding/AutoVeo/backend/src/AutoVeo.Infrastructure/External/TrendCollectors.cs:line 44
2026-03-13 17:07:27.024 +07:00 [INF] Saved 0 trends from YouTube (United States)
2026-03-13 17:07:27.024 +07:00 [INF] Crawling YouTube trends for region Vietnam
2026-03-13 17:07:27.138 +07:00 [ERR] YouTube API error: "BadRequest" - {
  "error": {
    "code": 400,
    "message": "The \u003ccode\u003eregionCode\u003c/code\u003e parameter specifies an invalid region code.",
    "errors": [
      {
        "message": "The \u003ccode\u003eregionCode\u003c/code\u003e parameter specifies an invalid region code.",
        "domain": "youtube.parameter",
        "reason": "invalidRegionCode",
        "location": "regionCode",
        "locationType": "parameter"
      }
    ]
  }
}

2026-03-13 17:07:27.138 +07:00 [ERR] Failed to collect YouTube trends for region Vietnam
System.Net.Http.HttpRequestException: Response status code does not indicate success: 400 (Bad Request).
   at System.Net.Http.HttpResponseMessage.EnsureSuccessStatusCode()
   at AutoVeo.Infrastructure.External.YouTubeTrendCollector.CollectAsync(String region, CancellationToken ct) in /Users/macbook/Documents/Coding/AutoVeo/backend/src/AutoVeo.Infrastructure/External/TrendCollectors.cs:line 44
2026-03-13 17:07:27.139 +07:00 [INF] Saved 0 trends from YouTube (Vietnam)
2026-03-13 17:07:27.140 +07:00 [INF] Crawling TikTok trends for region Global
2026-03-13 17:07:29.152 +07:00 [INF] Fetching TikTok trends from Tikwm for region: Global
2026-03-13 17:07:29.709 +07:00 [INF] Collected 0 TikTok trends from Tikwm for region Global
2026-03-13 17:07:29.709 +07:00 [INF] Saved 0 trends from TikTok (Global)
2026-03-13 17:07:29.709 +07:00 [INF] Crawling TikTok trends for region United States
2026-03-13 17:07:31.711 +07:00 [INF] Fetching TikTok trends from Tikwm for region: United States
2026-03-13 17:07:35.209 +07:00 [INF] HTTP POST /api/prompts/generate-series responded 201 in 5802.9225 ms
2026-03-13 17:07:37.036 +07:00 [INF] Collected 7 TikTok trends from Tikwm for region United States
2026-03-13 17:07:37.048 +07:00 [INF] Saved 7 trends from TikTok (United States)
2026-03-13 17:07:37.048 +07:00 [INF] Crawling TikTok trends for region Vietnam
2026-03-13 17:07:39.048 +07:00 [INF] Fetching TikTok trends from Tikwm for region: Vietnam
2026-03-13 17:07:42.786 +07:00 [INF] HTTP POST /api/render/submit responded 404 in 1.3187 ms
2026-03-13 17:07:44.454 +07:00 [INF] Collected 5 TikTok trends from Tikwm for region Vietnam
2026-03-13 17:07:44.466 +07:00 [INF] Saved 5 trends from TikTok (Vietnam)
2026-03-13 17:07:44.467 +07:00 [INF] Crawling Google Trends trends for region Global
2026-03-13 17:07:45.667 +07:00 [INF] Collected 10 Google Trends for region Global
2026-03-13 17:07:45.675 +07:00 [INF] Saved 10 trends from Google Trends (Global)
2026-03-13 17:07:45.675 +07:00 [INF] Crawling Google Trends trends for region United States
2026-03-13 17:07:45.877 +07:00 [ERR] Failed to collect Google Trends for region United States
System.Net.Http.HttpRequestException: Response status code does not indicate success: 400 (Bad Request).
   at System.Net.Http.HttpResponseMessage.EnsureSuccessStatusCode()
   at System.Net.Http.HttpClient.GetStringAsyncCore(HttpRequestMessage request, CancellationToken cancellationToken)
   at AutoVeo.Infrastructure.External.GoogleTrendsCollector.CollectAsync(String region, CancellationToken ct) in /Users/macbook/Documents/Coding/AutoVeo/backend/src/AutoVeo.Infrastructure/External/TrendCollectors.cs:line 256
2026-03-13 17:07:45.879 +07:00 [INF] Saved 0 trends from Google Trends (United States)
2026-03-13 17:07:45.879 +07:00 [INF] Crawling Google Trends trends for region Vietnam
2026-03-13 17:07:46.036 +07:00 [ERR] Failed to collect Google Trends for region Vietnam
System.Net.Http.HttpRequestException: Response status code does not indicate success: 400 (Bad Request).
   at System.Net.Http.HttpResponseMessage.EnsureSuccessStatusCode()
   at System.Net.Http.HttpClient.GetStringAsyncCore(HttpRequestMessage request, CancellationToken cancellationToken)
   at AutoVeo.Infrastructure.External.GoogleTrendsCollector.CollectAsync(String region, CancellationToken ct) in /Users/macbook/Documents/Coding/AutoVeo/backend/src/AutoVeo.Infrastructure/External/TrendCollectors.cs:line 256
2026-03-13 17:07:46.036 +07:00 [INF] Saved 0 trends from Google Trends (Vietnam)
2026-03-13 17:07:46.044 +07:00 [INF] TrendCrawlerWorker: Waiting 60 minutes for next crawl...
2026-03-13 17:08:08.331 +07:00 [INF] HTTP POST /api/render responded 202 in 50.4533 ms
2026-03-13 17:08:10.926 +07:00 [INF] Found 1 pending renders. Attempting to process in parallel...
2026-03-13 17:08:10.945 +07:00 [INF] Starting generation for render "c6144d42-d711-4d34-8129-f1bed2b11a77". Prompt: Create a 8s cinematic video featuring A small, anthropomorphic red panda with vibrant rust-colored fur, white facial markings around its eyes, and a thick, bushy tail with dark rings. It wears a miniature indigo-dyed hanten jacket with a delicate white wave pattern and a tiny wooden prayer bead necklace.. Theme: Cinematic 8k resolution, traditional Kyoto aesthetic, soft morning sunlight filtering through cherry blossom trees, warm wooden textures of machiya townhouses, soft pink and earthy brown color palette, shallow depth of field, slow-motion cinematic camera movement.. Scene: The red panda walks cautiously along a narrow cobblestone path in the Gion district, its paws softly padding on the stones as it looks up in wonder at the blooming sakura petals falling like snow around it.. Optimized for TikTok vertical format.
2026-03-13 17:14:13.965 +07:00 [INF] Node script completed for "c6144d42-d711-4d34-8129-f1bed2b11a77". Exit code: 1
2026-03-13 17:14:13.966 +07:00 [ERR] Failed to generate video for render "c6144d42-d711-4d34-8129-f1bed2b11a77"
System.Exception: Script exited with code 1. Error: Automation failed: locator.waitFor: Timeout 300000ms exceeded.
Call log:
  - waiting for locator('video').first() to be visible
    452 × locator resolved to hidden <video playsinline="" preload="none" crossorigin="anonymous" class="sc-d64366c4-2 dgzEKm" src="/fx/api/trpc/media.getMediaUrlRedirect?name=9400689e-2cc9-4b49-be1e-554de5fe86bb"></video>

    at generateVideo (/Users/macbook/Documents/Coding/AutoVeo/automation/generate.js:171:24) {
  name: 'TimeoutError'
}
Fatal automation error: locator.waitFor: Timeout 300000ms exceeded.
Call log:
  - waiting for locator('video').first() to be visible
    452 × locator resolved to hidden <video playsinline="" preload="none" crossorigin="anonymous" class="sc-d64366c4-2 dgzEKm" src="/fx/api/trpc/media.getMediaUrlRedirect?name=9400689e-2cc9-4b49-be1e-554de5fe86bb"></video>

    at generateVideo (/Users/macbook/Documents/Coding/AutoVeo/automation/generate.js:171:24) {
  name: 'TimeoutError'
}

   at AutoVeo.Infrastructure.BackgroundJobs.Veo3GenerationWorker.ProcessSingleRenderAsync(Guid renderId, CancellationToken ct) in /Users/macbook/Documents/Coding/AutoVeo/backend/src/AutoVeo.Infrastructure/BackgroundJobs/Workers.cs:line 290
2026-03-13 17:14:46.916 +07:00 [INF] Application environment: Development
2026-03-13 17:14:47.387 +07:00 [INF] AutoVeo API started on 
2026-03-13 17:14:47.402 +07:00 [INF] TrendCrawlerWorker started
2026-03-13 17:14:47.404 +07:00 [INF] Veo3GenerationWorker started with max parallelism: 3
2026-03-13 17:14:47.464 +07:00 [ERR] Failed executing DbCommand (1ms) [Parameters=[], CommandType='"Text"', CommandTimeout='30']
SELECT "r"."Id", "r"."AspectRatio", "r"."CompletedAt", "r"."ExternalJobId", "r"."PromptId", "r"."Status", "r"."StyleOverride", "r"."SubmittedAt", "r"."UserId", "g"."Id", "g"."Character", "g"."CreatedAt", "g"."Duration", "g"."PlatformTarget", "g"."PromptStyleId", "g"."PromptText", "g"."SceneDetail", "g"."SeriesId", "g"."SourceTrendId", "g"."Theme", "g"."UserId"
FROM "RenderRequests" AS "r"
INNER JOIN "GeneratedPrompts" AS "g" ON "r"."PromptId" = "g"."Id"
WHERE "r"."Status" = 'Pending'
2026-03-13 17:14:47.471 +07:00 [ERR] An exception occurred while iterating over the results of a query for context type 'AutoVeo.Infrastructure.Data.AutoVeoDbContext'.
Microsoft.Data.Sqlite.SqliteException (0x80004005): SQLite Error 1: 'no such column: g.SeriesId'.
   at Microsoft.Data.Sqlite.SqliteException.ThrowExceptionForRC(Int32 rc, sqlite3 db)
   at Microsoft.Data.Sqlite.SqliteCommand.PrepareAndEnumerateStatements()+MoveNext()
   at Microsoft.Data.Sqlite.SqliteCommand.GetStatements()+MoveNext()
   at Microsoft.Data.Sqlite.SqliteDataReader.NextResult()
   at Microsoft.Data.Sqlite.SqliteCommand.ExecuteReader(CommandBehavior behavior)
   at Microsoft.Data.Sqlite.SqliteCommand.ExecuteReaderAsync(CommandBehavior behavior, CancellationToken cancellationToken)
   at Microsoft.Data.Sqlite.SqliteCommand.ExecuteDbDataReaderAsync(CommandBehavior behavior, CancellationToken cancellationToken)
   at Microsoft.EntityFrameworkCore.Storage.RelationalCommand.ExecuteReaderAsync(RelationalCommandParameterObject parameterObject, CancellationToken cancellationToken)
   at Microsoft.EntityFrameworkCore.Storage.RelationalCommand.ExecuteReaderAsync(RelationalCommandParameterObject parameterObject, CancellationToken cancellationToken)
   at Microsoft.EntityFrameworkCore.Query.Internal.SingleQueryingEnumerable`1.AsyncEnumerator.InitializeReaderAsync(AsyncEnumerator enumerator, CancellationToken cancellationToken)
   at Microsoft.EntityFrameworkCore.Query.Internal.SingleQueryingEnumerable`1.AsyncEnumerator.MoveNextAsync()
Microsoft.Data.Sqlite.SqliteException (0x80004005): SQLite Error 1: 'no such column: g.SeriesId'.
   at Microsoft.Data.Sqlite.SqliteException.ThrowExceptionForRC(Int32 rc, sqlite3 db)
   at Microsoft.Data.Sqlite.SqliteCommand.PrepareAndEnumerateStatements()+MoveNext()
   at Microsoft.Data.Sqlite.SqliteCommand.GetStatements()+MoveNext()
   at Microsoft.Data.Sqlite.SqliteDataReader.NextResult()
   at Microsoft.Data.Sqlite.SqliteCommand.ExecuteReader(CommandBehavior behavior)
   at Microsoft.Data.Sqlite.SqliteCommand.ExecuteReaderAsync(CommandBehavior behavior, CancellationToken cancellationToken)
   at Microsoft.Data.Sqlite.SqliteCommand.ExecuteDbDataReaderAsync(CommandBehavior behavior, CancellationToken cancellationToken)
   at Microsoft.EntityFrameworkCore.Storage.RelationalCommand.ExecuteReaderAsync(RelationalCommandParameterObject parameterObject, CancellationToken cancellationToken)
   at Microsoft.EntityFrameworkCore.Storage.RelationalCommand.ExecuteReaderAsync(RelationalCommandParameterObject parameterObject, CancellationToken cancellationToken)
   at Microsoft.EntityFrameworkCore.Query.Internal.SingleQueryingEnumerable`1.AsyncEnumerator.InitializeReaderAsync(AsyncEnumerator enumerator, CancellationToken cancellationToken)
   at Microsoft.EntityFrameworkCore.Query.Internal.SingleQueryingEnumerable`1.AsyncEnumerator.MoveNextAsync()
2026-03-13 17:14:47.472 +07:00 [ERR] Veo3GenerationWorker encountered an error
Microsoft.Data.Sqlite.SqliteException (0x80004005): SQLite Error 1: 'no such column: g.SeriesId'.
   at Microsoft.Data.Sqlite.SqliteException.ThrowExceptionForRC(Int32 rc, sqlite3 db)
   at Microsoft.Data.Sqlite.SqliteCommand.PrepareAndEnumerateStatements()+MoveNext()
   at Microsoft.Data.Sqlite.SqliteCommand.GetStatements()+MoveNext()
   at Microsoft.Data.Sqlite.SqliteDataReader.NextResult()
   at Microsoft.Data.Sqlite.SqliteCommand.ExecuteReader(CommandBehavior behavior)
   at Microsoft.Data.Sqlite.SqliteCommand.ExecuteReaderAsync(CommandBehavior behavior, CancellationToken cancellationToken)
   at Microsoft.Data.Sqlite.SqliteCommand.ExecuteDbDataReaderAsync(CommandBehavior behavior, CancellationToken cancellationToken)
   at Microsoft.EntityFrameworkCore.Storage.RelationalCommand.ExecuteReaderAsync(RelationalCommandParameterObject parameterObject, CancellationToken cancellationToken)
   at Microsoft.EntityFrameworkCore.Storage.RelationalCommand.ExecuteReaderAsync(RelationalCommandParameterObject parameterObject, CancellationToken cancellationToken)
   at Microsoft.EntityFrameworkCore.Query.Internal.SingleQueryingEnumerable`1.AsyncEnumerator.InitializeReaderAsync(AsyncEnumerator enumerator, CancellationToken cancellationToken)
   at Microsoft.EntityFrameworkCore.Query.Internal.SingleQueryingEnumerable`1.AsyncEnumerator.MoveNextAsync()
   at Microsoft.EntityFrameworkCore.EntityFrameworkQueryableExtensions.ToListAsync[TSource](IQueryable`1 source, CancellationToken cancellationToken)
   at Microsoft.EntityFrameworkCore.EntityFrameworkQueryableExtensions.ToListAsync[TSource](IQueryable`1 source, CancellationToken cancellationToken)
   at AutoVeo.Infrastructure.BackgroundJobs.Veo3GenerationWorker.ProcessPendingRendersAsync(CancellationToken ct) in /Users/macbook/Documents/Coding/AutoVeo/backend/src/AutoVeo.Infrastructure/BackgroundJobs/Workers.cs:line 178
   at AutoVeo.Infrastructure.BackgroundJobs.Veo3GenerationWorker.ExecuteAsync(CancellationToken stoppingToken) in /Users/macbook/Documents/Coding/AutoVeo/backend/src/AutoVeo.Infrastructure/BackgroundJobs/Workers.cs:line 161
2026-03-13 17:14:52.404 +07:00 [INF] TrendCrawlerWorker: Starting scheduled crawl...
2026-03-13 17:14:52.502 +07:00 [INF] Crawling YouTube trends for region Global
2026-03-13 17:14:53.410 +07:00 [INF] Collected 20 YouTube trends for region Global
2026-03-13 17:14:53.505 +07:00 [INF] Saved 20 trends from YouTube (Global)
2026-03-13 17:14:53.505 +07:00 [INF] Crawling YouTube trends for region United States
2026-03-13 17:14:53.649 +07:00 [ERR] YouTube API error: "BadRequest" - {
  "error": {
    "code": 400,
    "message": "The \u003ccode\u003eregionCode\u003c/code\u003e parameter specifies an invalid region code.",
    "errors": [
      {
        "message": "The \u003ccode\u003eregionCode\u003c/code\u003e parameter specifies an invalid region code.",
        "domain": "youtube.parameter",
        "reason": "invalidRegionCode",
        "location": "regionCode",
        "locationType": "parameter"
      }
    ]
  }
}

2026-03-13 17:14:53.650 +07:00 [ERR] Failed to collect YouTube trends for region United States
System.Net.Http.HttpRequestException: Response status code does not indicate success: 400 (Bad Request).
   at System.Net.Http.HttpResponseMessage.EnsureSuccessStatusCode()
   at AutoVeo.Infrastructure.External.YouTubeTrendCollector.CollectAsync(String region, CancellationToken ct) in /Users/macbook/Documents/Coding/AutoVeo/backend/src/AutoVeo.Infrastructure/External/TrendCollectors.cs:line 44
2026-03-13 17:14:53.651 +07:00 [INF] Saved 0 trends from YouTube (United States)
2026-03-13 17:14:53.651 +07:00 [INF] Crawling YouTube trends for region Vietnam
2026-03-13 17:14:53.773 +07:00 [ERR] YouTube API error: "BadRequest" - {
  "error": {
    "code": 400,
    "message": "The \u003ccode\u003eregionCode\u003c/code\u003e parameter specifies an invalid region code.",
    "errors": [
      {
        "message": "The \u003ccode\u003eregionCode\u003c/code\u003e parameter specifies an invalid region code.",
        "domain": "youtube.parameter",
        "reason": "invalidRegionCode",
        "location": "regionCode",
        "locationType": "parameter"
      }
    ]
  }
}

2026-03-13 17:14:53.773 +07:00 [ERR] Failed to collect YouTube trends for region Vietnam
System.Net.Http.HttpRequestException: Response status code does not indicate success: 400 (Bad Request).
   at System.Net.Http.HttpResponseMessage.EnsureSuccessStatusCode()
   at AutoVeo.Infrastructure.External.YouTubeTrendCollector.CollectAsync(String region, CancellationToken ct) in /Users/macbook/Documents/Coding/AutoVeo/backend/src/AutoVeo.Infrastructure/External/TrendCollectors.cs:line 44
2026-03-13 17:14:53.774 +07:00 [INF] Saved 0 trends from YouTube (Vietnam)
2026-03-13 17:14:53.777 +07:00 [INF] Crawling TikTok trends for region Global
2026-03-13 17:14:55.786 +07:00 [INF] Fetching TikTok trends from Tikwm for region: Global
2026-03-13 17:14:56.520 +07:00 [INF] Collected 0 TikTok trends from Tikwm for region Global
2026-03-13 17:14:56.522 +07:00 [INF] Saved 0 trends from TikTok (Global)
2026-03-13 17:14:56.522 +07:00 [INF] Crawling TikTok trends for region United States
2026-03-13 17:14:57.476 +07:00 [ERR] Failed executing DbCommand (0ms) [Parameters=[], CommandType='"Text"', CommandTimeout='30']
SELECT "r"."Id", "r"."AspectRatio", "r"."CompletedAt", "r"."ExternalJobId", "r"."PromptId", "r"."Status", "r"."StyleOverride", "r"."SubmittedAt", "r"."UserId", "g"."Id", "g"."Character", "g"."CreatedAt", "g"."Duration", "g"."PlatformTarget", "g"."PromptStyleId", "g"."PromptText", "g"."SceneDetail", "g"."SeriesId", "g"."SourceTrendId", "g"."Theme", "g"."UserId"
FROM "RenderRequests" AS "r"
INNER JOIN "GeneratedPrompts" AS "g" ON "r"."PromptId" = "g"."Id"
WHERE "r"."Status" = 'Pending'
2026-03-13 17:14:57.477 +07:00 [ERR] An exception occurred while iterating over the results of a query for context type 'AutoVeo.Infrastructure.Data.AutoVeoDbContext'.
Microsoft.Data.Sqlite.SqliteException (0x80004005): SQLite Error 1: 'no such column: g.SeriesId'.
   at Microsoft.Data.Sqlite.SqliteException.ThrowExceptionForRC(Int32 rc, sqlite3 db)
   at Microsoft.Data.Sqlite.SqliteCommand.PrepareAndEnumerateStatements()+MoveNext()
   at Microsoft.Data.Sqlite.SqliteCommand.GetStatements()+MoveNext()
   at Microsoft.Data.Sqlite.SqliteDataReader.NextResult()
   at Microsoft.Data.Sqlite.SqliteCommand.ExecuteReader(CommandBehavior behavior)
   at Microsoft.Data.Sqlite.SqliteCommand.ExecuteReaderAsync(CommandBehavior behavior, CancellationToken cancellationToken)
   at Microsoft.Data.Sqlite.SqliteCommand.ExecuteDbDataReaderAsync(CommandBehavior behavior, CancellationToken cancellationToken)
   at Microsoft.EntityFrameworkCore.Storage.RelationalCommand.ExecuteReaderAsync(RelationalCommandParameterObject parameterObject, CancellationToken cancellationToken)
   at Microsoft.EntityFrameworkCore.Storage.RelationalCommand.ExecuteReaderAsync(RelationalCommandParameterObject parameterObject, CancellationToken cancellationToken)
   at Microsoft.EntityFrameworkCore.Query.Internal.SingleQueryingEnumerable`1.AsyncEnumerator.InitializeReaderAsync(AsyncEnumerator enumerator, CancellationToken cancellationToken)
   at Microsoft.EntityFrameworkCore.Query.Internal.SingleQueryingEnumerable`1.AsyncEnumerator.MoveNextAsync()
Microsoft.Data.Sqlite.SqliteException (0x80004005): SQLite Error 1: 'no such column: g.SeriesId'.
   at Microsoft.Data.Sqlite.SqliteException.ThrowExceptionForRC(Int32 rc, sqlite3 db)
   at Microsoft.Data.Sqlite.SqliteCommand.PrepareAndEnumerateStatements()+MoveNext()
   at Microsoft.Data.Sqlite.SqliteCommand.GetStatements()+MoveNext()
   at Microsoft.Data.Sqlite.SqliteDataReader.NextResult()
   at Microsoft.Data.Sqlite.SqliteCommand.ExecuteReader(CommandBehavior behavior)
   at Microsoft.Data.Sqlite.SqliteCommand.ExecuteReaderAsync(CommandBehavior behavior, CancellationToken cancellationToken)
   at Microsoft.Data.Sqlite.SqliteCommand.ExecuteDbDataReaderAsync(CommandBehavior behavior, CancellationToken cancellationToken)
   at Microsoft.EntityFrameworkCore.Storage.RelationalCommand.ExecuteReaderAsync(RelationalCommandParameterObject parameterObject, CancellationToken cancellationToken)
   at Microsoft.EntityFrameworkCore.Storage.RelationalCommand.ExecuteReaderAsync(RelationalCommandParameterObject parameterObject, CancellationToken cancellationToken)
   at Microsoft.EntityFrameworkCore.Query.Internal.SingleQueryingEnumerable`1.AsyncEnumerator.InitializeReaderAsync(AsyncEnumerator enumerator, CancellationToken cancellationToken)
   at Microsoft.EntityFrameworkCore.Query.Internal.SingleQueryingEnumerable`1.AsyncEnumerator.MoveNextAsync()
2026-03-13 17:14:57.479 +07:00 [ERR] Veo3GenerationWorker encountered an error
Microsoft.Data.Sqlite.SqliteException (0x80004005): SQLite Error 1: 'no such column: g.SeriesId'.
   at Microsoft.Data.Sqlite.SqliteException.ThrowExceptionForRC(Int32 rc, sqlite3 db)
   at Microsoft.Data.Sqlite.SqliteCommand.PrepareAndEnumerateStatements()+MoveNext()
   at Microsoft.Data.Sqlite.SqliteCommand.GetStatements()+MoveNext()
   at Microsoft.Data.Sqlite.SqliteDataReader.NextResult()
   at Microsoft.Data.Sqlite.SqliteCommand.ExecuteReader(CommandBehavior behavior)
   at Microsoft.Data.Sqlite.SqliteCommand.ExecuteReaderAsync(CommandBehavior behavior, CancellationToken cancellationToken)
   at Microsoft.Data.Sqlite.SqliteCommand.ExecuteDbDataReaderAsync(CommandBehavior behavior, CancellationToken cancellationToken)
   at Microsoft.EntityFrameworkCore.Storage.RelationalCommand.ExecuteReaderAsync(RelationalCommandParameterObject parameterObject, CancellationToken cancellationToken)
   at Microsoft.EntityFrameworkCore.Storage.RelationalCommand.ExecuteReaderAsync(RelationalCommandParameterObject parameterObject, CancellationToken cancellationToken)
   at Microsoft.EntityFrameworkCore.Query.Internal.SingleQueryingEnumerable`1.AsyncEnumerator.InitializeReaderAsync(AsyncEnumerator enumerator, CancellationToken cancellationToken)
   at Microsoft.EntityFrameworkCore.Query.Internal.SingleQueryingEnumerable`1.AsyncEnumerator.MoveNextAsync()
   at Microsoft.EntityFrameworkCore.EntityFrameworkQueryableExtensions.ToListAsync[TSource](IQueryable`1 source, CancellationToken cancellationToken)
   at Microsoft.EntityFrameworkCore.EntityFrameworkQueryableExtensions.ToListAsync[TSource](IQueryable`1 source, CancellationToken cancellationToken)
   at AutoVeo.Infrastructure.BackgroundJobs.Veo3GenerationWorker.ProcessPendingRendersAsync(CancellationToken ct) in /Users/macbook/Documents/Coding/AutoVeo/backend/src/AutoVeo.Infrastructure/BackgroundJobs/Workers.cs:line 178
   at AutoVeo.Infrastructure.BackgroundJobs.Veo3GenerationWorker.ExecuteAsync(CancellationToken stoppingToken) in /Users/macbook/Documents/Coding/AutoVeo/backend/src/AutoVeo.Infrastructure/BackgroundJobs/Workers.cs:line 161
2026-03-13 17:14:58.521 +07:00 [INF] Fetching TikTok trends from Tikwm for region: United States
2026-03-13 17:15:03.789 +07:00 [INF] Collected 4 TikTok trends from Tikwm for region United States
2026-03-13 17:15:03.800 +07:00 [INF] Saved 4 trends from TikTok (United States)
2026-03-13 17:15:03.800 +07:00 [INF] Crawling TikTok trends for region Vietnam
2026-03-13 17:15:05.801 +07:00 [INF] Fetching TikTok trends from Tikwm for region: Vietnam
2026-03-13 17:15:06.243 +07:00 [ERR] Failed executing DbCommand (0ms) [Parameters=[@p0='?' (DbType = Guid), @p1='?' (Size = 354), @p2='?' (DbType = DateTime), @p3='?' (Size = 2), @p4='?' (Size = 6), @p5='?' (DbType = Int32), @p6='?' (Size = 1070), @p7='?' (Size = 337), @p8='?' (DbType = Guid), @p9='?' (DbType = Guid), @p10='?' (Size = 284), @p11='?' (DbType = Guid)], CommandType='"Text"', CommandTimeout='30']
INSERT INTO "GeneratedPrompts" ("Id", "Character", "CreatedAt", "Duration", "PlatformTarget", "PromptStyleId", "PromptText", "SceneDetail", "SeriesId", "SourceTrendId", "Theme", "UserId")
VALUES (@p0, @p1, @p2, @p3, @p4, @p5, @p6, @p7, @p8, @p9, @p10, @p11);
2026-03-13 17:15:06.247 +07:00 [ERR] An exception occurred in the database while saving changes for context type 'AutoVeo.Infrastructure.Data.AutoVeoDbContext'.
Microsoft.EntityFrameworkCore.DbUpdateException: An error occurred while saving the entity changes. See the inner exception for details.
 ---> Microsoft.Data.Sqlite.SqliteException (0x80004005): SQLite Error 1: 'table GeneratedPrompts has no column named SeriesId'.
   at Microsoft.Data.Sqlite.SqliteException.ThrowExceptionForRC(Int32 rc, sqlite3 db)
   at Microsoft.Data.Sqlite.SqliteCommand.PrepareAndEnumerateStatements()+MoveNext()
   at Microsoft.Data.Sqlite.SqliteCommand.GetStatements()+MoveNext()
   at Microsoft.Data.Sqlite.SqliteDataReader.NextResult()
   at Microsoft.Data.Sqlite.SqliteCommand.ExecuteReader(CommandBehavior behavior)
   at Microsoft.Data.Sqlite.SqliteCommand.ExecuteReaderAsync(CommandBehavior behavior, CancellationToken cancellationToken)
   at Microsoft.Data.Sqlite.SqliteCommand.ExecuteDbDataReaderAsync(CommandBehavior behavior, CancellationToken cancellationToken)
   at Microsoft.EntityFrameworkCore.Storage.RelationalCommand.ExecuteReaderAsync(RelationalCommandParameterObject parameterObject, CancellationToken cancellationToken)
   at Microsoft.EntityFrameworkCore.Storage.RelationalCommand.ExecuteReaderAsync(RelationalCommandParameterObject parameterObject, CancellationToken cancellationToken)
   at Microsoft.EntityFrameworkCore.Update.ReaderModificationCommandBatch.ExecuteAsync(IRelationalConnection connection, CancellationToken cancellationToken)
   --- End of inner exception stack trace ---
   at Microsoft.EntityFrameworkCore.Update.ReaderModificationCommandBatch.ExecuteAsync(IRelationalConnection connection, CancellationToken cancellationToken)
   at Microsoft.EntityFrameworkCore.Update.Internal.BatchExecutor.ExecuteAsync(IEnumerable`1 commandBatches, IRelationalConnection connection, CancellationToken cancellationToken)
   at Microsoft.EntityFrameworkCore.Update.Internal.BatchExecutor.ExecuteAsync(IEnumerable`1 commandBatches, IRelationalConnection connection, CancellationToken cancellationToken)
   at Microsoft.EntityFrameworkCore.Update.Internal.BatchExecutor.ExecuteAsync(IEnumerable`1 commandBatches, IRelationalConnection connection, CancellationToken cancellationToken)
   at Microsoft.EntityFrameworkCore.ChangeTracking.Internal.StateManager.SaveChangesAsync(IList`1 entriesToSave, CancellationToken cancellationToken)
   at Microsoft.EntityFrameworkCore.ChangeTracking.Internal.StateManager.SaveChangesAsync(StateManager stateManager, Boolean acceptAllChangesOnSuccess, CancellationToken cancellationToken)
   at Microsoft.EntityFrameworkCore.DbContext.SaveChangesAsync(Boolean acceptAllChangesOnSuccess, CancellationToken cancellationToken)
Microsoft.EntityFrameworkCore.DbUpdateException: An error occurred while saving the entity changes. See the inner exception for details.
 ---> Microsoft.Data.Sqlite.SqliteException (0x80004005): SQLite Error 1: 'table GeneratedPrompts has no column named SeriesId'.
   at Microsoft.Data.Sqlite.SqliteException.ThrowExceptionForRC(Int32 rc, sqlite3 db)
   at Microsoft.Data.Sqlite.SqliteCommand.PrepareAndEnumerateStatements()+MoveNext()
   at Microsoft.Data.Sqlite.SqliteCommand.GetStatements()+MoveNext()
   at Microsoft.Data.Sqlite.SqliteDataReader.NextResult()
   at Microsoft.Data.Sqlite.SqliteCommand.ExecuteReader(CommandBehavior behavior)
   at Microsoft.Data.Sqlite.SqliteCommand.ExecuteReaderAsync(CommandBehavior behavior, CancellationToken cancellationToken)
   at Microsoft.Data.Sqlite.SqliteCommand.ExecuteDbDataReaderAsync(CommandBehavior behavior, CancellationToken cancellationToken)
   at Microsoft.EntityFrameworkCore.Storage.RelationalCommand.ExecuteReaderAsync(RelationalCommandParameterObject parameterObject, CancellationToken cancellationToken)
   at Microsoft.EntityFrameworkCore.Storage.RelationalCommand.ExecuteReaderAsync(RelationalCommandParameterObject parameterObject, CancellationToken cancellationToken)
   at Microsoft.EntityFrameworkCore.Update.ReaderModificationCommandBatch.ExecuteAsync(IRelationalConnection connection, CancellationToken cancellationToken)
   --- End of inner exception stack trace ---
   at Microsoft.EntityFrameworkCore.Update.ReaderModificationCommandBatch.ExecuteAsync(IRelationalConnection connection, CancellationToken cancellationToken)
   at Microsoft.EntityFrameworkCore.Update.Internal.BatchExecutor.ExecuteAsync(IEnumerable`1 commandBatches, IRelationalConnection connection, CancellationToken cancellationToken)
   at Microsoft.EntityFrameworkCore.Update.Internal.BatchExecutor.ExecuteAsync(IEnumerable`1 commandBatches, IRelationalConnection connection, CancellationToken cancellationToken)
   at Microsoft.EntityFrameworkCore.Update.Internal.BatchExecutor.ExecuteAsync(IEnumerable`1 commandBatches, IRelationalConnection connection, CancellationToken cancellationToken)
   at Microsoft.EntityFrameworkCore.ChangeTracking.Internal.StateManager.SaveChangesAsync(IList`1 entriesToSave, CancellationToken cancellationToken)
   at Microsoft.EntityFrameworkCore.ChangeTracking.Internal.StateManager.SaveChangesAsync(StateManager stateManager, Boolean acceptAllChangesOnSuccess, CancellationToken cancellationToken)
   at Microsoft.EntityFrameworkCore.DbContext.SaveChangesAsync(Boolean acceptAllChangesOnSuccess, CancellationToken cancellationToken)
2026-03-13 17:15:06.251 +07:00 [ERR] HTTP POST /api/prompts/generate-series responded 500 in 8929.9182 ms
Microsoft.EntityFrameworkCore.DbUpdateException: An error occurred while saving the entity changes. See the inner exception for details.
 ---> Microsoft.Data.Sqlite.SqliteException (0x80004005): SQLite Error 1: 'table GeneratedPrompts has no column named SeriesId'.
   at Microsoft.Data.Sqlite.SqliteException.ThrowExceptionForRC(Int32 rc, sqlite3 db)
   at Microsoft.Data.Sqlite.SqliteCommand.PrepareAndEnumerateStatements()+MoveNext()
   at Microsoft.Data.Sqlite.SqliteCommand.GetStatements()+MoveNext()
   at Microsoft.Data.Sqlite.SqliteDataReader.NextResult()
   at Microsoft.Data.Sqlite.SqliteCommand.ExecuteReader(CommandBehavior behavior)
   at Microsoft.Data.Sqlite.SqliteCommand.ExecuteReaderAsync(CommandBehavior behavior, CancellationToken cancellationToken)
   at Microsoft.Data.Sqlite.SqliteCommand.ExecuteDbDataReaderAsync(CommandBehavior behavior, CancellationToken cancellationToken)
   at Microsoft.EntityFrameworkCore.Storage.RelationalCommand.ExecuteReaderAsync(RelationalCommandParameterObject parameterObject, CancellationToken cancellationToken)
   at Microsoft.EntityFrameworkCore.Storage.RelationalCommand.ExecuteReaderAsync(RelationalCommandParameterObject parameterObject, CancellationToken cancellationToken)
   at Microsoft.EntityFrameworkCore.Update.ReaderModificationCommandBatch.ExecuteAsync(IRelationalConnection connection, CancellationToken cancellationToken)
   --- End of inner exception stack trace ---
   at Microsoft.EntityFrameworkCore.Update.ReaderModificationCommandBatch.ExecuteAsync(IRelationalConnection connection, CancellationToken cancellationToken)
   at Microsoft.EntityFrameworkCore.Update.Internal.BatchExecutor.ExecuteAsync(IEnumerable`1 commandBatches, IRelationalConnection connection, CancellationToken cancellationToken)
   at Microsoft.EntityFrameworkCore.Update.Internal.BatchExecutor.ExecuteAsync(IEnumerable`1 commandBatches, IRelationalConnection connection, CancellationToken cancellationToken)
   at Microsoft.EntityFrameworkCore.Update.Internal.BatchExecutor.ExecuteAsync(IEnumerable`1 commandBatches, IRelationalConnection connection, CancellationToken cancellationToken)
   at Microsoft.EntityFrameworkCore.ChangeTracking.Internal.StateManager.SaveChangesAsync(IList`1 entriesToSave, CancellationToken cancellationToken)
   at Microsoft.EntityFrameworkCore.ChangeTracking.Internal.StateManager.SaveChangesAsync(StateManager stateManager, Boolean acceptAllChangesOnSuccess, CancellationToken cancellationToken)
   at Microsoft.EntityFrameworkCore.DbContext.SaveChangesAsync(Boolean acceptAllChangesOnSuccess, CancellationToken cancellationToken)
   at Microsoft.EntityFrameworkCore.DbContext.SaveChangesAsync(Boolean acceptAllChangesOnSuccess, CancellationToken cancellationToken)
   at AutoVeo.Infrastructure.Services.PromptService.GenerateConsistentSeriesAsync(Guid userId, GenerateConsistentSeriesRequest request) in /Users/macbook/Documents/Coding/AutoVeo/backend/src/AutoVeo.Infrastructure/Services/PromptService.cs:line 98
   at AutoVeo.Api.Controllers.PromptsController.GenerateSeries(GenerateConsistentSeriesRequest request) in /Users/macbook/Documents/Coding/AutoVeo/backend/src/AutoVeo.Api/Controllers/PromptsController.cs:line 38
   at lambda_method227(Closure, Object)
   at Microsoft.AspNetCore.Mvc.Infrastructure.ActionMethodExecutor.AwaitableObjectResultExecutor.Execute(ActionContext actionContext, IActionResultTypeMapper mapper, ObjectMethodExecutor executor, Object controller, Object[] arguments)
   at Microsoft.AspNetCore.Mvc.Infrastructure.ControllerActionInvoker.<InvokeActionMethodAsync>g__Awaited|12_0(ControllerActionInvoker invoker, ValueTask`1 actionResultValueTask)
   at Microsoft.AspNetCore.Mvc.Infrastructure.ControllerActionInvoker.<InvokeNextActionFilterAsync>g__Awaited|10_0(ControllerActionInvoker invoker, Task lastTask, State next, Scope scope, Object state, Boolean isCompleted)
   at Microsoft.AspNetCore.Mvc.Infrastructure.ControllerActionInvoker.Rethrow(ActionExecutedContextSealed context)
   at Microsoft.AspNetCore.Mvc.Infrastructure.ControllerActionInvoker.Next(State& next, Scope& scope, Object& state, Boolean& isCompleted)
   at Microsoft.AspNetCore.Mvc.Infrastructure.ControllerActionInvoker.<InvokeInnerFilterAsync>g__Awaited|13_0(ControllerActionInvoker invoker, Task lastTask, State next, Scope scope, Object state, Boolean isCompleted)
   at Microsoft.AspNetCore.Mvc.Infrastructure.ResourceInvoker.<InvokeFilterPipelineAsync>g__Awaited|20_0(ResourceInvoker invoker, Task lastTask, State next, Scope scope, Object state, Boolean isCompleted)
   at Microsoft.AspNetCore.Mvc.Infrastructure.ResourceInvoker.<InvokeAsync>g__Awaited|17_0(ResourceInvoker invoker, Task task, IDisposable scope)
   at Microsoft.AspNetCore.Mvc.Infrastructure.ResourceInvoker.<InvokeAsync>g__Awaited|17_0(ResourceInvoker invoker, Task task, IDisposable scope)
   at Microsoft.AspNetCore.Authorization.AuthorizationMiddleware.Invoke(HttpContext context)
   at Microsoft.AspNetCore.Authentication.AuthenticationMiddleware.Invoke(HttpContext context)
   at Microsoft.AspNetCore.RateLimiting.RateLimitingMiddleware.InvokeInternal(HttpContext context, EnableRateLimitingAttribute enableRateLimitingAttribute)
   at Swashbuckle.AspNetCore.SwaggerUI.SwaggerUIMiddleware.Invoke(HttpContext httpContext)
   at Swashbuckle.AspNetCore.Swagger.SwaggerMiddleware.Invoke(HttpContext httpContext, ISwaggerProvider swaggerProvider)
   at Serilog.AspNetCore.RequestLoggingMiddleware.Invoke(HttpContext httpContext)
2026-03-13 17:15:06.255 +07:00 [ERR] Unhandled exception: An error occurred while saving the entity changes. See the inner exception for details.
Microsoft.EntityFrameworkCore.DbUpdateException: An error occurred while saving the entity changes. See the inner exception for details.
 ---> Microsoft.Data.Sqlite.SqliteException (0x80004005): SQLite Error 1: 'table GeneratedPrompts has no column named SeriesId'.
   at Microsoft.Data.Sqlite.SqliteException.ThrowExceptionForRC(Int32 rc, sqlite3 db)
   at Microsoft.Data.Sqlite.SqliteCommand.PrepareAndEnumerateStatements()+MoveNext()
   at Microsoft.Data.Sqlite.SqliteCommand.GetStatements()+MoveNext()
   at Microsoft.Data.Sqlite.SqliteDataReader.NextResult()
   at Microsoft.Data.Sqlite.SqliteCommand.ExecuteReader(CommandBehavior behavior)
   at Microsoft.Data.Sqlite.SqliteCommand.ExecuteReaderAsync(CommandBehavior behavior, CancellationToken cancellationToken)
   at Microsoft.Data.Sqlite.SqliteCommand.ExecuteDbDataReaderAsync(CommandBehavior behavior, CancellationToken cancellationToken)
   at Microsoft.EntityFrameworkCore.Storage.RelationalCommand.ExecuteReaderAsync(RelationalCommandParameterObject parameterObject, CancellationToken cancellationToken)
   at Microsoft.EntityFrameworkCore.Storage.RelationalCommand.ExecuteReaderAsync(RelationalCommandParameterObject parameterObject, CancellationToken cancellationToken)
   at Microsoft.EntityFrameworkCore.Update.ReaderModificationCommandBatch.ExecuteAsync(IRelationalConnection connection, CancellationToken cancellationToken)
   --- End of inner exception stack trace ---
   at Microsoft.EntityFrameworkCore.Update.ReaderModificationCommandBatch.ExecuteAsync(IRelationalConnection connection, CancellationToken cancellationToken)
   at Microsoft.EntityFrameworkCore.Update.Internal.BatchExecutor.ExecuteAsync(IEnumerable`1 commandBatches, IRelationalConnection connection, CancellationToken cancellationToken)
   at Microsoft.EntityFrameworkCore.Update.Internal.BatchExecutor.ExecuteAsync(IEnumerable`1 commandBatches, IRelationalConnection connection, CancellationToken cancellationToken)
   at Microsoft.EntityFrameworkCore.Update.Internal.BatchExecutor.ExecuteAsync(IEnumerable`1 commandBatches, IRelationalConnection connection, CancellationToken cancellationToken)
   at Microsoft.EntityFrameworkCore.ChangeTracking.Internal.StateManager.SaveChangesAsync(IList`1 entriesToSave, CancellationToken cancellationToken)
   at Microsoft.EntityFrameworkCore.ChangeTracking.Internal.StateManager.SaveChangesAsync(StateManager stateManager, Boolean acceptAllChangesOnSuccess, CancellationToken cancellationToken)
   at Microsoft.EntityFrameworkCore.DbContext.SaveChangesAsync(Boolean acceptAllChangesOnSuccess, CancellationToken cancellationToken)
   at Microsoft.EntityFrameworkCore.DbContext.SaveChangesAsync(Boolean acceptAllChangesOnSuccess, CancellationToken cancellationToken)
   at AutoVeo.Infrastructure.Services.PromptService.GenerateConsistentSeriesAsync(Guid userId, GenerateConsistentSeriesRequest request) in /Users/macbook/Documents/Coding/AutoVeo/backend/src/AutoVeo.Infrastructure/Services/PromptService.cs:line 98
   at AutoVeo.Api.Controllers.PromptsController.GenerateSeries(GenerateConsistentSeriesRequest request) in /Users/macbook/Documents/Coding/AutoVeo/backend/src/AutoVeo.Api/Controllers/PromptsController.cs:line 38
   at lambda_method227(Closure, Object)
   at Microsoft.AspNetCore.Mvc.Infrastructure.ActionMethodExecutor.AwaitableObjectResultExecutor.Execute(ActionContext actionContext, IActionResultTypeMapper mapper, ObjectMethodExecutor executor, Object controller, Object[] arguments)
   at Microsoft.AspNetCore.Mvc.Infrastructure.ControllerActionInvoker.<InvokeActionMethodAsync>g__Awaited|12_0(ControllerActionInvoker invoker, ValueTask`1 actionResultValueTask)
   at Microsoft.AspNetCore.Mvc.Infrastructure.ControllerActionInvoker.<InvokeNextActionFilterAsync>g__Awaited|10_0(ControllerActionInvoker invoker, Task lastTask, State next, Scope scope, Object state, Boolean isCompleted)
   at Microsoft.AspNetCore.Mvc.Infrastructure.ControllerActionInvoker.Rethrow(ActionExecutedContextSealed context)
   at Microsoft.AspNetCore.Mvc.Infrastructure.ControllerActionInvoker.Next(State& next, Scope& scope, Object& state, Boolean& isCompleted)
   at Microsoft.AspNetCore.Mvc.Infrastructure.ControllerActionInvoker.<InvokeInnerFilterAsync>g__Awaited|13_0(ControllerActionInvoker invoker, Task lastTask, State next, Scope scope, Object state, Boolean isCompleted)
   at Microsoft.AspNetCore.Mvc.Infrastructure.ResourceInvoker.<InvokeFilterPipelineAsync>g__Awaited|20_0(ResourceInvoker invoker, Task lastTask, State next, Scope scope, Object state, Boolean isCompleted)
   at Microsoft.AspNetCore.Mvc.Infrastructure.ResourceInvoker.<InvokeAsync>g__Awaited|17_0(ResourceInvoker invoker, Task task, IDisposable scope)
   at Microsoft.AspNetCore.Mvc.Infrastructure.ResourceInvoker.<InvokeAsync>g__Awaited|17_0(ResourceInvoker invoker, Task task, IDisposable scope)
   at Microsoft.AspNetCore.Authorization.AuthorizationMiddleware.Invoke(HttpContext context)
   at Microsoft.AspNetCore.Authentication.AuthenticationMiddleware.Invoke(HttpContext context)
   at Microsoft.AspNetCore.RateLimiting.RateLimitingMiddleware.InvokeInternal(HttpContext context, EnableRateLimitingAttribute enableRateLimitingAttribute)
   at Swashbuckle.AspNetCore.SwaggerUI.SwaggerUIMiddleware.Invoke(HttpContext httpContext)
   at Swashbuckle.AspNetCore.Swagger.SwaggerMiddleware.Invoke(HttpContext httpContext, ISwaggerProvider swaggerProvider)
   at Serilog.AspNetCore.RequestLoggingMiddleware.Invoke(HttpContext httpContext)
   at AutoVeo.Shared.Middleware.ErrorHandlingMiddleware.InvokeAsync(HttpContext context) in /Users/macbook/Documents/Coding/AutoVeo/backend/src/AutoVeo.Shared/Middleware/ErrorHandlingMiddleware.cs:line 25
2026-03-13 17:15:07.483 +07:00 [ERR] Failed executing DbCommand (1ms) [Parameters=[], CommandType='"Text"', CommandTimeout='30']
SELECT "r"."Id", "r"."AspectRatio", "r"."CompletedAt", "r"."ExternalJobId", "r"."PromptId", "r"."Status", "r"."StyleOverride", "r"."SubmittedAt", "r"."UserId", "g"."Id", "g"."Character", "g"."CreatedAt", "g"."Duration", "g"."PlatformTarget", "g"."PromptStyleId", "g"."PromptText", "g"."SceneDetail", "g"."SeriesId", "g"."SourceTrendId", "g"."Theme", "g"."UserId"
FROM "RenderRequests" AS "r"
INNER JOIN "GeneratedPrompts" AS "g" ON "r"."PromptId" = "g"."Id"
WHERE "r"."Status" = 'Pending'
2026-03-13 17:15:07.485 +07:00 [ERR] An exception occurred while iterating over the results of a query for context type 'AutoVeo.Infrastructure.Data.AutoVeoDbContext'.
Microsoft.Data.Sqlite.SqliteException (0x80004005): SQLite Error 1: 'no such column: g.SeriesId'.
   at Microsoft.Data.Sqlite.SqliteCommand.PrepareAndEnumerateStatements()+MoveNext()
   at Microsoft.Data.Sqlite.SqliteCommand.GetStatements()+MoveNext()
   at Microsoft.Data.Sqlite.SqliteDataReader.NextResult()
   at Microsoft.Data.Sqlite.SqliteCommand.ExecuteReader(CommandBehavior behavior)
   at Microsoft.Data.Sqlite.SqliteCommand.ExecuteReaderAsync(CommandBehavior behavior, CancellationToken cancellationToken)
   at Microsoft.Data.Sqlite.SqliteCommand.ExecuteDbDataReaderAsync(CommandBehavior behavior, CancellationToken cancellationToken)
   at Microsoft.EntityFrameworkCore.Storage.RelationalCommand.ExecuteReaderAsync(RelationalCommandParameterObject parameterObject, CancellationToken cancellationToken)
   at Microsoft.EntityFrameworkCore.Storage.RelationalCommand.ExecuteReaderAsync(RelationalCommandParameterObject parameterObject, CancellationToken cancellationToken)
   at Microsoft.EntityFrameworkCore.Query.Internal.SingleQueryingEnumerable`1.AsyncEnumerator.InitializeReaderAsync(AsyncEnumerator enumerator, CancellationToken cancellationToken)
   at Microsoft.EntityFrameworkCore.Query.Internal.SingleQueryingEnumerable`1.AsyncEnumerator.MoveNextAsync()
Microsoft.Data.Sqlite.SqliteException (0x80004005): SQLite Error 1: 'no such column: g.SeriesId'.
   at Microsoft.Data.Sqlite.SqliteCommand.PrepareAndEnumerateStatements()+MoveNext()
   at Microsoft.Data.Sqlite.SqliteCommand.GetStatements()+MoveNext()
   at Microsoft.Data.Sqlite.SqliteDataReader.NextResult()
   at Microsoft.Data.Sqlite.SqliteCommand.ExecuteReader(CommandBehavior behavior)
   at Microsoft.Data.Sqlite.SqliteCommand.ExecuteReaderAsync(CommandBehavior behavior, CancellationToken cancellationToken)
   at Microsoft.Data.Sqlite.SqliteCommand.ExecuteDbDataReaderAsync(CommandBehavior behavior, CancellationToken cancellationToken)
   at Microsoft.EntityFrameworkCore.Storage.RelationalCommand.ExecuteReaderAsync(RelationalCommandParameterObject parameterObject, CancellationToken cancellationToken)
   at Microsoft.EntityFrameworkCore.Storage.RelationalCommand.ExecuteReaderAsync(RelationalCommandParameterObject parameterObject, CancellationToken cancellationToken)
   at Microsoft.EntityFrameworkCore.Query.Internal.SingleQueryingEnumerable`1.AsyncEnumerator.InitializeReaderAsync(AsyncEnumerator enumerator, CancellationToken cancellationToken)
   at Microsoft.EntityFrameworkCore.Query.Internal.SingleQueryingEnumerable`1.AsyncEnumerator.MoveNextAsync()
2026-03-13 17:15:07.487 +07:00 [ERR] Veo3GenerationWorker encountered an error
Microsoft.Data.Sqlite.SqliteException (0x80004005): SQLite Error 1: 'no such column: g.SeriesId'.
   at Microsoft.Data.Sqlite.SqliteCommand.PrepareAndEnumerateStatements()+MoveNext()
   at Microsoft.Data.Sqlite.SqliteCommand.GetStatements()+MoveNext()
   at Microsoft.Data.Sqlite.SqliteDataReader.NextResult()
   at Microsoft.Data.Sqlite.SqliteCommand.ExecuteReader(CommandBehavior behavior)
   at Microsoft.Data.Sqlite.SqliteCommand.ExecuteReaderAsync(CommandBehavior behavior, CancellationToken cancellationToken)
   at Microsoft.Data.Sqlite.SqliteCommand.ExecuteDbDataReaderAsync(CommandBehavior behavior, CancellationToken cancellationToken)
   at Microsoft.EntityFrameworkCore.Storage.RelationalCommand.ExecuteReaderAsync(RelationalCommandParameterObject parameterObject, CancellationToken cancellationToken)
   at Microsoft.EntityFrameworkCore.Storage.RelationalCommand.ExecuteReaderAsync(RelationalCommandParameterObject parameterObject, CancellationToken cancellationToken)
   at Microsoft.EntityFrameworkCore.Query.Internal.SingleQueryingEnumerable`1.AsyncEnumerator.InitializeReaderAsync(AsyncEnumerator enumerator, CancellationToken cancellationToken)
   at Microsoft.EntityFrameworkCore.Query.Internal.SingleQueryingEnumerable`1.AsyncEnumerator.MoveNextAsync()
   at Microsoft.EntityFrameworkCore.EntityFrameworkQueryableExtensions.ToListAsync[TSource](IQueryable`1 source, CancellationToken cancellationToken)
   at Microsoft.EntityFrameworkCore.EntityFrameworkQueryableExtensions.ToListAsync[TSource](IQueryable`1 source, CancellationToken cancellationToken)
   at AutoVeo.Infrastructure.BackgroundJobs.Veo3GenerationWorker.ProcessPendingRendersAsync(CancellationToken ct) in /Users/macbook/Documents/Coding/AutoVeo/backend/src/AutoVeo.Infrastructure/BackgroundJobs/Workers.cs:line 178
   at AutoVeo.Infrastructure.BackgroundJobs.Veo3GenerationWorker.ExecuteAsync(CancellationToken stoppingToken) in /Users/macbook/Documents/Coding/AutoVeo/backend/src/AutoVeo.Infrastructure/BackgroundJobs/Workers.cs:line 161
2026-03-13 17:15:11.241 +07:00 [INF] Collected 10 TikTok trends from Tikwm for region Vietnam
2026-03-13 17:15:11.255 +07:00 [INF] Saved 10 trends from TikTok (Vietnam)
2026-03-13 17:15:11.255 +07:00 [INF] Crawling Google Trends trends for region Global
2026-03-13 17:15:11.968 +07:00 [INF] Collected 10 Google Trends for region Global
2026-03-13 17:15:11.977 +07:00 [INF] Saved 10 trends from Google Trends (Global)
2026-03-13 17:15:11.977 +07:00 [INF] Crawling Google Trends trends for region United States
2026-03-13 17:15:12.194 +07:00 [ERR] Failed to collect Google Trends for region United States
System.Net.Http.HttpRequestException: Response status code does not indicate success: 400 (Bad Request).
   at System.Net.Http.HttpResponseMessage.EnsureSuccessStatusCode()
   at System.Net.Http.HttpClient.GetStringAsyncCore(HttpRequestMessage request, CancellationToken cancellationToken)
   at AutoVeo.Infrastructure.External.GoogleTrendsCollector.CollectAsync(String region, CancellationToken ct) in /Users/macbook/Documents/Coding/AutoVeo/backend/src/AutoVeo.Infrastructure/External/TrendCollectors.cs:line 256
2026-03-13 17:15:12.195 +07:00 [INF] Saved 0 trends from Google Trends (United States)
2026-03-13 17:15:12.195 +07:00 [INF] Crawling Google Trends trends for region Vietnam
2026-03-13 17:15:12.356 +07:00 [ERR] Failed to collect Google Trends for region Vietnam
System.Net.Http.HttpRequestException: Response status code does not indicate success: 400 (Bad Request).
   at System.Net.Http.HttpResponseMessage.EnsureSuccessStatusCode()
   at System.Net.Http.HttpClient.GetStringAsyncCore(HttpRequestMessage request, CancellationToken cancellationToken)
   at AutoVeo.Infrastructure.External.GoogleTrendsCollector.CollectAsync(String region, CancellationToken ct) in /Users/macbook/Documents/Coding/AutoVeo/backend/src/AutoVeo.Infrastructure/External/TrendCollectors.cs:line 256
2026-03-13 17:15:12.356 +07:00 [INF] Saved 0 trends from Google Trends (Vietnam)
2026-03-13 17:15:12.363 +07:00 [INF] TrendCrawlerWorker: Waiting 60 minutes for next crawl...
2026-03-13 17:15:17.493 +07:00 [ERR] Failed executing DbCommand (1ms) [Parameters=[], CommandType='"Text"', CommandTimeout='30']
SELECT "r"."Id", "r"."AspectRatio", "r"."CompletedAt", "r"."ExternalJobId", "r"."PromptId", "r"."Status", "r"."StyleOverride", "r"."SubmittedAt", "r"."UserId", "g"."Id", "g"."Character", "g"."CreatedAt", "g"."Duration", "g"."PlatformTarget", "g"."PromptStyleId", "g"."PromptText", "g"."SceneDetail", "g"."SeriesId", "g"."SourceTrendId", "g"."Theme", "g"."UserId"
FROM "RenderRequests" AS "r"
INNER JOIN "GeneratedPrompts" AS "g" ON "r"."PromptId" = "g"."Id"
WHERE "r"."Status" = 'Pending'
2026-03-13 17:15:17.495 +07:00 [ERR] An exception occurred while iterating over the results of a query for context type 'AutoVeo.Infrastructure.Data.AutoVeoDbContext'.
Microsoft.Data.Sqlite.SqliteException (0x80004005): SQLite Error 1: 'no such column: g.SeriesId'.
   at Microsoft.Data.Sqlite.SqliteCommand.PrepareAndEnumerateStatements()+MoveNext()
   at Microsoft.Data.Sqlite.SqliteCommand.GetStatements()+MoveNext()
   at Microsoft.Data.Sqlite.SqliteDataReader.NextResult()
   at Microsoft.Data.Sqlite.SqliteCommand.ExecuteReader(CommandBehavior behavior)
   at Microsoft.Data.Sqlite.SqliteCommand.ExecuteDbDataReaderAsync(CommandBehavior behavior, CancellationToken cancellationToken)
   at Microsoft.EntityFrameworkCore.Storage.RelationalCommand.ExecuteReaderAsync(RelationalCommandParameterObject parameterObject, CancellationToken cancellationToken)
   at Microsoft.EntityFrameworkCore.Storage.RelationalCommand.ExecuteReaderAsync(RelationalCommandParameterObject parameterObject, CancellationToken cancellationToken)
   at Microsoft.EntityFrameworkCore.Query.Internal.SingleQueryingEnumerable`1.AsyncEnumerator.InitializeReaderAsync(AsyncEnumerator enumerator, CancellationToken cancellationToken)
   at Microsoft.EntityFrameworkCore.Query.Internal.SingleQueryingEnumerable`1.AsyncEnumerator.MoveNextAsync()
Microsoft.Data.Sqlite.SqliteException (0x80004005): SQLite Error 1: 'no such column: g.SeriesId'.
   at Microsoft.Data.Sqlite.SqliteCommand.PrepareAndEnumerateStatements()+MoveNext()
   at Microsoft.Data.Sqlite.SqliteCommand.GetStatements()+MoveNext()
   at Microsoft.Data.Sqlite.SqliteDataReader.NextResult()
   at Microsoft.Data.Sqlite.SqliteCommand.ExecuteReader(CommandBehavior behavior)
   at Microsoft.Data.Sqlite.SqliteCommand.ExecuteDbDataReaderAsync(CommandBehavior behavior, CancellationToken cancellationToken)
   at Microsoft.EntityFrameworkCore.Storage.RelationalCommand.ExecuteReaderAsync(RelationalCommandParameterObject parameterObject, CancellationToken cancellationToken)
   at Microsoft.EntityFrameworkCore.Storage.RelationalCommand.ExecuteReaderAsync(RelationalCommandParameterObject parameterObject, CancellationToken cancellationToken)
   at Microsoft.EntityFrameworkCore.Query.Internal.SingleQueryingEnumerable`1.AsyncEnumerator.InitializeReaderAsync(AsyncEnumerator enumerator, CancellationToken cancellationToken)
   at Microsoft.EntityFrameworkCore.Query.Internal.SingleQueryingEnumerable`1.AsyncEnumerator.MoveNextAsync()
2026-03-13 17:15:17.497 +07:00 [ERR] Veo3GenerationWorker encountered an error
Microsoft.Data.Sqlite.SqliteException (0x80004005): SQLite Error 1: 'no such column: g.SeriesId'.
   at Microsoft.Data.Sqlite.SqliteCommand.PrepareAndEnumerateStatements()+MoveNext()
   at Microsoft.Data.Sqlite.SqliteCommand.GetStatements()+MoveNext()
   at Microsoft.Data.Sqlite.SqliteDataReader.NextResult()
   at Microsoft.Data.Sqlite.SqliteCommand.ExecuteReader(CommandBehavior behavior)
   at Microsoft.Data.Sqlite.SqliteCommand.ExecuteDbDataReaderAsync(CommandBehavior behavior, CancellationToken cancellationToken)
   at Microsoft.EntityFrameworkCore.Storage.RelationalCommand.ExecuteReaderAsync(RelationalCommandParameterObject parameterObject, CancellationToken cancellationToken)
   at Microsoft.EntityFrameworkCore.Storage.RelationalCommand.ExecuteReaderAsync(RelationalCommandParameterObject parameterObject, CancellationToken cancellationToken)
   at Microsoft.EntityFrameworkCore.Query.Internal.SingleQueryingEnumerable`1.AsyncEnumerator.InitializeReaderAsync(AsyncEnumerator enumerator, CancellationToken cancellationToken)
   at Microsoft.EntityFrameworkCore.Query.Internal.SingleQueryingEnumerable`1.AsyncEnumerator.MoveNextAsync()
   at Microsoft.EntityFrameworkCore.EntityFrameworkQueryableExtensions.ToListAsync[TSource](IQueryable`1 source, CancellationToken cancellationToken)
   at Microsoft.EntityFrameworkCore.EntityFrameworkQueryableExtensions.ToListAsync[TSource](IQueryable`1 source, CancellationToken cancellationToken)
   at AutoVeo.Infrastructure.BackgroundJobs.Veo3GenerationWorker.ProcessPendingRendersAsync(CancellationToken ct) in /Users/macbook/Documents/Coding/AutoVeo/backend/src/AutoVeo.Infrastructure/BackgroundJobs/Workers.cs:line 178
   at AutoVeo.Infrastructure.BackgroundJobs.Veo3GenerationWorker.ExecuteAsync(CancellationToken stoppingToken) in /Users/macbook/Documents/Coding/AutoVeo/backend/src/AutoVeo.Infrastructure/BackgroundJobs/Workers.cs:line 161
2026-03-13 17:15:31.619 +07:00 [INF] Application environment: Development
2026-03-13 17:15:32.202 +07:00 [INF] AutoVeo API started on 
2026-03-13 17:15:32.216 +07:00 [INF] TrendCrawlerWorker started
2026-03-13 17:15:32.218 +07:00 [INF] Veo3GenerationWorker started with max parallelism: 3
2026-03-13 17:15:37.218 +07:00 [INF] TrendCrawlerWorker: Starting scheduled crawl...
2026-03-13 17:15:37.285 +07:00 [INF] Crawling YouTube trends for region Global
2026-03-13 17:15:38.049 +07:00 [INF] Collected 20 YouTube trends for region Global
2026-03-13 17:15:38.141 +07:00 [INF] Saved 20 trends from YouTube (Global)
2026-03-13 17:15:38.141 +07:00 [INF] Crawling YouTube trends for region United States
2026-03-13 17:15:38.268 +07:00 [ERR] YouTube API error: "BadRequest" - {
  "error": {
    "code": 400,
    "message": "The \u003ccode\u003eregionCode\u003c/code\u003e parameter specifies an invalid region code.",
    "errors": [
      {
        "message": "The \u003ccode\u003eregionCode\u003c/code\u003e parameter specifies an invalid region code.",
        "domain": "youtube.parameter",
        "reason": "invalidRegionCode",
        "location": "regionCode",
        "locationType": "parameter"
      }
    ]
  }
}

2026-03-13 17:15:38.269 +07:00 [ERR] Failed to collect YouTube trends for region United States
System.Net.Http.HttpRequestException: Response status code does not indicate success: 400 (Bad Request).
   at System.Net.Http.HttpResponseMessage.EnsureSuccessStatusCode()
   at AutoVeo.Infrastructure.External.YouTubeTrendCollector.CollectAsync(String region, CancellationToken ct) in /Users/macbook/Documents/Coding/AutoVeo/backend/src/AutoVeo.Infrastructure/External/TrendCollectors.cs:line 44
2026-03-13 17:15:38.274 +07:00 [INF] Saved 0 trends from YouTube (United States)
2026-03-13 17:15:38.274 +07:00 [INF] Crawling YouTube trends for region Vietnam
2026-03-13 17:15:38.410 +07:00 [ERR] YouTube API error: "BadRequest" - {
  "error": {
    "code": 400,
    "message": "The \u003ccode\u003eregionCode\u003c/code\u003e parameter specifies an invalid region code.",
    "errors": [
      {
        "message": "The \u003ccode\u003eregionCode\u003c/code\u003e parameter specifies an invalid region code.",
        "domain": "youtube.parameter",
        "reason": "invalidRegionCode",
        "location": "regionCode",
        "locationType": "parameter"
      }
    ]
  }
}

2026-03-13 17:15:38.410 +07:00 [ERR] Failed to collect YouTube trends for region Vietnam
System.Net.Http.HttpRequestException: Response status code does not indicate success: 400 (Bad Request).
   at System.Net.Http.HttpResponseMessage.EnsureSuccessStatusCode()
   at AutoVeo.Infrastructure.External.YouTubeTrendCollector.CollectAsync(String region, CancellationToken ct) in /Users/macbook/Documents/Coding/AutoVeo/backend/src/AutoVeo.Infrastructure/External/TrendCollectors.cs:line 44
2026-03-13 17:15:38.411 +07:00 [INF] Saved 0 trends from YouTube (Vietnam)
2026-03-13 17:15:38.413 +07:00 [INF] Crawling TikTok trends for region Global
2026-03-13 17:15:40.424 +07:00 [INF] Fetching TikTok trends from Tikwm for region: Global
2026-03-13 17:15:41.257 +07:00 [INF] Collected 0 TikTok trends from Tikwm for region Global
2026-03-13 17:15:41.259 +07:00 [INF] Saved 0 trends from TikTok (Global)
2026-03-13 17:15:41.259 +07:00 [INF] Crawling TikTok trends for region United States
2026-03-13 17:15:43.260 +07:00 [INF] Fetching TikTok trends from Tikwm for region: United States
2026-03-13 17:15:48.530 +07:00 [INF] Collected 15 TikTok trends from Tikwm for region United States
2026-03-13 17:15:48.557 +07:00 [INF] Saved 15 trends from TikTok (United States)
2026-03-13 17:15:48.557 +07:00 [INF] Crawling TikTok trends for region Vietnam
2026-03-13 17:15:50.559 +07:00 [INF] Fetching TikTok trends from Tikwm for region: Vietnam
2026-03-13 17:15:56.156 +07:00 [INF] Collected 20 TikTok trends from Tikwm for region Vietnam
2026-03-13 17:15:56.162 +07:00 [INF] Saved 20 trends from TikTok (Vietnam)
2026-03-13 17:15:56.162 +07:00 [INF] Crawling Google Trends trends for region Global
2026-03-13 17:15:57.085 +07:00 [INF] Collected 10 Google Trends for region Global
2026-03-13 17:15:57.093 +07:00 [INF] Saved 10 trends from Google Trends (Global)
2026-03-13 17:15:57.093 +07:00 [INF] Crawling Google Trends trends for region United States
2026-03-13 17:15:57.330 +07:00 [ERR] Failed to collect Google Trends for region United States
System.Net.Http.HttpRequestException: Response status code does not indicate success: 400 (Bad Request).
   at System.Net.Http.HttpResponseMessage.EnsureSuccessStatusCode()
   at System.Net.Http.HttpClient.GetStringAsyncCore(HttpRequestMessage request, CancellationToken cancellationToken)
   at AutoVeo.Infrastructure.External.GoogleTrendsCollector.CollectAsync(String region, CancellationToken ct) in /Users/macbook/Documents/Coding/AutoVeo/backend/src/AutoVeo.Infrastructure/External/TrendCollectors.cs:line 256
2026-03-13 17:15:57.331 +07:00 [INF] Saved 0 trends from Google Trends (United States)
2026-03-13 17:15:57.331 +07:00 [INF] Crawling Google Trends trends for region Vietnam
2026-03-13 17:15:57.493 +07:00 [ERR] Failed to collect Google Trends for region Vietnam
System.Net.Http.HttpRequestException: Response status code does not indicate success: 400 (Bad Request).
   at System.Net.Http.HttpResponseMessage.EnsureSuccessStatusCode()
   at System.Net.Http.HttpClient.GetStringAsyncCore(HttpRequestMessage request, CancellationToken cancellationToken)
   at AutoVeo.Infrastructure.External.GoogleTrendsCollector.CollectAsync(String region, CancellationToken ct) in /Users/macbook/Documents/Coding/AutoVeo/backend/src/AutoVeo.Infrastructure/External/TrendCollectors.cs:line 256
2026-03-13 17:15:57.493 +07:00 [INF] Saved 0 trends from Google Trends (Vietnam)
2026-03-13 17:15:57.498 +07:00 [INF] TrendCrawlerWorker: Waiting 60 minutes for next crawl...
2026-03-13 17:16:09.595 +07:00 [INF] HTTP POST /api/prompts/generate-series responded 201 in 7016.3598 ms
2026-03-13 17:16:23.841 +07:00 [INF] HTTP POST /api/render responded 202 in 45.4610 ms
2026-03-13 17:16:23.854 +07:00 [INF] HTTP POST /api/render responded 202 in 4.0547 ms
2026-03-13 17:16:32.300 +07:00 [INF] Found 2 pending renders in 1 groups.
2026-03-13 17:16:32.341 +07:00 [INF] Processing group of 2 renders. First ID: "7c2665d7-1ebd-4d5a-9947-0cfacc5bccc8"
2026-03-13 17:18:36.825 +07:00 [INF] Group process completed. Exit code: 1
